#
# There is insufficient memory for the Java Runtime Environment to continue.
# Native memory allocation (mmap) failed to map 608174080 bytes. Error detail: G1 virtual space
# Possible reasons:
#   The system is out of physical RAM or swap space
#   This process is running with CompressedOops enabled, and the Java Heap may be blocking the growth of the native heap
# Possible solutions:
#   Reduce memory load on the system
#   Increase physical memory or swap space
#   Check if swap backing store is full
#   Decrease Java heap size (-Xmx/-Xms)
#   Decrease number of Java threads
#   Decrease Java thread stack sizes (-Xss)
#   Set larger code cache with -XX:ReservedCodeCacheSize=
#   JVM is running with Unscaled Compressed Oops mode in which the Java heap is
#     placed in the first 4GB address space. The Java Heap base address is the
#     maximum limit for the native heap growth. Please use -XX:HeapBaseMinAddress
#     to set the Java Heap base and to place the Java Heap above 4GB virtual address.
# This output file may be truncated or incomplete.
#
#  Out of Memory Error (os_windows.cpp:3815), pid=15072, tid=7668
#
# JRE version: OpenJDK Runtime Environment (21.0.3) (build 21.0.3+-12282718-b509.11)
# Java VM: OpenJDK 64-Bit Server VM (21.0.3+-12282718-b509.11, mixed mode, tiered, compressed oops, compressed class ptrs, g1 gc, windows-amd64)
# No core dump will be written. Minidumps are not enabled by default on client versions of Windows
#

---------------  S U M M A R Y ------------

Command Line: --add-opens=java.base/java.lang=ALL-UNNAMED --add-opens=java.base/java.lang.invoke=ALL-UNNAMED --add-opens=java.base/java.util=ALL-UNNAMED --add-opens=java.prefs/java.util.prefs=ALL-UNNAMED --add-exports=jdk.compiler/com.sun.tools.javac.api=ALL-UNNAMED --add-exports=jdk.compiler/com.sun.tools.javac.util=ALL-UNNAMED --add-opens=java.base/java.util=ALL-UNNAMED --add-opens=java.prefs/java.util.prefs=ALL-UNNAMED --add-opens=java.base/java.nio.charset=ALL-UNNAMED --add-opens=java.base/java.net=ALL-UNNAMED --add-opens=java.base/java.util.concurrent.atomic=ALL-UNNAMED --add-opens=java.xml/javax.xml.namespace=ALL-UNNAMED -Xmx2048m -Dfile.encoding=UTF-8 -Duser.country=IN -Duser.language=en -Duser.variant -javaagent:C:\Users\user\.gradle\wrapper\dists\gradle-8.11-bin\c4te04g51qsyw1bxcb929u7br\gradle-8.11\lib\agents\gradle-instrumentation-agent-8.11.jar org.gradle.launcher.daemon.bootstrap.GradleDaemon 8.11

Host: 11th Gen Intel(R) Core(TM) i5-1135G7 @ 2.40GHz, 8 cores, 3G,  Windows 10 , 64 bit Build 19041 (10.0.19041.5915)
Time: Fri Feb 20 13:52:47 2026 India Standard Time elapsed time: 287.938088 seconds (0d 0h 4m 47s)

---------------  T H R E A D  ---------------

Current thread (0x0000019eb7b40890):  VMThread "VM Thread"          [id=7668, stack(0x00000058c6100000,0x00000058c6200000) (1024K)]

Stack: [0x00000058c6100000,0x00000058c6200000]
Native frames: (J=compiled Java code, j=interpreted, Vv=VM code, C=native code)
V  [jvm.dll+0x6cafb9]
V  [jvm.dll+0x858523]
V  [jvm.dll+0x85aa7e]
V  [jvm.dll+0x85b163]
V  [jvm.dll+0x27d356]
V  [jvm.dll+0x6c7865]
V  [jvm.dll+0x6bbd3a]
V  [jvm.dll+0x35199b]
V  [jvm.dll+0x3595d6]
V  [jvm.dll+0x3aa826]
V  [jvm.dll+0x3aaaf8]
V  [jvm.dll+0x3240bc]
V  [jvm.dll+0x324147]
V  [jvm.dll+0x36a00c]
V  [jvm.dll+0x36879e]
V  [jvm.dll+0x3237c1]
V  [jvm.dll+0x367eb0]
V  [jvm.dll+0x860ac8]
V  [jvm.dll+0x861bc4]
V  [jvm.dll+0x862100]
V  [jvm.dll+0x862393]
V  [jvm.dll+0x800d78]
V  [jvm.dll+0x6c98cd]
C  [ucrtbase.dll+0x21bb2]
C  [KERNEL32.DLL+0x17374]
C  [ntdll.dll+0x4cc91]

VM_Operation (0x00000058cb5fa6e0): G1CollectForAllocation, mode: safepoint, requested by thread 0x0000019ecaf1bc70


---------------  P R O C E S S  ---------------

Threads class SMR info:
_java_thread_list=0x0000019ecb101490, length=80, elements={
0x0000019e9e233480, 0x0000019ebc034e40, 0x0000019ebc037b70, 0x0000019ebc03c4a0,
0x0000019ebc0398a0, 0x0000019ebc01d420, 0x0000019ebc01de80, 0x0000019ebc0213d0,
0x0000019ebc021e70, 0x0000019ebc0a1df0, 0x0000019ebc38b4c0, 0x0000019ebdf729a0,
0x0000019ebe07cd20, 0x0000019ebe2f5430, 0x0000019ebe196420, 0x0000019ebe196ab0,
0x0000019ebe197140, 0x0000019ebe1949e0, 0x0000019ebe72acf0, 0x0000019ebe72b380,
0x0000019ebe72dae0, 0x0000019ebe72ba10, 0x0000019ebe7308d0, 0x0000019ebe72d450,
0x0000019ebe730f60, 0x0000019ebe729fd0, 0x0000019ebe7315f0, 0x0000019ebe72c730,
0x0000019ebe72fbb0, 0x0000019ebe72c0a0, 0x0000019ebe72ee90, 0x0000019ebe72e800,
0x0000019ebe730240, 0x0000019ebe72f520, 0x0000019ebe72e170, 0x0000019ebe72a660,
0x0000019ebe72cdc0, 0x0000019ebe195070, 0x0000019ebe195700, 0x0000019ebe195d90,
0x0000019ebd27a690, 0x0000019ebd278c50, 0x0000019ebd27ad20, 0x0000019ebd27a000,
0x0000019ebd2792e0, 0x0000019ebd27c760, 0x0000019ebd27b3b0, 0x0000019ebd279970,
0x0000019ebd27d480, 0x0000019ebd27ba40, 0x0000019ebd27e1a0, 0x0000019ebd27e830,
0x0000019ebd27eec0, 0x0000019ebd27f550, 0x0000019ebd2785c0, 0x0000019ebd27fbe0,
0x0000019ebe867eb0, 0x0000019ebe865de0, 0x0000019eca13b210, 0x0000019ec2045440,
0x0000019ec20412a0, 0x0000019ec2044720, 0x0000019ec203f1d0, 0x0000019ec2045ad0,
0x0000019ec2042ce0, 0x0000019ec2041930, 0x0000019ec203f860, 0x0000019ec2046160,
0x0000019ec203fef0, 0x0000019ec2040580, 0x0000019ec2040c10, 0x0000019ec2041fc0,
0x0000019ecaf1a8c0, 0x0000019ecaf1d020, 0x0000019ecaf1d6b0, 0x0000019ecaf1b5e0,
0x0000019ecaf1e3d0, 0x0000019ecaf1bc70, 0x0000019ecaf1c300, 0x0000019ecaf1ea60
}

Java Threads: ( => current thread )
  0x0000019e9e233480 JavaThread "main"                              [_thread_blocked, id=9044, stack(0x00000058c5a00000,0x00000058c5b00000) (1024K)]
  0x0000019ebc034e40 JavaThread "Reference Handler"          daemon [_thread_blocked, id=9988, stack(0x00000058c6200000,0x00000058c6300000) (1024K)]
  0x0000019ebc037b70 JavaThread "Finalizer"                  daemon [_thread_blocked, id=14880, stack(0x00000058c6300000,0x00000058c6400000) (1024K)]
  0x0000019ebc03c4a0 JavaThread "Signal Dispatcher"          daemon [_thread_blocked, id=11944, stack(0x00000058c6400000,0x00000058c6500000) (1024K)]
  0x0000019ebc0398a0 JavaThread "Attach Listener"            daemon [_thread_blocked, id=8424, stack(0x00000058c6500000,0x00000058c6600000) (1024K)]
  0x0000019ebc01d420 JavaThread "Service Thread"             daemon [_thread_blocked, id=2072, stack(0x00000058c6600000,0x00000058c6700000) (1024K)]
  0x0000019ebc01de80 JavaThread "Monitor Deflation Thread"   daemon [_thread_blocked, id=8412, stack(0x00000058c6700000,0x00000058c6800000) (1024K)]
  0x0000019ebc0213d0 JavaThread "C2 CompilerThread0"         daemon [_thread_blocked, id=11828, stack(0x00000058c6800000,0x00000058c6900000) (1024K)]
  0x0000019ebc021e70 JavaThread "C1 CompilerThread0"         daemon [_thread_blocked, id=2608, stack(0x00000058c6900000,0x00000058c6a00000) (1024K)]
  0x0000019ebc0a1df0 JavaThread "Common-Cleaner"             daemon [_thread_blocked, id=14440, stack(0x00000058c6a00000,0x00000058c6b00000) (1024K)]
  0x0000019ebc38b4c0 JavaThread "Notification Thread"        daemon [_thread_blocked, id=11140, stack(0x00000058c6b00000,0x00000058c6c00000) (1024K)]
  0x0000019ebdf729a0 JavaThread "Daemon health stats"               [_thread_blocked, id=8612, stack(0x00000058c7000000,0x00000058c7100000) (1024K)]
  0x0000019ebe07cd20 JavaThread "Incoming local TCP Connector on port 53334"        [_thread_in_native, id=7684, stack(0x00000058c7400000,0x00000058c7500000) (1024K)]
  0x0000019ebe2f5430 JavaThread "Daemon periodic checks"            [_thread_blocked, id=7988, stack(0x00000058c7500000,0x00000058c7600000) (1024K)]
  0x0000019ebe196420 JavaThread "Cache worker for journal cache (C:\Users\user\.gradle\caches\journal-1)"        [_thread_blocked, id=9256, stack(0x00000058c7e00000,0x00000058c7f00000) (1024K)]
  0x0000019ebe196ab0 JavaThread "File lock request listener"        [_thread_in_native, id=6760, stack(0x00000058c7f00000,0x00000058c8000000) (1024K)]
  0x0000019ebe197140 JavaThread "Cache worker for file hash cache (C:\Users\user\.gradle\caches\8.11\fileHashes)"        [_thread_blocked, id=8196, stack(0x00000058c8000000,0x00000058c8100000) (1024K)]
  0x0000019ebe1949e0 JavaThread "Cache worker for file content cache (C:\Users\user\.gradle\caches\8.11\fileContent)"        [_thread_blocked, id=13836, stack(0x00000058c8100000,0x00000058c8200000) (1024K)]
  0x0000019ebe72acf0 JavaThread "File watcher server"        daemon [_thread_in_native, id=15308, stack(0x00000058c8400000,0x00000058c8500000) (1024K)]
  0x0000019ebe72b380 JavaThread "File watcher consumer"      daemon [_thread_blocked, id=11984, stack(0x00000058c8500000,0x00000058c8600000) (1024K)]
  0x0000019ebe72dae0 JavaThread "jar transforms"                    [_thread_blocked, id=14280, stack(0x00000058c8600000,0x00000058c8700000) (1024K)]
  0x0000019ebe72ba10 JavaThread "jar transforms Thread 2"           [_thread_blocked, id=10984, stack(0x00000058c8700000,0x00000058c8800000) (1024K)]
  0x0000019ebe7308d0 JavaThread "jar transforms Thread 3"           [_thread_blocked, id=7520, stack(0x00000058c8800000,0x00000058c8900000) (1024K)]
  0x0000019ebe72d450 JavaThread "jar transforms Thread 4"           [_thread_blocked, id=13340, stack(0x00000058c8900000,0x00000058c8a00000) (1024K)]
  0x0000019ebe730f60 JavaThread "jar transforms Thread 5"           [_thread_blocked, id=5940, stack(0x00000058c8a00000,0x00000058c8b00000) (1024K)]
  0x0000019ebe729fd0 JavaThread "jar transforms Thread 6"           [_thread_blocked, id=8144, stack(0x00000058c8b00000,0x00000058c8c00000) (1024K)]
  0x0000019ebe7315f0 JavaThread "jar transforms Thread 7"           [_thread_blocked, id=11568, stack(0x00000058c8c00000,0x00000058c8d00000) (1024K)]
  0x0000019ebe72c730 JavaThread "jar transforms Thread 8"           [_thread_blocked, id=2312, stack(0x00000058c8d00000,0x00000058c8e00000) (1024K)]
  0x0000019ebe72fbb0 JavaThread "Daemon Thread 2"                   [_thread_blocked, id=14492, stack(0x00000058c5700000,0x00000058c5800000) (1024K)]
  0x0000019ebe72c0a0 JavaThread "Handler for socket connection from /127.0.0.1:53334 to /127.0.0.1:53545"        [_thread_in_native, id=12300, stack(0x00000058c5800000,0x00000058c5900000) (1024K)]
  0x0000019ebe72ee90 JavaThread "Cancel handler"                    [_thread_blocked, id=14076, stack(0x00000058c5900000,0x00000058c5a00000) (1024K)]
  0x0000019ebe72e800 JavaThread "Daemon worker Thread 2"            [_thread_blocked, id=12848, stack(0x00000058c7600000,0x00000058c7700000) (1024K)]
  0x0000019ebe730240 JavaThread "Asynchronous log dispatcher for DefaultDaemonConnection: socket connection from /127.0.0.1:53334 to /127.0.0.1:53545"        [_thread_blocked, id=13928, stack(0x00000058c7700000,0x00000058c7800000) (1024K)]
  0x0000019ebe72f520 JavaThread "Stdin handler"                     [_thread_blocked, id=4568, stack(0x00000058c7800000,0x00000058c7900000) (1024K)]
  0x0000019ebe72e170 JavaThread "Daemon client event forwarder"        [_thread_blocked, id=5360, stack(0x00000058c7900000,0x00000058c7a00000) (1024K)]
  0x0000019ebe72a660 JavaThread "Cache worker for file hash cache (C:\Users\user\AndroidStudioProjects\ImageApp\.gradle\8.11\fileHashes)"        [_thread_blocked, id=8320, stack(0x00000058c7a00000,0x00000058c7b00000) (1024K)]
  0x0000019ebe72cdc0 JavaThread "Cache worker for Build Output Cleanup Cache (C:\Users\user\AndroidStudioProjects\ImageApp\.gradle\buildOutputCleanup)"        [_thread_blocked, id=14152, stack(0x00000058c7b00000,0x00000058c7c00000) (1024K)]
  0x0000019ebe195070 JavaThread "Cache worker for checksums cache (C:\Users\user\AndroidStudioProjects\ImageApp\.gradle\8.11\checksums)"        [_thread_blocked, id=2664, stack(0x00000058c7c00000,0x00000058c7d00000) (1024K)]
  0x0000019ebe195700 JavaThread "Cache worker for cache directory md-rule (C:\Users\user\.gradle\caches\8.11\md-rule)"        [_thread_blocked, id=10528, stack(0x00000058c8200000,0x00000058c8300000) (1024K)]
  0x0000019ebe195d90 JavaThread "Cache worker for cache directory md-supplier (C:\Users\user\.gradle\caches\8.11\md-supplier)"        [_thread_blocked, id=2612, stack(0x00000058c8300000,0x00000058c8400000) (1024K)]
  0x0000019ebd27a690 JavaThread "Unconstrained build operations"        [_thread_blocked, id=9952, stack(0x00000058c8f00000,0x00000058c9000000) (1024K)]
  0x0000019ebd278c50 JavaThread "Unconstrained build operations Thread 2"        [_thread_blocked, id=14680, stack(0x00000058c8e00000,0x00000058c8f00000) (1024K)]
  0x0000019ebd27ad20 JavaThread "Unconstrained build operations Thread 3"        [_thread_blocked, id=15972, stack(0x00000058c9000000,0x00000058c9100000) (1024K)]
  0x0000019ebd27a000 JavaThread "Unconstrained build operations Thread 4"        [_thread_blocked, id=15504, stack(0x00000058c9100000,0x00000058c9200000) (1024K)]
  0x0000019ebd2792e0 JavaThread "Unconstrained build operations Thread 5"        [_thread_blocked, id=15616, stack(0x00000058c9200000,0x00000058c9300000) (1024K)]
  0x0000019ebd27c760 JavaThread "Unconstrained build operations Thread 6"        [_thread_blocked, id=12844, stack(0x00000058c9300000,0x00000058c9400000) (1024K)]
  0x0000019ebd27b3b0 JavaThread "Unconstrained build operations Thread 7"        [_thread_blocked, id=4876, stack(0x00000058c9400000,0x00000058c9500000) (1024K)]
  0x0000019ebd279970 JavaThread "Unconstrained build operations Thread 8"        [_thread_blocked, id=7528, stack(0x00000058c9500000,0x00000058c9600000) (1024K)]
  0x0000019ebd27d480 JavaThread "Unconstrained build operations Thread 9"        [_thread_blocked, id=15612, stack(0x00000058c9600000,0x00000058c9700000) (1024K)]
  0x0000019ebd27ba40 JavaThread "Unconstrained build operations Thread 10"        [_thread_blocked, id=6140, stack(0x00000058c9700000,0x00000058c9800000) (1024K)]
  0x0000019ebd27e1a0 JavaThread "Unconstrained build operations Thread 11"        [_thread_blocked, id=13912, stack(0x00000058c9800000,0x00000058c9900000) (1024K)]
  0x0000019ebd27e830 JavaThread "Unconstrained build operations Thread 12"        [_thread_blocked, id=2392, stack(0x00000058c9900000,0x00000058c9a00000) (1024K)]
  0x0000019ebd27eec0 JavaThread "Unconstrained build operations Thread 13"        [_thread_blocked, id=5880, stack(0x00000058c9a00000,0x00000058c9b00000) (1024K)]
  0x0000019ebd27f550 JavaThread "Unconstrained build operations Thread 14"        [_thread_blocked, id=1552, stack(0x00000058c9b00000,0x00000058c9c00000) (1024K)]
  0x0000019ebd2785c0 JavaThread "Unconstrained build operations Thread 15"        [_thread_blocked, id=2592, stack(0x00000058c9c00000,0x00000058c9d00000) (1024K)]
  0x0000019ebd27fbe0 JavaThread "Unconstrained build operations Thread 16"        [_thread_blocked, id=6896, stack(0x00000058c9d00000,0x00000058c9e00000) (1024K)]
  0x0000019ebe867eb0 JavaThread "Unconstrained build operations Thread 17"        [_thread_blocked, id=9704, stack(0x00000058c9e00000,0x00000058c9f00000) (1024K)]
  0x0000019ebe865de0 JavaThread "Unconstrained build operations Thread 18"        [_thread_blocked, id=1164, stack(0x00000058c9f00000,0x00000058ca000000) (1024K)]
  0x0000019eca13b210 JavaThread "Kotlin DSL Writer"                 [_thread_blocked, id=11972, stack(0x00000058ca000000,0x00000058ca100000) (1024K)]
  0x0000019ec2045440 JavaThread "Unconstrained build operations Thread 19"        [_thread_blocked, id=8068, stack(0x00000058ca300000,0x00000058ca400000) (1024K)]
  0x0000019ec20412a0 JavaThread "Unconstrained build operations Thread 20"        [_thread_blocked, id=14192, stack(0x00000058ca400000,0x00000058ca500000) (1024K)]
  0x0000019ec2044720 JavaThread "Unconstrained build operations Thread 21"        [_thread_blocked, id=12208, stack(0x00000058ca500000,0x00000058ca600000) (1024K)]
  0x0000019ec203f1d0 JavaThread "Unconstrained build operations Thread 22"        [_thread_blocked, id=9892, stack(0x00000058ca600000,0x00000058ca700000) (1024K)]
  0x0000019ec2045ad0 JavaThread "Unconstrained build operations Thread 23"        [_thread_blocked, id=14324, stack(0x00000058ca700000,0x00000058ca800000) (1024K)]
  0x0000019ec2042ce0 JavaThread "Unconstrained build operations Thread 24"        [_thread_blocked, id=13484, stack(0x00000058ca800000,0x00000058ca900000) (1024K)]
  0x0000019ec2041930 JavaThread "Unconstrained build operations Thread 25"        [_thread_blocked, id=15232, stack(0x00000058ca900000,0x00000058caa00000) (1024K)]
  0x0000019ec203f860 JavaThread "Unconstrained build operations Thread 26"        [_thread_blocked, id=14248, stack(0x00000058caa00000,0x00000058cab00000) (1024K)]
  0x0000019ec2046160 JavaThread "Unconstrained build operations Thread 27"        [_thread_blocked, id=2332, stack(0x00000058cab00000,0x00000058cac00000) (1024K)]
  0x0000019ec203fef0 JavaThread "Unconstrained build operations Thread 28"        [_thread_blocked, id=15520, stack(0x00000058cac00000,0x00000058cad00000) (1024K)]
  0x0000019ec2040580 JavaThread "Unconstrained build operations Thread 29"        [_thread_blocked, id=10612, stack(0x00000058cad00000,0x00000058cae00000) (1024K)]
  0x0000019ec2040c10 JavaThread "Unconstrained build operations Thread 30"        [_thread_blocked, id=13492, stack(0x00000058cae00000,0x00000058caf00000) (1024K)]
  0x0000019ec2041fc0 JavaThread "Unconstrained build operations Thread 31"        [_thread_blocked, id=15644, stack(0x00000058caf00000,0x00000058cb000000) (1024K)]
  0x0000019ecaf1a8c0 JavaThread "Unconstrained build operations Thread 32"        [_thread_blocked, id=3736, stack(0x00000058cb000000,0x00000058cb100000) (1024K)]
  0x0000019ecaf1d020 JavaThread "Unconstrained build operations Thread 33"        [_thread_blocked, id=11424, stack(0x00000058cb100000,0x00000058cb200000) (1024K)]
  0x0000019ecaf1d6b0 JavaThread "Unconstrained build operations Thread 34"        [_thread_blocked, id=12028, stack(0x00000058cb200000,0x00000058cb300000) (1024K)]
  0x0000019ecaf1b5e0 JavaThread "Unconstrained build operations Thread 35"        [_thread_blocked, id=10064, stack(0x00000058cb300000,0x00000058cb400000) (1024K)]
  0x0000019ecaf1e3d0 JavaThread "Unconstrained build operations Thread 36"        [_thread_blocked, id=5768, stack(0x00000058cb400000,0x00000058cb500000) (1024K)]
  0x0000019ecaf1bc70 JavaThread "Unconstrained build operations Thread 37"        [_thread_blocked, id=15440, stack(0x00000058cb500000,0x00000058cb600000) (1024K)]
  0x0000019ecaf1c300 JavaThread "Unconstrained build operations Thread 38"        [_thread_blocked, id=15496, stack(0x00000058cb600000,0x00000058cb700000) (1024K)]
  0x0000019ecaf1ea60 JavaThread "Unconstrained build operations Thread 39"        [_thread_blocked, id=15500, stack(0x00000058cb700000,0x00000058cb800000) (1024K)]
Total: 80

Other Threads:
=>0x0000019eb7b40890 VMThread "VM Thread"                           [id=7668, stack(0x00000058c6100000,0x00000058c6200000) (1024K)]
  0x0000019eb7aae7c0 WatcherThread "VM Periodic Task Thread"        [id=8984, stack(0x00000058c6000000,0x00000058c6100000) (1024K)]
  0x0000019ea04c6560 WorkerThread "GC Thread#0"                     [id=14244, stack(0x00000058c5b00000,0x00000058c5c00000) (1024K)]
  0x0000019ebc59a550 WorkerThread "GC Thread#1"                     [id=11988, stack(0x00000058c6c00000,0x00000058c6d00000) (1024K)]
  0x0000019ebc7600e0 WorkerThread "GC Thread#2"                     [id=13504, stack(0x00000058c6d00000,0x00000058c6e00000) (1024K)]
  0x0000019ebd04b8e0 WorkerThread "GC Thread#3"                     [id=12220, stack(0x00000058c6e00000,0x00000058c6f00000) (1024K)]
  0x0000019ebd033530 WorkerThread "GC Thread#4"                     [id=13092, stack(0x00000058c6f00000,0x00000058c7000000) (1024K)]
  0x0000019ebdf75920 WorkerThread "GC Thread#5"                     [id=13904, stack(0x00000058c7100000,0x00000058c7200000) (1024K)]
  0x0000019ebdf76060 WorkerThread "GC Thread#6"                     [id=9936, stack(0x00000058c7200000,0x00000058c7300000) (1024K)]
  0x0000019ebdf75cc0 WorkerThread "GC Thread#7"                     [id=2660, stack(0x00000058c7300000,0x00000058c7400000) (1024K)]
  0x0000019ea04d8d70 ConcurrentGCThread "G1 Main Marker"            [id=1764, stack(0x00000058c5c00000,0x00000058c5d00000) (1024K)]
  0x0000019ea04da790 WorkerThread "G1 Conc#0"                       [id=15628, stack(0x00000058c5d00000,0x00000058c5e00000) (1024K)]
  0x0000019ebdf76400 WorkerThread "G1 Conc#1"                       [id=2772, stack(0x00000058c7d00000,0x00000058c7e00000) (1024K)]
  0x0000019ea053e3e0 ConcurrentGCThread "G1 Refine#0"               [id=6448, stack(0x00000058c5e00000,0x00000058c5f00000) (1024K)]
  0x0000019ec1665890 ConcurrentGCThread "G1 Refine#1"               [id=5804, stack(0x00000058cba00000,0x00000058cbb00000) (1024K)]
  0x0000019eb7981090 ConcurrentGCThread "G1 Service"                [id=1348, stack(0x00000058c5f00000,0x00000058c6000000) (1024K)]
Total: 16

Threads with active compile tasks:
C2 CompilerThread0   288178 18535       4       org.objectweb.asm.ClassReader::readCode (5117 bytes)
Total: 1

VM state: at safepoint (normal execution)

VM Mutex/Monitor currently owned by a thread:  ([mutex/lock_event])
[0x00007ffb026320c8] Threads_lock - owner thread: 0x0000019eb7b40890
[0x00007ffb026321c8] Heap_lock - owner thread: 0x0000019ecaf1bc70

Heap address: 0x0000000080000000, size: 2048 MB, Compressed Oops mode: 32-bit

CDS archive(s) not mapped
Compressed class space mapped at: 0x0000000100000000-0x0000000140000000, reserved size: 1073741824
Narrow klass base: 0x0000000000000000, Narrow klass shift: 3, Narrow klass range: 0x140000000

GC Precious Log:
 CardTable entry size: 512
 Card Set container configuration: InlinePtr #cards 5 size 8 Array Of Cards #cards 12 size 40 Howl #buckets 4 coarsen threshold 1843 Howl Bitmap #cards 512 size 80 coarsen threshold 460 Card regions per heap region 1 cards per card region 2048
 CPUs: 8 total, 8 available
 Memory: 3818M
 Large Page Support: Disabled
 NUMA Support: Disabled
 Compressed Oops: Enabled (32-bit)
 Heap Region Size: 1M
 Heap Min Capacity: 8M
 Heap Initial Capacity: 60M
 Heap Max Capacity: 2G
 Pre-touch: Disabled
 Parallel Workers: 8
 Concurrent Workers: 2
 Concurrent Refinement Workers: 8
 Periodic GC: Disabled

Heap:
 garbage-first heap   total 612352K, used 255325K [0x0000000080000000, 0x0000000100000000)
  region size 1024K, 4 young (4096K), 4 survivors (4096K)
 Metaspace       used 158376K, committed 160768K, reserved 1245184K
  class space    used 20126K, committed 21312K, reserved 1048576K

Heap Regions: E=young(eden), S=young(survivor), O=old, HS=humongous(starts), HC=humongous(continues), CS=collection set, F=free, TAMS=top-at-mark-start, PB=parsable bottom
|   0|0x0000000080000000, 0x0000000080100000, 0x0000000080100000|100%| O|  |TAMS 0x0000000080000000| PB 0x0000000080000000| Untracked 
|   1|0x0000000080100000, 0x0000000080200000, 0x0000000080200000|100%|HS|  |TAMS 0x0000000080100000| PB 0x0000000080100000| Complete 
|   2|0x0000000080200000, 0x0000000080300000, 0x0000000080300000|100%|HC|  |TAMS 0x0000000080200000| PB 0x0000000080200000| Complete 
|   3|0x0000000080300000, 0x0000000080400000, 0x0000000080400000|100%|HC|  |TAMS 0x0000000080300000| PB 0x0000000080300000| Complete 
|   4|0x0000000080400000, 0x0000000080500000, 0x0000000080500000|100%| O|  |TAMS 0x0000000080400000| PB 0x0000000080400000| Untracked 
|   5|0x0000000080500000, 0x0000000080600000, 0x0000000080600000|100%| O|  |TAMS 0x0000000080500000| PB 0x0000000080500000| Untracked 
|   6|0x0000000080600000, 0x0000000080700000, 0x0000000080700000|100%| O|  |TAMS 0x0000000080600000| PB 0x0000000080600000| Untracked 
|   7|0x0000000080700000, 0x0000000080800000, 0x0000000080800000|100%| O|  |TAMS 0x0000000080700000| PB 0x0000000080700000| Untracked 
|   8|0x0000000080800000, 0x0000000080900000, 0x0000000080900000|100%| O|  |TAMS 0x0000000080800000| PB 0x0000000080800000| Untracked 
|   9|0x0000000080900000, 0x0000000080a00000, 0x0000000080a00000|100%| O|  |TAMS 0x0000000080900000| PB 0x0000000080900000| Untracked 
|  10|0x0000000080a00000, 0x0000000080b00000, 0x0000000080b00000|100%| O|  |TAMS 0x0000000080a00000| PB 0x0000000080a00000| Untracked 
|  11|0x0000000080b00000, 0x0000000080c00000, 0x0000000080c00000|100%|HS|  |TAMS 0x0000000080b00000| PB 0x0000000080b00000| Complete 
|  12|0x0000000080c00000, 0x0000000080d00000, 0x0000000080d00000|100%| O|  |TAMS 0x0000000080c00000| PB 0x0000000080c00000| Untracked 
|  13|0x0000000080d00000, 0x0000000080e00000, 0x0000000080e00000|100%| O|  |TAMS 0x0000000080d00000| PB 0x0000000080d00000| Untracked 
|  14|0x0000000080e00000, 0x0000000080f00000, 0x0000000080f00000|100%| O|  |TAMS 0x0000000080e00000| PB 0x0000000080e00000| Untracked 
|  15|0x0000000080f00000, 0x0000000081000000, 0x0000000081000000|100%| O|  |TAMS 0x0000000080f00000| PB 0x0000000080f00000| Untracked 
|  16|0x0000000081000000, 0x0000000081100000, 0x0000000081100000|100%| O|  |TAMS 0x0000000081000000| PB 0x0000000081000000| Untracked 
|  17|0x0000000081100000, 0x0000000081200000, 0x0000000081200000|100%| O|  |TAMS 0x0000000081100000| PB 0x0000000081100000| Untracked 
|  18|0x0000000081200000, 0x0000000081300000, 0x0000000081300000|100%| O|  |TAMS 0x0000000081200000| PB 0x0000000081200000| Untracked 
|  19|0x0000000081300000, 0x0000000081400000, 0x0000000081400000|100%| O|  |TAMS 0x0000000081300000| PB 0x0000000081300000| Untracked 
|  20|0x0000000081400000, 0x0000000081500000, 0x0000000081500000|100%| O|  |TAMS 0x0000000081400000| PB 0x0000000081400000| Untracked 
|  21|0x0000000081500000, 0x0000000081600000, 0x0000000081600000|100%| O|  |TAMS 0x0000000081500000| PB 0x0000000081500000| Untracked 
|  22|0x0000000081600000, 0x0000000081700000, 0x0000000081700000|100%| O|  |TAMS 0x0000000081600000| PB 0x0000000081600000| Untracked 
|  23|0x0000000081700000, 0x0000000081800000, 0x0000000081800000|100%| O|  |TAMS 0x0000000081700000| PB 0x0000000081700000| Untracked 
|  24|0x0000000081800000, 0x0000000081900000, 0x0000000081900000|100%|HS|  |TAMS 0x0000000081800000| PB 0x0000000081800000| Complete 
|  25|0x0000000081900000, 0x0000000081a00000, 0x0000000081a00000|100%|HC|  |TAMS 0x0000000081900000| PB 0x0000000081900000| Complete 
|  26|0x0000000081a00000, 0x0000000081b00000, 0x0000000081b00000|100%|HC|  |TAMS 0x0000000081a00000| PB 0x0000000081a00000| Complete 
|  27|0x0000000081b00000, 0x0000000081c00000, 0x0000000081c00000|100%|HS|  |TAMS 0x0000000081b00000| PB 0x0000000081b00000| Complete 
|  28|0x0000000081c00000, 0x0000000081d00000, 0x0000000081d00000|100%|HC|  |TAMS 0x0000000081c00000| PB 0x0000000081c00000| Complete 
|  29|0x0000000081d00000, 0x0000000081e00000, 0x0000000081e00000|100%|HS|  |TAMS 0x0000000081d00000| PB 0x0000000081d00000| Complete 
|  30|0x0000000081e00000, 0x0000000081f00000, 0x0000000081f00000|100%| O|  |TAMS 0x0000000081e00000| PB 0x0000000081e00000| Untracked 
|  31|0x0000000081f00000, 0x0000000082000000, 0x0000000082000000|100%|HS|  |TAMS 0x0000000081f00000| PB 0x0000000081f00000| Complete 
|  32|0x0000000082000000, 0x0000000082100000, 0x0000000082100000|100%|HC|  |TAMS 0x0000000082000000| PB 0x0000000082000000| Complete 
|  33|0x0000000082100000, 0x0000000082200000, 0x0000000082200000|100%|HC|  |TAMS 0x0000000082100000| PB 0x0000000082100000| Complete 
|  34|0x0000000082200000, 0x0000000082300000, 0x0000000082300000|100%|HC|  |TAMS 0x0000000082200000| PB 0x0000000082200000| Complete 
|  35|0x0000000082300000, 0x0000000082400000, 0x0000000082400000|100%|HC|  |TAMS 0x0000000082300000| PB 0x0000000082300000| Complete 
|  36|0x0000000082400000, 0x0000000082500000, 0x0000000082500000|100%|HC|  |TAMS 0x0000000082400000| PB 0x0000000082400000| Complete 
|  37|0x0000000082500000, 0x0000000082600000, 0x0000000082600000|100%| O|  |TAMS 0x0000000082500000| PB 0x0000000082500000| Untracked 
|  38|0x0000000082600000, 0x0000000082700000, 0x0000000082700000|100%| O|  |TAMS 0x0000000082600000| PB 0x0000000082600000| Untracked 
|  39|0x0000000082700000, 0x0000000082800000, 0x0000000082800000|100%| O|  |TAMS 0x0000000082700000| PB 0x0000000082700000| Untracked 
|  40|0x0000000082800000, 0x0000000082900000, 0x0000000082900000|100%| O|  |TAMS 0x0000000082800000| PB 0x0000000082800000| Untracked 
|  41|0x0000000082900000, 0x0000000082a00000, 0x0000000082a00000|100%| O|  |TAMS 0x0000000082900000| PB 0x0000000082900000| Untracked 
|  42|0x0000000082a00000, 0x0000000082b00000, 0x0000000082b00000|100%| O|  |TAMS 0x0000000082a00000| PB 0x0000000082a00000| Untracked 
|  43|0x0000000082b00000, 0x0000000082c00000, 0x0000000082c00000|100%| O|  |TAMS 0x0000000082b00000| PB 0x0000000082b00000| Untracked 
|  44|0x0000000082c00000, 0x0000000082d00000, 0x0000000082d00000|100%| O|  |TAMS 0x0000000082c00000| PB 0x0000000082c00000| Untracked 
|  45|0x0000000082d00000, 0x0000000082e00000, 0x0000000082e00000|100%| O|  |TAMS 0x0000000082d00000| PB 0x0000000082d00000| Untracked 
|  46|0x0000000082e00000, 0x0000000082f00000, 0x0000000082f00000|100%| O|  |TAMS 0x0000000082e00000| PB 0x0000000082e00000| Untracked 
|  47|0x0000000082f00000, 0x0000000083000000, 0x0000000083000000|100%| O|  |TAMS 0x0000000082f00000| PB 0x0000000082f00000| Untracked 
|  48|0x0000000083000000, 0x0000000083100000, 0x0000000083100000|100%| O|  |TAMS 0x0000000083000000| PB 0x0000000083000000| Untracked 
|  49|0x0000000083100000, 0x0000000083200000, 0x0000000083200000|100%| O|  |TAMS 0x0000000083100000| PB 0x0000000083100000| Untracked 
|  50|0x0000000083200000, 0x0000000083300000, 0x0000000083300000|100%| O|  |TAMS 0x0000000083200000| PB 0x0000000083200000| Untracked 
|  51|0x0000000083300000, 0x0000000083400000, 0x0000000083400000|100%| O|  |TAMS 0x0000000083300000| PB 0x0000000083300000| Untracked 
|  52|0x0000000083400000, 0x0000000083500000, 0x0000000083500000|100%| O|  |TAMS 0x0000000083400000| PB 0x0000000083400000| Untracked 
|  53|0x0000000083500000, 0x0000000083600000, 0x0000000083600000|100%|HS|  |TAMS 0x0000000083500000| PB 0x0000000083500000| Complete 
|  54|0x0000000083600000, 0x0000000083700000, 0x0000000083700000|100%|HC|  |TAMS 0x0000000083600000| PB 0x0000000083600000| Complete 
|  55|0x0000000083700000, 0x0000000083800000, 0x0000000083800000|100%|HS|  |TAMS 0x0000000083700000| PB 0x0000000083700000| Complete 
|  56|0x0000000083800000, 0x0000000083900000, 0x0000000083900000|100%|HC|  |TAMS 0x0000000083800000| PB 0x0000000083800000| Complete 
|  57|0x0000000083900000, 0x0000000083a00000, 0x0000000083a00000|100%|HC|  |TAMS 0x0000000083900000| PB 0x0000000083900000| Complete 
|  58|0x0000000083a00000, 0x0000000083b00000, 0x0000000083b00000|100%|HC|  |TAMS 0x0000000083a00000| PB 0x0000000083a00000| Complete 
|  59|0x0000000083b00000, 0x0000000083c00000, 0x0000000083c00000|100%|HC|  |TAMS 0x0000000083b00000| PB 0x0000000083b00000| Complete 
|  60|0x0000000083c00000, 0x0000000083d00000, 0x0000000083d00000|100%|HC|  |TAMS 0x0000000083c00000| PB 0x0000000083c00000| Complete 
|  61|0x0000000083d00000, 0x0000000083e00000, 0x0000000083e00000|100%|HS|  |TAMS 0x0000000083d00000| PB 0x0000000083d00000| Complete 
|  62|0x0000000083e00000, 0x0000000083f00000, 0x0000000083f00000|100%|HC|  |TAMS 0x0000000083e00000| PB 0x0000000083e00000| Complete 
|  63|0x0000000083f00000, 0x0000000084000000, 0x0000000084000000|100%|HC|  |TAMS 0x0000000083f00000| PB 0x0000000083f00000| Complete 
|  64|0x0000000084000000, 0x0000000084100000, 0x0000000084100000|100%|HC|  |TAMS 0x0000000084000000| PB 0x0000000084000000| Complete 
|  65|0x0000000084100000, 0x0000000084200000, 0x0000000084200000|100%|HC|  |TAMS 0x0000000084100000| PB 0x0000000084100000| Complete 
|  66|0x0000000084200000, 0x0000000084300000, 0x0000000084300000|100%|HC|  |TAMS 0x0000000084200000| PB 0x0000000084200000| Complete 
|  67|0x0000000084300000, 0x0000000084400000, 0x0000000084400000|100%| O|  |TAMS 0x0000000084300000| PB 0x0000000084300000| Untracked 
|  68|0x0000000084400000, 0x0000000084500000, 0x0000000084500000|100%| O|  |TAMS 0x0000000084400000| PB 0x0000000084400000| Untracked 
|  69|0x0000000084500000, 0x0000000084600000, 0x0000000084600000|100%| O|  |TAMS 0x0000000084500000| PB 0x0000000084500000| Untracked 
|  70|0x0000000084600000, 0x0000000084700000, 0x0000000084700000|100%| O|  |TAMS 0x0000000084600000| PB 0x0000000084600000| Untracked 
|  71|0x0000000084700000, 0x0000000084800000, 0x0000000084800000|100%| O|  |TAMS 0x0000000084700000| PB 0x0000000084700000| Untracked 
|  72|0x0000000084800000, 0x0000000084900000, 0x0000000084900000|100%| O|  |TAMS 0x0000000084800000| PB 0x0000000084800000| Untracked 
|  73|0x0000000084900000, 0x0000000084a00000, 0x0000000084a00000|100%| O|  |TAMS 0x0000000084900000| PB 0x0000000084900000| Untracked 
|  74|0x0000000084a00000, 0x0000000084b00000, 0x0000000084b00000|100%|HS|  |TAMS 0x0000000084a00000| PB 0x0000000084a00000| Complete 
|  75|0x0000000084b00000, 0x0000000084c00000, 0x0000000084c00000|100%|HC|  |TAMS 0x0000000084b00000| PB 0x0000000084b00000| Complete 
|  76|0x0000000084c00000, 0x0000000084d00000, 0x0000000084d00000|100%|HC|  |TAMS 0x0000000084c00000| PB 0x0000000084c00000| Complete 
|  77|0x0000000084d00000, 0x0000000084e00000, 0x0000000084e00000|100%|HC|  |TAMS 0x0000000084d00000| PB 0x0000000084d00000| Complete 
|  78|0x0000000084e00000, 0x0000000084f00000, 0x0000000084f00000|100%|HC|  |TAMS 0x0000000084e00000| PB 0x0000000084e00000| Complete 
|  79|0x0000000084f00000, 0x0000000085000000, 0x0000000085000000|100%|HC|  |TAMS 0x0000000084f00000| PB 0x0000000084f00000| Complete 
|  80|0x0000000085000000, 0x0000000085100000, 0x0000000085100000|100%| O|  |TAMS 0x0000000085000000| PB 0x0000000085000000| Untracked 
|  81|0x0000000085100000, 0x0000000085200000, 0x0000000085200000|100%| O|  |TAMS 0x0000000085100000| PB 0x0000000085100000| Untracked 
|  82|0x0000000085200000, 0x0000000085300000, 0x0000000085300000|100%| O|  |TAMS 0x0000000085200000| PB 0x0000000085200000| Untracked 
|  83|0x0000000085300000, 0x0000000085400000, 0x0000000085400000|100%| O|  |TAMS 0x0000000085300000| PB 0x0000000085300000| Untracked 
|  84|0x0000000085400000, 0x0000000085500000, 0x0000000085500000|100%| O|  |TAMS 0x0000000085400000| PB 0x0000000085400000| Untracked 
|  85|0x0000000085500000, 0x0000000085600000, 0x0000000085600000|100%| O|  |TAMS 0x0000000085500000| PB 0x0000000085500000| Untracked 
|  86|0x0000000085600000, 0x0000000085700000, 0x0000000085700000|100%|HS|  |TAMS 0x0000000085600000| PB 0x0000000085600000| Complete 
|  87|0x0000000085700000, 0x0000000085800000, 0x0000000085800000|100%| O|  |TAMS 0x0000000085700000| PB 0x0000000085700000| Untracked 
|  88|0x0000000085800000, 0x0000000085900000, 0x0000000085900000|100%| O|  |TAMS 0x0000000085800000| PB 0x0000000085800000| Untracked 
|  89|0x0000000085900000, 0x0000000085a00000, 0x0000000085a00000|100%| O|  |TAMS 0x0000000085900000| PB 0x0000000085900000| Untracked 
|  90|0x0000000085a00000, 0x0000000085b00000, 0x0000000085b00000|100%| O|  |TAMS 0x0000000085a00000| PB 0x0000000085a00000| Untracked 
|  91|0x0000000085b00000, 0x0000000085c00000, 0x0000000085c00000|100%| O|  |TAMS 0x0000000085b00000| PB 0x0000000085b00000| Untracked 
|  92|0x0000000085c00000, 0x0000000085d00000, 0x0000000085d00000|100%| O|  |TAMS 0x0000000085c00000| PB 0x0000000085c00000| Untracked 
|  93|0x0000000085d00000, 0x0000000085e00000, 0x0000000085e00000|100%| O|  |TAMS 0x0000000085d00000| PB 0x0000000085d00000| Untracked 
|  94|0x0000000085e00000, 0x0000000085f00000, 0x0000000085f00000|100%| O|  |TAMS 0x0000000085e00000| PB 0x0000000085e00000| Untracked 
|  95|0x0000000085f00000, 0x0000000086000000, 0x0000000086000000|100%| O|  |TAMS 0x0000000085f00000| PB 0x0000000085f00000| Untracked 
|  96|0x0000000086000000, 0x0000000086100000, 0x0000000086100000|100%| O|  |TAMS 0x0000000086000000| PB 0x0000000086000000| Untracked 
|  97|0x0000000086100000, 0x0000000086200000, 0x0000000086200000|100%| O|  |TAMS 0x0000000086100000| PB 0x0000000086100000| Untracked 
|  98|0x0000000086200000, 0x0000000086300000, 0x0000000086300000|100%| O|  |TAMS 0x0000000086200000| PB 0x0000000086200000| Untracked 
|  99|0x0000000086300000, 0x0000000086400000, 0x0000000086400000|100%| O|  |TAMS 0x0000000086300000| PB 0x0000000086300000| Untracked 
| 100|0x0000000086400000, 0x0000000086500000, 0x0000000086500000|100%| O|  |TAMS 0x0000000086400000| PB 0x0000000086400000| Untracked 
| 101|0x0000000086500000, 0x0000000086600000, 0x0000000086600000|100%| O|  |TAMS 0x0000000086500000| PB 0x0000000086500000| Untracked 
| 102|0x0000000086600000, 0x0000000086700000, 0x0000000086700000|100%|HS|  |TAMS 0x0000000086600000| PB 0x0000000086600000| Complete 
| 103|0x0000000086700000, 0x0000000086800000, 0x0000000086800000|100%| O|  |TAMS 0x0000000086700000| PB 0x0000000086700000| Untracked 
| 104|0x0000000086800000, 0x0000000086900000, 0x0000000086900000|100%| O|  |TAMS 0x0000000086800000| PB 0x0000000086800000| Untracked 
| 105|0x0000000086900000, 0x0000000086900000, 0x0000000086a00000|  0%| F|  |TAMS 0x0000000086900000| PB 0x0000000086900000| Untracked 
| 106|0x0000000086a00000, 0x0000000086b00000, 0x0000000086b00000|100%| O|Cm|TAMS 0x0000000086a00000| PB 0x0000000086a00000| Complete 
| 107|0x0000000086b00000, 0x0000000086c00000, 0x0000000086c00000|100%|HS|  |TAMS 0x0000000086b00000| PB 0x0000000086b00000| Complete 
| 108|0x0000000086c00000, 0x0000000086d00000, 0x0000000086d00000|100%| O|  |TAMS 0x0000000086c00000| PB 0x0000000086c00000| Untracked 
| 109|0x0000000086d00000, 0x0000000086e00000, 0x0000000086e00000|100%| O|  |TAMS 0x0000000086d00000| PB 0x0000000086d00000| Untracked 
| 110|0x0000000086e00000, 0x0000000086f00000, 0x0000000086f00000|100%| O|  |TAMS 0x0000000086e00000| PB 0x0000000086e00000| Untracked 
| 111|0x0000000086f00000, 0x0000000087000000, 0x0000000087000000|100%| O|  |TAMS 0x0000000086f00000| PB 0x0000000086f00000| Untracked 
| 112|0x0000000087000000, 0x0000000087100000, 0x0000000087100000|100%| O|  |TAMS 0x0000000087000000| PB 0x0000000087000000| Untracked 
| 113|0x0000000087100000, 0x0000000087200000, 0x0000000087200000|100%| O|  |TAMS 0x0000000087100000| PB 0x0000000087100000| Untracked 
| 114|0x0000000087200000, 0x0000000087300000, 0x0000000087300000|100%| O|  |TAMS 0x0000000087200000| PB 0x0000000087200000| Untracked 
| 115|0x0000000087300000, 0x0000000087400000, 0x0000000087400000|100%| O|  |TAMS 0x0000000087300000| PB 0x0000000087300000| Untracked 
| 116|0x0000000087400000, 0x0000000087500000, 0x0000000087500000|100%| O|  |TAMS 0x0000000087400000| PB 0x0000000087400000| Untracked 
| 117|0x0000000087500000, 0x0000000087600000, 0x0000000087600000|100%|HS|  |TAMS 0x0000000087500000| PB 0x0000000087500000| Complete 
| 118|0x0000000087600000, 0x0000000087700000, 0x0000000087700000|100%| O|  |TAMS 0x0000000087600000| PB 0x0000000087600000| Untracked 
| 119|0x0000000087700000, 0x0000000087800000, 0x0000000087800000|100%| O|  |TAMS 0x0000000087700000| PB 0x0000000087700000| Untracked 
| 120|0x0000000087800000, 0x0000000087900000, 0x0000000087900000|100%| O|  |TAMS 0x0000000087800000| PB 0x0000000087800000| Untracked 
| 121|0x0000000087900000, 0x0000000087a00000, 0x0000000087a00000|100%| O|  |TAMS 0x0000000087900000| PB 0x0000000087900000| Untracked 
| 122|0x0000000087a00000, 0x0000000087b00000, 0x0000000087b00000|100%| O|  |TAMS 0x0000000087a00000| PB 0x0000000087a00000| Untracked 
| 123|0x0000000087b00000, 0x0000000087c00000, 0x0000000087c00000|100%| O|  |TAMS 0x0000000087b00000| PB 0x0000000087b00000| Untracked 
| 124|0x0000000087c00000, 0x0000000087d00000, 0x0000000087d00000|100%| O|  |TAMS 0x0000000087c00000| PB 0x0000000087c00000| Untracked 
| 125|0x0000000087d00000, 0x0000000087e00000, 0x0000000087e00000|100%| O|  |TAMS 0x0000000087d00000| PB 0x0000000087d00000| Untracked 
| 126|0x0000000087e00000, 0x0000000087f00000, 0x0000000087f00000|100%|HS|  |TAMS 0x0000000087e00000| PB 0x0000000087e00000| Complete 
| 127|0x0000000087f00000, 0x0000000088000000, 0x0000000088000000|100%|HS|  |TAMS 0x0000000087f00000| PB 0x0000000087f00000| Complete 
| 128|0x0000000088000000, 0x0000000088100000, 0x0000000088100000|100%|HS|  |TAMS 0x0000000088000000| PB 0x0000000088000000| Complete 
| 129|0x0000000088100000, 0x0000000088200000, 0x0000000088200000|100%| O|  |TAMS 0x0000000088100000| PB 0x0000000088100000| Untracked 
| 130|0x0000000088200000, 0x0000000088300000, 0x0000000088300000|100%| O|  |TAMS 0x0000000088200000| PB 0x0000000088200000| Untracked 
| 131|0x0000000088300000, 0x0000000088400000, 0x0000000088400000|100%| O|  |TAMS 0x0000000088300000| PB 0x0000000088300000| Untracked 
| 132|0x0000000088400000, 0x0000000088500000, 0x0000000088500000|100%| O|  |TAMS 0x0000000088400000| PB 0x0000000088400000| Untracked 
| 133|0x0000000088500000, 0x0000000088600000, 0x0000000088600000|100%| O|  |TAMS 0x0000000088500000| PB 0x0000000088500000| Untracked 
| 134|0x0000000088600000, 0x0000000088700000, 0x0000000088700000|100%|HS|  |TAMS 0x0000000088600000| PB 0x0000000088600000| Complete 
| 135|0x0000000088700000, 0x0000000088800000, 0x0000000088800000|100%|HS|  |TAMS 0x0000000088700000| PB 0x0000000088700000| Complete 
| 136|0x0000000088800000, 0x0000000088900000, 0x0000000088900000|100%| O|  |TAMS 0x0000000088800000| PB 0x0000000088800000| Untracked 
| 137|0x0000000088900000, 0x0000000088a00000, 0x0000000088a00000|100%| O|  |TAMS 0x0000000088900000| PB 0x0000000088900000| Untracked 
| 138|0x0000000088a00000, 0x0000000088b00000, 0x0000000088b00000|100%| O|  |TAMS 0x0000000088a00000| PB 0x0000000088a00000| Untracked 
| 139|0x0000000088b00000, 0x0000000088c00000, 0x0000000088c00000|100%| O|  |TAMS 0x0000000088b00000| PB 0x0000000088b00000| Untracked 
| 140|0x0000000088c00000, 0x0000000088d00000, 0x0000000088d00000|100%| O|  |TAMS 0x0000000088c00000| PB 0x0000000088c00000| Untracked 
| 141|0x0000000088d00000, 0x0000000088e00000, 0x0000000088e00000|100%| O|  |TAMS 0x0000000088d00000| PB 0x0000000088d00000| Untracked 
| 142|0x0000000088e00000, 0x0000000088f00000, 0x0000000088f00000|100%| O|  |TAMS 0x0000000088e00000| PB 0x0000000088e00000| Untracked 
| 143|0x0000000088f00000, 0x0000000089000000, 0x0000000089000000|100%| O|  |TAMS 0x0000000088f00000| PB 0x0000000088f00000| Untracked 
| 144|0x0000000089000000, 0x0000000089100000, 0x0000000089100000|100%| O|  |TAMS 0x0000000089000000| PB 0x0000000089000000| Untracked 
| 145|0x0000000089100000, 0x0000000089200000, 0x0000000089200000|100%| O|  |TAMS 0x0000000089100000| PB 0x0000000089100000| Untracked 
| 146|0x0000000089200000, 0x0000000089300000, 0x0000000089300000|100%| O|  |TAMS 0x0000000089200000| PB 0x0000000089200000| Untracked 
| 147|0x0000000089300000, 0x0000000089400000, 0x0000000089400000|100%| O|  |TAMS 0x0000000089300000| PB 0x0000000089300000| Untracked 
| 148|0x0000000089400000, 0x0000000089500000, 0x0000000089500000|100%| O|  |TAMS 0x0000000089400000| PB 0x0000000089400000| Untracked 
| 149|0x0000000089500000, 0x0000000089600000, 0x0000000089600000|100%| O|  |TAMS 0x0000000089500000| PB 0x0000000089500000| Untracked 
| 150|0x0000000089600000, 0x0000000089700000, 0x0000000089700000|100%| O|  |TAMS 0x0000000089600000| PB 0x0000000089600000| Untracked 
| 151|0x0000000089700000, 0x0000000089800000, 0x0000000089800000|100%| O|  |TAMS 0x0000000089700000| PB 0x0000000089700000| Untracked 
| 152|0x0000000089800000, 0x0000000089900000, 0x0000000089900000|100%| O|  |TAMS 0x0000000089800000| PB 0x0000000089800000| Untracked 
| 153|0x0000000089900000, 0x0000000089a00000, 0x0000000089a00000|100%| O|  |TAMS 0x0000000089900000| PB 0x0000000089900000| Untracked 
| 154|0x0000000089a00000, 0x0000000089b00000, 0x0000000089b00000|100%| O|  |TAMS 0x0000000089a00000| PB 0x0000000089a00000| Untracked 
| 155|0x0000000089b00000, 0x0000000089c00000, 0x0000000089c00000|100%| O|  |TAMS 0x0000000089b00000| PB 0x0000000089b00000| Untracked 
| 156|0x0000000089c00000, 0x0000000089d00000, 0x0000000089d00000|100%| O|  |TAMS 0x0000000089c00000| PB 0x0000000089c00000| Untracked 
| 157|0x0000000089d00000, 0x0000000089e00000, 0x0000000089e00000|100%| O|  |TAMS 0x0000000089d00000| PB 0x0000000089d00000| Untracked 
| 158|0x0000000089e00000, 0x0000000089f00000, 0x0000000089f00000|100%| O|  |TAMS 0x0000000089e00000| PB 0x0000000089e00000| Untracked 
| 159|0x0000000089f00000, 0x000000008a000000, 0x000000008a000000|100%| O|  |TAMS 0x0000000089f00000| PB 0x0000000089f00000| Untracked 
| 160|0x000000008a000000, 0x000000008a100000, 0x000000008a100000|100%| O|  |TAMS 0x000000008a000000| PB 0x000000008a000000| Untracked 
| 161|0x000000008a100000, 0x000000008a200000, 0x000000008a200000|100%| O|  |TAMS 0x000000008a100000| PB 0x000000008a100000| Untracked 
| 162|0x000000008a200000, 0x000000008a300000, 0x000000008a300000|100%| O|  |TAMS 0x000000008a200000| PB 0x000000008a200000| Untracked 
| 163|0x000000008a300000, 0x000000008a400000, 0x000000008a400000|100%| O|  |TAMS 0x000000008a300000| PB 0x000000008a300000| Untracked 
| 164|0x000000008a400000, 0x000000008a500000, 0x000000008a500000|100%| O|  |TAMS 0x000000008a400000| PB 0x000000008a400000| Untracked 
| 165|0x000000008a500000, 0x000000008a600000, 0x000000008a600000|100%| O|  |TAMS 0x000000008a500000| PB 0x000000008a500000| Untracked 
| 166|0x000000008a600000, 0x000000008a700000, 0x000000008a700000|100%| O|  |TAMS 0x000000008a600000| PB 0x000000008a600000| Untracked 
| 167|0x000000008a700000, 0x000000008a800000, 0x000000008a800000|100%| O|  |TAMS 0x000000008a700000| PB 0x000000008a700000| Untracked 
| 168|0x000000008a800000, 0x000000008a900000, 0x000000008a900000|100%| O|  |TAMS 0x000000008a800000| PB 0x000000008a800000| Untracked 
| 169|0x000000008a900000, 0x000000008aa00000, 0x000000008aa00000|100%| O|  |TAMS 0x000000008a900000| PB 0x000000008a900000| Untracked 
| 170|0x000000008aa00000, 0x000000008ab00000, 0x000000008ab00000|100%| O|  |TAMS 0x000000008aa00000| PB 0x000000008aa00000| Untracked 
| 171|0x000000008ab00000, 0x000000008ac00000, 0x000000008ac00000|100%| O|  |TAMS 0x000000008ab00000| PB 0x000000008ab00000| Untracked 
| 172|0x000000008ac00000, 0x000000008ad00000, 0x000000008ad00000|100%| O|  |TAMS 0x000000008ac00000| PB 0x000000008ac00000| Untracked 
| 173|0x000000008ad00000, 0x000000008ae00000, 0x000000008ae00000|100%| O|  |TAMS 0x000000008ad00000| PB 0x000000008ad00000| Untracked 
| 174|0x000000008ae00000, 0x000000008af00000, 0x000000008af00000|100%| O|  |TAMS 0x000000008ae00000| PB 0x000000008ae00000| Untracked 
| 175|0x000000008af00000, 0x000000008b000000, 0x000000008b000000|100%| O|  |TAMS 0x000000008af00000| PB 0x000000008af00000| Untracked 
| 176|0x000000008b000000, 0x000000008b100000, 0x000000008b100000|100%| O|  |TAMS 0x000000008b000000| PB 0x000000008b000000| Untracked 
| 177|0x000000008b100000, 0x000000008b200000, 0x000000008b200000|100%| O|  |TAMS 0x000000008b100000| PB 0x000000008b100000| Untracked 
| 178|0x000000008b200000, 0x000000008b300000, 0x000000008b300000|100%| O|  |TAMS 0x000000008b200000| PB 0x000000008b200000| Untracked 
| 179|0x000000008b300000, 0x000000008b400000, 0x000000008b400000|100%| O|  |TAMS 0x000000008b300000| PB 0x000000008b300000| Untracked 
| 180|0x000000008b400000, 0x000000008b500000, 0x000000008b500000|100%| O|  |TAMS 0x000000008b400000| PB 0x000000008b400000| Untracked 
| 181|0x000000008b500000, 0x000000008b600000, 0x000000008b600000|100%| O|  |TAMS 0x000000008b500000| PB 0x000000008b500000| Untracked 
| 182|0x000000008b600000, 0x000000008b700000, 0x000000008b700000|100%| O|  |TAMS 0x000000008b600000| PB 0x000000008b600000| Untracked 
| 183|0x000000008b700000, 0x000000008b800000, 0x000000008b800000|100%| O|  |TAMS 0x000000008b700000| PB 0x000000008b700000| Untracked 
| 184|0x000000008b800000, 0x000000008b900000, 0x000000008b900000|100%| O|  |TAMS 0x000000008b800000| PB 0x000000008b800000| Untracked 
| 185|0x000000008b900000, 0x000000008ba00000, 0x000000008ba00000|100%| O|  |TAMS 0x000000008b900000| PB 0x000000008b900000| Untracked 
| 186|0x000000008ba00000, 0x000000008bb00000, 0x000000008bb00000|100%| O|  |TAMS 0x000000008ba00000| PB 0x000000008ba00000| Untracked 
| 187|0x000000008bb00000, 0x000000008bc00000, 0x000000008bc00000|100%| O|  |TAMS 0x000000008bb00000| PB 0x000000008bb00000| Untracked 
| 188|0x000000008bc00000, 0x000000008bd00000, 0x000000008bd00000|100%| O|  |TAMS 0x000000008bc00000| PB 0x000000008bc00000| Untracked 
| 189|0x000000008bd00000, 0x000000008be00000, 0x000000008be00000|100%| O|  |TAMS 0x000000008bd00000| PB 0x000000008bd00000| Untracked 
| 190|0x000000008be00000, 0x000000008bf00000, 0x000000008bf00000|100%| O|  |TAMS 0x000000008be00000| PB 0x000000008be00000| Untracked 
| 191|0x000000008bf00000, 0x000000008c000000, 0x000000008c000000|100%| O|  |TAMS 0x000000008bf00000| PB 0x000000008bf00000| Untracked 
| 192|0x000000008c000000, 0x000000008c100000, 0x000000008c100000|100%| O|  |TAMS 0x000000008c000000| PB 0x000000008c000000| Untracked 
| 193|0x000000008c100000, 0x000000008c200000, 0x000000008c200000|100%| O|  |TAMS 0x000000008c100000| PB 0x000000008c100000| Untracked 
| 194|0x000000008c200000, 0x000000008c300000, 0x000000008c300000|100%| O|  |TAMS 0x000000008c200000| PB 0x000000008c200000| Untracked 
| 195|0x000000008c300000, 0x000000008c400000, 0x000000008c400000|100%| O|  |TAMS 0x000000008c300000| PB 0x000000008c300000| Untracked 
| 196|0x000000008c400000, 0x000000008c500000, 0x000000008c500000|100%| O|  |TAMS 0x000000008c400000| PB 0x000000008c400000| Untracked 
| 197|0x000000008c500000, 0x000000008c600000, 0x000000008c600000|100%| O|  |TAMS 0x000000008c500000| PB 0x000000008c500000| Untracked 
| 198|0x000000008c600000, 0x000000008c700000, 0x000000008c700000|100%| O|  |TAMS 0x000000008c600000| PB 0x000000008c600000| Untracked 
| 199|0x000000008c700000, 0x000000008c800000, 0x000000008c800000|100%| O|  |TAMS 0x000000008c700000| PB 0x000000008c700000| Untracked 
| 200|0x000000008c800000, 0x000000008c900000, 0x000000008c900000|100%| O|  |TAMS 0x000000008c800000| PB 0x000000008c800000| Untracked 
| 201|0x000000008c900000, 0x000000008ca00000, 0x000000008ca00000|100%| O|  |TAMS 0x000000008c900000| PB 0x000000008c900000| Untracked 
| 202|0x000000008ca00000, 0x000000008cb00000, 0x000000008cb00000|100%| O|  |TAMS 0x000000008ca00000| PB 0x000000008ca00000| Untracked 
| 203|0x000000008cb00000, 0x000000008cc00000, 0x000000008cc00000|100%| O|  |TAMS 0x000000008cb00000| PB 0x000000008cb00000| Untracked 
| 204|0x000000008cc00000, 0x000000008cd00000, 0x000000008cd00000|100%| O|  |TAMS 0x000000008cc00000| PB 0x000000008cc00000| Untracked 
| 205|0x000000008cd00000, 0x000000008ce00000, 0x000000008ce00000|100%| O|  |TAMS 0x000000008cd00000| PB 0x000000008cd00000| Untracked 
| 206|0x000000008ce00000, 0x000000008cf00000, 0x000000008cf00000|100%| O|  |TAMS 0x000000008ce00000| PB 0x000000008ce00000| Untracked 
| 207|0x000000008cf00000, 0x000000008d000000, 0x000000008d000000|100%| O|  |TAMS 0x000000008cf00000| PB 0x000000008cf00000| Untracked 
| 208|0x000000008d000000, 0x000000008d100000, 0x000000008d100000|100%| O|  |TAMS 0x000000008d000000| PB 0x000000008d000000| Untracked 
| 209|0x000000008d100000, 0x000000008d200000, 0x000000008d200000|100%| O|  |TAMS 0x000000008d100000| PB 0x000000008d100000| Untracked 
| 210|0x000000008d200000, 0x000000008d300000, 0x000000008d300000|100%| O|  |TAMS 0x000000008d200000| PB 0x000000008d200000| Untracked 
| 211|0x000000008d300000, 0x000000008d400000, 0x000000008d400000|100%| O|  |TAMS 0x000000008d300000| PB 0x000000008d300000| Untracked 
| 212|0x000000008d400000, 0x000000008d500000, 0x000000008d500000|100%| O|  |TAMS 0x000000008d400000| PB 0x000000008d400000| Untracked 
| 213|0x000000008d500000, 0x000000008d600000, 0x000000008d600000|100%| O|  |TAMS 0x000000008d500000| PB 0x000000008d500000| Untracked 
| 214|0x000000008d600000, 0x000000008d700000, 0x000000008d700000|100%| O|  |TAMS 0x000000008d600000| PB 0x000000008d600000| Untracked 
| 215|0x000000008d700000, 0x000000008d800000, 0x000000008d800000|100%| O|  |TAMS 0x000000008d700000| PB 0x000000008d700000| Untracked 
| 216|0x000000008d800000, 0x000000008d900000, 0x000000008d900000|100%| O|  |TAMS 0x000000008d800000| PB 0x000000008d800000| Untracked 
| 217|0x000000008d900000, 0x000000008da00000, 0x000000008da00000|100%| O|  |TAMS 0x000000008d900000| PB 0x000000008d900000| Untracked 
| 218|0x000000008da00000, 0x000000008db00000, 0x000000008db00000|100%| O|  |TAMS 0x000000008da00000| PB 0x000000008da00000| Untracked 
| 219|0x000000008db00000, 0x000000008dc00000, 0x000000008dc00000|100%| O|  |TAMS 0x000000008db00000| PB 0x000000008db00000| Untracked 
| 220|0x000000008dc00000, 0x000000008dd00000, 0x000000008dd00000|100%| O|  |TAMS 0x000000008dc00000| PB 0x000000008dc00000| Untracked 
| 221|0x000000008dd00000, 0x000000008de00000, 0x000000008de00000|100%| O|  |TAMS 0x000000008dd00000| PB 0x000000008dd00000| Untracked 
| 222|0x000000008de00000, 0x000000008df00000, 0x000000008df00000|100%| O|  |TAMS 0x000000008de00000| PB 0x000000008de00000| Untracked 
| 223|0x000000008df00000, 0x000000008e000000, 0x000000008e000000|100%| O|  |TAMS 0x000000008df00000| PB 0x000000008df00000| Untracked 
| 224|0x000000008e000000, 0x000000008e100000, 0x000000008e100000|100%| O|  |TAMS 0x000000008e000000| PB 0x000000008e000000| Untracked 
| 225|0x000000008e100000, 0x000000008e200000, 0x000000008e200000|100%|HS|  |TAMS 0x000000008e100000| PB 0x000000008e100000| Complete 
| 226|0x000000008e200000, 0x000000008e300000, 0x000000008e300000|100%| O|  |TAMS 0x000000008e200000| PB 0x000000008e200000| Untracked 
| 227|0x000000008e300000, 0x000000008e400000, 0x000000008e400000|100%| O|  |TAMS 0x000000008e300000| PB 0x000000008e300000| Untracked 
| 228|0x000000008e400000, 0x000000008e500000, 0x000000008e500000|100%| O|  |TAMS 0x000000008e400000| PB 0x000000008e400000| Untracked 
| 229|0x000000008e500000, 0x000000008e600000, 0x000000008e600000|100%| O|  |TAMS 0x000000008e500000| PB 0x000000008e500000| Untracked 
| 230|0x000000008e600000, 0x000000008e700000, 0x000000008e700000|100%| O|  |TAMS 0x000000008e600000| PB 0x000000008e600000| Untracked 
| 231|0x000000008e700000, 0x000000008e800000, 0x000000008e800000|100%| O|  |TAMS 0x000000008e700000| PB 0x000000008e700000| Untracked 
| 232|0x000000008e800000, 0x000000008e900000, 0x000000008e900000|100%| O|  |TAMS 0x000000008e800000| PB 0x000000008e800000| Untracked 
| 233|0x000000008e900000, 0x000000008ea00000, 0x000000008ea00000|100%| O|  |TAMS 0x000000008e900000| PB 0x000000008e900000| Untracked 
| 234|0x000000008ea00000, 0x000000008eb00000, 0x000000008eb00000|100%| O|  |TAMS 0x000000008ea00000| PB 0x000000008ea00000| Untracked 
| 235|0x000000008eb00000, 0x000000008ec00000, 0x000000008ec00000|100%| O|  |TAMS 0x000000008eb00000| PB 0x000000008eb00000| Untracked 
| 236|0x000000008ec00000, 0x000000008ed00000, 0x000000008ed00000|100%| O|  |TAMS 0x000000008ec00000| PB 0x000000008ec00000| Untracked 
| 237|0x000000008ed00000, 0x000000008ee00000, 0x000000008ee00000|100%| O|  |TAMS 0x000000008ed00000| PB 0x000000008ed00000| Untracked 
| 238|0x000000008ee00000, 0x000000008ef00000, 0x000000008ef00000|100%| O|  |TAMS 0x000000008ee00000| PB 0x000000008ee00000| Untracked 
| 239|0x000000008ef00000, 0x000000008f000000, 0x000000008f000000|100%| O|  |TAMS 0x000000008ef00000| PB 0x000000008ef00000| Untracked 
| 240|0x000000008f000000, 0x000000008f100000, 0x000000008f100000|100%| O|  |TAMS 0x000000008f000000| PB 0x000000008f000000| Untracked 
| 241|0x000000008f100000, 0x000000008f100000, 0x000000008f200000|  0%| F|  |TAMS 0x000000008f100000| PB 0x000000008f100000| Untracked 
| 242|0x000000008f200000, 0x000000008f200000, 0x000000008f300000|  0%| F|  |TAMS 0x000000008f200000| PB 0x000000008f200000| Untracked 
| 243|0x000000008f300000, 0x000000008f300000, 0x000000008f400000|  0%| F|  |TAMS 0x000000008f300000| PB 0x000000008f300000| Untracked 
| 244|0x000000008f400000, 0x000000008f400000, 0x000000008f500000|  0%| F|  |TAMS 0x000000008f400000| PB 0x000000008f400000| Untracked 
| 245|0x000000008f500000, 0x000000008f500000, 0x000000008f600000|  0%| F|  |TAMS 0x000000008f500000| PB 0x000000008f500000| Untracked 
| 246|0x000000008f600000, 0x000000008f600000, 0x000000008f700000|  0%| F|  |TAMS 0x000000008f600000| PB 0x000000008f600000| Untracked 
| 247|0x000000008f700000, 0x000000008f700000, 0x000000008f800000|  0%| F|  |TAMS 0x000000008f700000| PB 0x000000008f700000| Untracked 
| 248|0x000000008f800000, 0x000000008f800000, 0x000000008f900000|  0%| F|  |TAMS 0x000000008f800000| PB 0x000000008f800000| Untracked 
| 249|0x000000008f900000, 0x000000008f900000, 0x000000008fa00000|  0%| F|  |TAMS 0x000000008f900000| PB 0x000000008f900000| Untracked 
| 250|0x000000008fa00000, 0x000000008fa00000, 0x000000008fb00000|  0%| F|  |TAMS 0x000000008fa00000| PB 0x000000008fa00000| Untracked 
| 251|0x000000008fb00000, 0x000000008fb00000, 0x000000008fc00000|  0%| F|  |TAMS 0x000000008fb00000| PB 0x000000008fb00000| Untracked 
| 252|0x000000008fc00000, 0x000000008fc00000, 0x000000008fd00000|  0%| F|  |TAMS 0x000000008fc00000| PB 0x000000008fc00000| Untracked 
| 253|0x000000008fd00000, 0x000000008fd00000, 0x000000008fe00000|  0%| F|  |TAMS 0x000000008fd00000| PB 0x000000008fd00000| Untracked 
| 254|0x000000008fe00000, 0x000000008fe00000, 0x000000008ff00000|  0%| F|  |TAMS 0x000000008fe00000| PB 0x000000008fe00000| Untracked 
| 255|0x000000008ff00000, 0x000000008ff00000, 0x0000000090000000|  0%| F|  |TAMS 0x000000008ff00000| PB 0x000000008ff00000| Untracked 
| 256|0x0000000090000000, 0x0000000090000000, 0x0000000090100000|  0%| F|  |TAMS 0x0000000090000000| PB 0x0000000090000000| Untracked 
| 257|0x0000000090100000, 0x0000000090100000, 0x0000000090200000|  0%| F|  |TAMS 0x0000000090100000| PB 0x0000000090100000| Untracked 
| 258|0x0000000090200000, 0x0000000090200000, 0x0000000090300000|  0%| F|  |TAMS 0x0000000090200000| PB 0x0000000090200000| Untracked 
| 259|0x0000000090300000, 0x0000000090300000, 0x0000000090400000|  0%| F|  |TAMS 0x0000000090300000| PB 0x0000000090300000| Untracked 
| 260|0x0000000090400000, 0x0000000090400000, 0x0000000090500000|  0%| F|  |TAMS 0x0000000090400000| PB 0x0000000090400000| Untracked 
| 261|0x0000000090500000, 0x0000000090500000, 0x0000000090600000|  0%| F|  |TAMS 0x0000000090500000| PB 0x0000000090500000| Untracked 
| 262|0x0000000090600000, 0x0000000090600000, 0x0000000090700000|  0%| F|  |TAMS 0x0000000090600000| PB 0x0000000090600000| Untracked 
| 263|0x0000000090700000, 0x0000000090700000, 0x0000000090800000|  0%| F|  |TAMS 0x0000000090700000| PB 0x0000000090700000| Untracked 
| 264|0x0000000090800000, 0x0000000090800000, 0x0000000090900000|  0%| F|  |TAMS 0x0000000090800000| PB 0x0000000090800000| Untracked 
| 265|0x0000000090900000, 0x0000000090900000, 0x0000000090a00000|  0%| F|  |TAMS 0x0000000090900000| PB 0x0000000090900000| Untracked 
| 266|0x0000000090a00000, 0x0000000090a00000, 0x0000000090b00000|  0%| F|  |TAMS 0x0000000090a00000| PB 0x0000000090a00000| Untracked 
| 267|0x0000000090b00000, 0x0000000090b00000, 0x0000000090c00000|  0%| F|  |TAMS 0x0000000090b00000| PB 0x0000000090b00000| Untracked 
| 268|0x0000000090c00000, 0x0000000090c00000, 0x0000000090d00000|  0%| F|  |TAMS 0x0000000090c00000| PB 0x0000000090c00000| Untracked 
| 269|0x0000000090d00000, 0x0000000090d00000, 0x0000000090e00000|  0%| F|  |TAMS 0x0000000090d00000| PB 0x0000000090d00000| Untracked 
| 270|0x0000000090e00000, 0x0000000090e00000, 0x0000000090f00000|  0%| F|  |TAMS 0x0000000090e00000| PB 0x0000000090e00000| Untracked 
| 271|0x0000000090f00000, 0x0000000090f00000, 0x0000000091000000|  0%| F|  |TAMS 0x0000000090f00000| PB 0x0000000090f00000| Untracked 
| 272|0x0000000091000000, 0x0000000091000000, 0x0000000091100000|  0%| F|  |TAMS 0x0000000091000000| PB 0x0000000091000000| Untracked 
| 273|0x0000000091100000, 0x0000000091100000, 0x0000000091200000|  0%| F|  |TAMS 0x0000000091100000| PB 0x0000000091100000| Untracked 
| 274|0x0000000091200000, 0x0000000091200000, 0x0000000091300000|  0%| F|  |TAMS 0x0000000091200000| PB 0x0000000091200000| Untracked 
| 275|0x0000000091300000, 0x0000000091300000, 0x0000000091400000|  0%| F|  |TAMS 0x0000000091300000| PB 0x0000000091300000| Untracked 
| 276|0x0000000091400000, 0x0000000091400000, 0x0000000091500000|  0%| F|  |TAMS 0x0000000091400000| PB 0x0000000091400000| Untracked 
| 277|0x0000000091500000, 0x0000000091500000, 0x0000000091600000|  0%| F|  |TAMS 0x0000000091500000| PB 0x0000000091500000| Untracked 
| 278|0x0000000091600000, 0x0000000091600000, 0x0000000091700000|  0%| F|  |TAMS 0x0000000091600000| PB 0x0000000091600000| Untracked 
| 279|0x0000000091700000, 0x0000000091700000, 0x0000000091800000|  0%| F|  |TAMS 0x0000000091700000| PB 0x0000000091700000| Untracked 
| 280|0x0000000091800000, 0x0000000091800000, 0x0000000091900000|  0%| F|  |TAMS 0x0000000091800000| PB 0x0000000091800000| Untracked 
| 281|0x0000000091900000, 0x0000000091900000, 0x0000000091a00000|  0%| F|  |TAMS 0x0000000091900000| PB 0x0000000091900000| Untracked 
| 282|0x0000000091a00000, 0x0000000091a00000, 0x0000000091b00000|  0%| F|  |TAMS 0x0000000091a00000| PB 0x0000000091a00000| Untracked 
| 283|0x0000000091b00000, 0x0000000091b00000, 0x0000000091c00000|  0%| F|  |TAMS 0x0000000091b00000| PB 0x0000000091b00000| Untracked 
| 284|0x0000000091c00000, 0x0000000091c00000, 0x0000000091d00000|  0%| F|  |TAMS 0x0000000091c00000| PB 0x0000000091c00000| Untracked 
| 285|0x0000000091d00000, 0x0000000091d00000, 0x0000000091e00000|  0%| F|  |TAMS 0x0000000091d00000| PB 0x0000000091d00000| Untracked 
| 286|0x0000000091e00000, 0x0000000091e00000, 0x0000000091f00000|  0%| F|  |TAMS 0x0000000091e00000| PB 0x0000000091e00000| Untracked 
| 287|0x0000000091f00000, 0x0000000091f00000, 0x0000000092000000|  0%| F|  |TAMS 0x0000000091f00000| PB 0x0000000091f00000| Untracked 
| 288|0x0000000092000000, 0x0000000092000000, 0x0000000092100000|  0%| F|  |TAMS 0x0000000092000000| PB 0x0000000092000000| Untracked 
| 289|0x0000000092100000, 0x0000000092100000, 0x0000000092200000|  0%| F|  |TAMS 0x0000000092100000| PB 0x0000000092100000| Untracked 
| 290|0x0000000092200000, 0x0000000092200000, 0x0000000092300000|  0%| F|  |TAMS 0x0000000092200000| PB 0x0000000092200000| Untracked 
| 291|0x0000000092300000, 0x0000000092300000, 0x0000000092400000|  0%| F|  |TAMS 0x0000000092300000| PB 0x0000000092300000| Untracked 
| 292|0x0000000092400000, 0x0000000092400000, 0x0000000092500000|  0%| F|  |TAMS 0x0000000092400000| PB 0x0000000092400000| Untracked 
| 293|0x0000000092500000, 0x0000000092500000, 0x0000000092600000|  0%| F|  |TAMS 0x0000000092500000| PB 0x0000000092500000| Untracked 
| 294|0x0000000092600000, 0x0000000092600000, 0x0000000092700000|  0%| F|  |TAMS 0x0000000092600000| PB 0x0000000092600000| Untracked 
| 295|0x0000000092700000, 0x0000000092700000, 0x0000000092800000|  0%| F|  |TAMS 0x0000000092700000| PB 0x0000000092700000| Untracked 
| 296|0x0000000092800000, 0x0000000092800000, 0x0000000092900000|  0%| F|  |TAMS 0x0000000092800000| PB 0x0000000092800000| Untracked 
| 297|0x0000000092900000, 0x0000000092900000, 0x0000000092a00000|  0%| F|  |TAMS 0x0000000092900000| PB 0x0000000092900000| Untracked 
| 298|0x0000000092a00000, 0x0000000092a00000, 0x0000000092b00000|  0%| F|  |TAMS 0x0000000092a00000| PB 0x0000000092a00000| Untracked 
| 299|0x0000000092b00000, 0x0000000092b00000, 0x0000000092c00000|  0%| F|  |TAMS 0x0000000092b00000| PB 0x0000000092b00000| Untracked 
| 300|0x0000000092c00000, 0x0000000092c00000, 0x0000000092d00000|  0%| F|  |TAMS 0x0000000092c00000| PB 0x0000000092c00000| Untracked 
| 301|0x0000000092d00000, 0x0000000092d00000, 0x0000000092e00000|  0%| F|  |TAMS 0x0000000092d00000| PB 0x0000000092d00000| Untracked 
| 302|0x0000000092e00000, 0x0000000092e00000, 0x0000000092f00000|  0%| F|  |TAMS 0x0000000092e00000| PB 0x0000000092e00000| Untracked 
| 303|0x0000000092f00000, 0x0000000092f00000, 0x0000000093000000|  0%| F|  |TAMS 0x0000000092f00000| PB 0x0000000092f00000| Untracked 
| 304|0x0000000093000000, 0x0000000093000000, 0x0000000093100000|  0%| F|  |TAMS 0x0000000093000000| PB 0x0000000093000000| Untracked 
| 305|0x0000000093100000, 0x0000000093100000, 0x0000000093200000|  0%| F|  |TAMS 0x0000000093100000| PB 0x0000000093100000| Untracked 
| 306|0x0000000093200000, 0x0000000093200000, 0x0000000093300000|  0%| F|  |TAMS 0x0000000093200000| PB 0x0000000093200000| Untracked 
| 307|0x0000000093300000, 0x0000000093300000, 0x0000000093400000|  0%| F|  |TAMS 0x0000000093300000| PB 0x0000000093300000| Untracked 
| 308|0x0000000093400000, 0x0000000093400000, 0x0000000093500000|  0%| F|  |TAMS 0x0000000093400000| PB 0x0000000093400000| Untracked 
| 309|0x0000000093500000, 0x0000000093500000, 0x0000000093600000|  0%| F|  |TAMS 0x0000000093500000| PB 0x0000000093500000| Untracked 
| 310|0x0000000093600000, 0x0000000093600000, 0x0000000093700000|  0%| F|  |TAMS 0x0000000093600000| PB 0x0000000093600000| Untracked 
| 311|0x0000000093700000, 0x0000000093700000, 0x0000000093800000|  0%| F|  |TAMS 0x0000000093700000| PB 0x0000000093700000| Untracked 
| 312|0x0000000093800000, 0x0000000093800000, 0x0000000093900000|  0%| F|  |TAMS 0x0000000093800000| PB 0x0000000093800000| Untracked 
| 313|0x0000000093900000, 0x0000000093900000, 0x0000000093a00000|  0%| F|  |TAMS 0x0000000093900000| PB 0x0000000093900000| Untracked 
| 314|0x0000000093a00000, 0x0000000093a00000, 0x0000000093b00000|  0%| F|  |TAMS 0x0000000093a00000| PB 0x0000000093a00000| Untracked 
| 315|0x0000000093b00000, 0x0000000093b00000, 0x0000000093c00000|  0%| F|  |TAMS 0x0000000093b00000| PB 0x0000000093b00000| Untracked 
| 316|0x0000000093c00000, 0x0000000093c00000, 0x0000000093d00000|  0%| F|  |TAMS 0x0000000093c00000| PB 0x0000000093c00000| Untracked 
| 317|0x0000000093d00000, 0x0000000093d00000, 0x0000000093e00000|  0%| F|  |TAMS 0x0000000093d00000| PB 0x0000000093d00000| Untracked 
| 318|0x0000000093e00000, 0x0000000093e00000, 0x0000000093f00000|  0%| F|  |TAMS 0x0000000093e00000| PB 0x0000000093e00000| Untracked 
| 319|0x0000000093f00000, 0x0000000093f00000, 0x0000000094000000|  0%| F|  |TAMS 0x0000000093f00000| PB 0x0000000093f00000| Untracked 
| 320|0x0000000094000000, 0x0000000094000000, 0x0000000094100000|  0%| F|  |TAMS 0x0000000094000000| PB 0x0000000094000000| Untracked 
| 321|0x0000000094100000, 0x0000000094100000, 0x0000000094200000|  0%| F|  |TAMS 0x0000000094100000| PB 0x0000000094100000| Untracked 
| 322|0x0000000094200000, 0x0000000094200000, 0x0000000094300000|  0%| F|  |TAMS 0x0000000094200000| PB 0x0000000094200000| Untracked 
| 323|0x0000000094300000, 0x0000000094300000, 0x0000000094400000|  0%| F|  |TAMS 0x0000000094300000| PB 0x0000000094300000| Untracked 
| 324|0x0000000094400000, 0x0000000094400000, 0x0000000094500000|  0%| F|  |TAMS 0x0000000094400000| PB 0x0000000094400000| Untracked 
| 325|0x0000000094500000, 0x0000000094500000, 0x0000000094600000|  0%| F|  |TAMS 0x0000000094500000| PB 0x0000000094500000| Untracked 
| 326|0x0000000094600000, 0x0000000094600000, 0x0000000094700000|  0%| F|  |TAMS 0x0000000094600000| PB 0x0000000094600000| Untracked 
| 327|0x0000000094700000, 0x0000000094700000, 0x0000000094800000|  0%| F|  |TAMS 0x0000000094700000| PB 0x0000000094700000| Untracked 
| 328|0x0000000094800000, 0x0000000094800000, 0x0000000094900000|  0%| F|  |TAMS 0x0000000094800000| PB 0x0000000094800000| Untracked 
| 329|0x0000000094900000, 0x0000000094900000, 0x0000000094a00000|  0%| F|  |TAMS 0x0000000094900000| PB 0x0000000094900000| Untracked 
| 330|0x0000000094a00000, 0x0000000094a00000, 0x0000000094b00000|  0%| F|  |TAMS 0x0000000094a00000| PB 0x0000000094a00000| Untracked 
| 331|0x0000000094b00000, 0x0000000094b00000, 0x0000000094c00000|  0%| F|  |TAMS 0x0000000094b00000| PB 0x0000000094b00000| Untracked 
| 332|0x0000000094c00000, 0x0000000094c00000, 0x0000000094d00000|  0%| F|  |TAMS 0x0000000094c00000| PB 0x0000000094c00000| Untracked 
| 333|0x0000000094d00000, 0x0000000094d00000, 0x0000000094e00000|  0%| F|  |TAMS 0x0000000094d00000| PB 0x0000000094d00000| Untracked 
| 334|0x0000000094e00000, 0x0000000094e00000, 0x0000000094f00000|  0%| F|  |TAMS 0x0000000094e00000| PB 0x0000000094e00000| Untracked 
| 335|0x0000000094f00000, 0x0000000094f00000, 0x0000000095000000|  0%| F|  |TAMS 0x0000000094f00000| PB 0x0000000094f00000| Untracked 
| 336|0x0000000095000000, 0x0000000095000000, 0x0000000095100000|  0%| F|  |TAMS 0x0000000095000000| PB 0x0000000095000000| Untracked 
| 337|0x0000000095100000, 0x0000000095100000, 0x0000000095200000|  0%| F|  |TAMS 0x0000000095100000| PB 0x0000000095100000| Untracked 
| 338|0x0000000095200000, 0x0000000095200000, 0x0000000095300000|  0%| F|  |TAMS 0x0000000095200000| PB 0x0000000095200000| Untracked 
| 339|0x0000000095300000, 0x0000000095300000, 0x0000000095400000|  0%| F|  |TAMS 0x0000000095300000| PB 0x0000000095300000| Untracked 
| 340|0x0000000095400000, 0x0000000095400000, 0x0000000095500000|  0%| F|  |TAMS 0x0000000095400000| PB 0x0000000095400000| Untracked 
| 341|0x0000000095500000, 0x0000000095500000, 0x0000000095600000|  0%| F|  |TAMS 0x0000000095500000| PB 0x0000000095500000| Untracked 
| 342|0x0000000095600000, 0x0000000095600000, 0x0000000095700000|  0%| F|  |TAMS 0x0000000095600000| PB 0x0000000095600000| Untracked 
| 343|0x0000000095700000, 0x0000000095700000, 0x0000000095800000|  0%| F|  |TAMS 0x0000000095700000| PB 0x0000000095700000| Untracked 
| 344|0x0000000095800000, 0x0000000095800000, 0x0000000095900000|  0%| F|  |TAMS 0x0000000095800000| PB 0x0000000095800000| Untracked 
| 345|0x0000000095900000, 0x0000000095900000, 0x0000000095a00000|  0%| F|  |TAMS 0x0000000095900000| PB 0x0000000095900000| Untracked 
| 346|0x0000000095a00000, 0x0000000095a00000, 0x0000000095b00000|  0%| F|  |TAMS 0x0000000095a00000| PB 0x0000000095a00000| Untracked 
| 347|0x0000000095b00000, 0x0000000095b00000, 0x0000000095c00000|  0%| F|  |TAMS 0x0000000095b00000| PB 0x0000000095b00000| Untracked 
| 348|0x0000000095c00000, 0x0000000095c00000, 0x0000000095d00000|  0%| F|  |TAMS 0x0000000095c00000| PB 0x0000000095c00000| Untracked 
| 349|0x0000000095d00000, 0x0000000095d00000, 0x0000000095e00000|  0%| F|  |TAMS 0x0000000095d00000| PB 0x0000000095d00000| Untracked 
| 350|0x0000000095e00000, 0x0000000095e00000, 0x0000000095f00000|  0%| F|  |TAMS 0x0000000095e00000| PB 0x0000000095e00000| Untracked 
| 351|0x0000000095f00000, 0x0000000095f00000, 0x0000000096000000|  0%| F|  |TAMS 0x0000000095f00000| PB 0x0000000095f00000| Untracked 
| 352|0x0000000096000000, 0x0000000096000000, 0x0000000096100000|  0%| F|  |TAMS 0x0000000096000000| PB 0x0000000096000000| Untracked 
| 353|0x0000000096100000, 0x0000000096100000, 0x0000000096200000|  0%| F|  |TAMS 0x0000000096100000| PB 0x0000000096100000| Untracked 
| 354|0x0000000096200000, 0x0000000096200000, 0x0000000096300000|  0%| F|  |TAMS 0x0000000096200000| PB 0x0000000096200000| Untracked 
| 355|0x0000000096300000, 0x0000000096300000, 0x0000000096400000|  0%| F|  |TAMS 0x0000000096300000| PB 0x0000000096300000| Untracked 
| 356|0x0000000096400000, 0x0000000096400000, 0x0000000096500000|  0%| F|  |TAMS 0x0000000096400000| PB 0x0000000096400000| Untracked 
| 357|0x0000000096500000, 0x0000000096500000, 0x0000000096600000|  0%| F|  |TAMS 0x0000000096500000| PB 0x0000000096500000| Untracked 
| 358|0x0000000096600000, 0x0000000096600000, 0x0000000096700000|  0%| F|  |TAMS 0x0000000096600000| PB 0x0000000096600000| Untracked 
| 359|0x0000000096700000, 0x0000000096700000, 0x0000000096800000|  0%| F|  |TAMS 0x0000000096700000| PB 0x0000000096700000| Untracked 
| 360|0x0000000096800000, 0x0000000096800000, 0x0000000096900000|  0%| F|  |TAMS 0x0000000096800000| PB 0x0000000096800000| Untracked 
| 361|0x0000000096900000, 0x0000000096900000, 0x0000000096a00000|  0%| F|  |TAMS 0x0000000096900000| PB 0x0000000096900000| Untracked 
| 362|0x0000000096a00000, 0x0000000096a00000, 0x0000000096b00000|  0%| F|  |TAMS 0x0000000096a00000| PB 0x0000000096a00000| Untracked 
| 363|0x0000000096b00000, 0x0000000096b00000, 0x0000000096c00000|  0%| F|  |TAMS 0x0000000096b00000| PB 0x0000000096b00000| Untracked 
| 364|0x0000000096c00000, 0x0000000096c00000, 0x0000000096d00000|  0%| F|  |TAMS 0x0000000096c00000| PB 0x0000000096c00000| Untracked 
| 365|0x0000000096d00000, 0x0000000096d00000, 0x0000000096e00000|  0%| F|  |TAMS 0x0000000096d00000| PB 0x0000000096d00000| Untracked 
| 366|0x0000000096e00000, 0x0000000096e00000, 0x0000000096f00000|  0%| F|  |TAMS 0x0000000096e00000| PB 0x0000000096e00000| Untracked 
| 367|0x0000000096f00000, 0x0000000096f00000, 0x0000000097000000|  0%| F|  |TAMS 0x0000000096f00000| PB 0x0000000096f00000| Untracked 
| 368|0x0000000097000000, 0x0000000097000000, 0x0000000097100000|  0%| F|  |TAMS 0x0000000097000000| PB 0x0000000097000000| Untracked 
| 369|0x0000000097100000, 0x0000000097100000, 0x0000000097200000|  0%| F|  |TAMS 0x0000000097100000| PB 0x0000000097100000| Untracked 
| 370|0x0000000097200000, 0x0000000097200000, 0x0000000097300000|  0%| F|  |TAMS 0x0000000097200000| PB 0x0000000097200000| Untracked 
| 371|0x0000000097300000, 0x0000000097300000, 0x0000000097400000|  0%| F|  |TAMS 0x0000000097300000| PB 0x0000000097300000| Untracked 
| 372|0x0000000097400000, 0x0000000097400000, 0x0000000097500000|  0%| F|  |TAMS 0x0000000097400000| PB 0x0000000097400000| Untracked 
| 373|0x0000000097500000, 0x0000000097500000, 0x0000000097600000|  0%| F|  |TAMS 0x0000000097500000| PB 0x0000000097500000| Untracked 
| 374|0x0000000097600000, 0x0000000097600000, 0x0000000097700000|  0%| F|  |TAMS 0x0000000097600000| PB 0x0000000097600000| Untracked 
| 375|0x0000000097700000, 0x0000000097700000, 0x0000000097800000|  0%| F|  |TAMS 0x0000000097700000| PB 0x0000000097700000| Untracked 
| 376|0x0000000097800000, 0x00000000978575a0, 0x0000000097900000| 34%| S|CS|TAMS 0x0000000097800000| PB 0x0000000097800000| Complete 
| 377|0x0000000097900000, 0x0000000097a00000, 0x0000000097a00000|100%| S|CS|TAMS 0x0000000097900000| PB 0x0000000097900000| Complete 
| 378|0x0000000097a00000, 0x0000000097b00000, 0x0000000097b00000|100%| S|CS|TAMS 0x0000000097a00000| PB 0x0000000097a00000| Complete 
| 379|0x0000000097b00000, 0x0000000097c00000, 0x0000000097c00000|100%| S|CS|TAMS 0x0000000097b00000| PB 0x0000000097b00000| Complete 
| 380|0x0000000097c00000, 0x0000000097c00000, 0x0000000097d00000|  0%| F|  |TAMS 0x0000000097c00000| PB 0x0000000097c00000| Untracked 
| 381|0x0000000097d00000, 0x0000000097d00000, 0x0000000097e00000|  0%| F|  |TAMS 0x0000000097d00000| PB 0x0000000097d00000| Untracked 
| 382|0x0000000097e00000, 0x0000000097e00000, 0x0000000097f00000|  0%| F|  |TAMS 0x0000000097e00000| PB 0x0000000097e00000| Untracked 
| 383|0x0000000097f00000, 0x0000000097f00000, 0x0000000098000000|  0%| F|  |TAMS 0x0000000097f00000| PB 0x0000000097f00000| Untracked 
| 384|0x0000000098000000, 0x0000000098000000, 0x0000000098100000|  0%| F|  |TAMS 0x0000000098000000| PB 0x0000000098000000| Untracked 
| 385|0x0000000098100000, 0x0000000098100000, 0x0000000098200000|  0%| F|  |TAMS 0x0000000098100000| PB 0x0000000098100000| Untracked 
| 386|0x0000000098200000, 0x0000000098200000, 0x0000000098300000|  0%| F|  |TAMS 0x0000000098200000| PB 0x0000000098200000| Untracked 
| 387|0x0000000098300000, 0x0000000098300000, 0x0000000098400000|  0%| F|  |TAMS 0x0000000098300000| PB 0x0000000098300000| Untracked 
| 388|0x0000000098400000, 0x0000000098400000, 0x0000000098500000|  0%| F|  |TAMS 0x0000000098400000| PB 0x0000000098400000| Untracked 
| 389|0x0000000098500000, 0x0000000098500000, 0x0000000098600000|  0%| F|  |TAMS 0x0000000098500000| PB 0x0000000098500000| Untracked 
| 390|0x0000000098600000, 0x0000000098600000, 0x0000000098700000|  0%| F|  |TAMS 0x0000000098600000| PB 0x0000000098600000| Untracked 
| 391|0x0000000098700000, 0x0000000098700000, 0x0000000098800000|  0%| F|  |TAMS 0x0000000098700000| PB 0x0000000098700000| Untracked 
| 392|0x0000000098800000, 0x0000000098800000, 0x0000000098900000|  0%| F|  |TAMS 0x0000000098800000| PB 0x0000000098800000| Untracked 
| 393|0x0000000098900000, 0x0000000098900000, 0x0000000098a00000|  0%| F|  |TAMS 0x0000000098900000| PB 0x0000000098900000| Untracked 
| 394|0x0000000098a00000, 0x0000000098a00000, 0x0000000098b00000|  0%| F|  |TAMS 0x0000000098a00000| PB 0x0000000098a00000| Untracked 
| 395|0x0000000098b00000, 0x0000000098b00000, 0x0000000098c00000|  0%| F|  |TAMS 0x0000000098b00000| PB 0x0000000098b00000| Untracked 
| 396|0x0000000098c00000, 0x0000000098c00000, 0x0000000098d00000|  0%| F|  |TAMS 0x0000000098c00000| PB 0x0000000098c00000| Untracked 
| 397|0x0000000098d00000, 0x0000000098d00000, 0x0000000098e00000|  0%| F|  |TAMS 0x0000000098d00000| PB 0x0000000098d00000| Untracked 
| 398|0x0000000098e00000, 0x0000000098e00000, 0x0000000098f00000|  0%| F|  |TAMS 0x0000000098e00000| PB 0x0000000098e00000| Untracked 
| 399|0x0000000098f00000, 0x0000000098f00000, 0x0000000099000000|  0%| F|  |TAMS 0x0000000098f00000| PB 0x0000000098f00000| Untracked 
| 400|0x0000000099000000, 0x0000000099000000, 0x0000000099100000|  0%| F|  |TAMS 0x0000000099000000| PB 0x0000000099000000| Untracked 
| 401|0x0000000099100000, 0x0000000099100000, 0x0000000099200000|  0%| F|  |TAMS 0x0000000099100000| PB 0x0000000099100000| Untracked 
| 402|0x0000000099200000, 0x0000000099200000, 0x0000000099300000|  0%| F|  |TAMS 0x0000000099200000| PB 0x0000000099200000| Untracked 
| 403|0x0000000099300000, 0x0000000099300000, 0x0000000099400000|  0%| F|  |TAMS 0x0000000099300000| PB 0x0000000099300000| Untracked 
| 404|0x0000000099400000, 0x0000000099400000, 0x0000000099500000|  0%| F|  |TAMS 0x0000000099400000| PB 0x0000000099400000| Untracked 
| 405|0x0000000099500000, 0x0000000099500000, 0x0000000099600000|  0%| F|  |TAMS 0x0000000099500000| PB 0x0000000099500000| Untracked 
| 406|0x0000000099600000, 0x0000000099600000, 0x0000000099700000|  0%| F|  |TAMS 0x0000000099600000| PB 0x0000000099600000| Untracked 
| 407|0x0000000099700000, 0x0000000099700000, 0x0000000099800000|  0%| F|  |TAMS 0x0000000099700000| PB 0x0000000099700000| Untracked 
| 408|0x0000000099800000, 0x0000000099800000, 0x0000000099900000|  0%| F|  |TAMS 0x0000000099800000| PB 0x0000000099800000| Untracked 
| 409|0x0000000099900000, 0x0000000099900000, 0x0000000099a00000|  0%| F|  |TAMS 0x0000000099900000| PB 0x0000000099900000| Untracked 
| 410|0x0000000099a00000, 0x0000000099a00000, 0x0000000099b00000|  0%| F|  |TAMS 0x0000000099a00000| PB 0x0000000099a00000| Untracked 
| 411|0x0000000099b00000, 0x0000000099b00000, 0x0000000099c00000|  0%| F|  |TAMS 0x0000000099b00000| PB 0x0000000099b00000| Untracked 
| 412|0x0000000099c00000, 0x0000000099c00000, 0x0000000099d00000|  0%| F|  |TAMS 0x0000000099c00000| PB 0x0000000099c00000| Untracked 
| 413|0x0000000099d00000, 0x0000000099d00000, 0x0000000099e00000|  0%| F|  |TAMS 0x0000000099d00000| PB 0x0000000099d00000| Untracked 
| 414|0x0000000099e00000, 0x0000000099e00000, 0x0000000099f00000|  0%| F|  |TAMS 0x0000000099e00000| PB 0x0000000099e00000| Untracked 
| 415|0x0000000099f00000, 0x0000000099f00000, 0x000000009a000000|  0%| F|  |TAMS 0x0000000099f00000| PB 0x0000000099f00000| Untracked 
| 416|0x000000009a000000, 0x000000009a000000, 0x000000009a100000|  0%| F|  |TAMS 0x000000009a000000| PB 0x000000009a000000| Untracked 
| 417|0x000000009a100000, 0x000000009a100000, 0x000000009a200000|  0%| F|  |TAMS 0x000000009a100000| PB 0x000000009a100000| Untracked 
| 418|0x000000009a200000, 0x000000009a200000, 0x000000009a300000|  0%| F|  |TAMS 0x000000009a200000| PB 0x000000009a200000| Untracked 
| 419|0x000000009a300000, 0x000000009a300000, 0x000000009a400000|  0%| F|  |TAMS 0x000000009a300000| PB 0x000000009a300000| Untracked 
| 420|0x000000009a400000, 0x000000009a400000, 0x000000009a500000|  0%| F|  |TAMS 0x000000009a400000| PB 0x000000009a400000| Untracked 
| 421|0x000000009a500000, 0x000000009a500000, 0x000000009a600000|  0%| F|  |TAMS 0x000000009a500000| PB 0x000000009a500000| Untracked 
| 422|0x000000009a600000, 0x000000009a600000, 0x000000009a700000|  0%| F|  |TAMS 0x000000009a600000| PB 0x000000009a600000| Untracked 
| 423|0x000000009a700000, 0x000000009a700000, 0x000000009a800000|  0%| F|  |TAMS 0x000000009a700000| PB 0x000000009a700000| Untracked 
| 424|0x000000009a800000, 0x000000009a800000, 0x000000009a900000|  0%| F|  |TAMS 0x000000009a800000| PB 0x000000009a800000| Untracked 
| 425|0x000000009a900000, 0x000000009a900000, 0x000000009aa00000|  0%| F|  |TAMS 0x000000009a900000| PB 0x000000009a900000| Untracked 
| 426|0x000000009aa00000, 0x000000009aa00000, 0x000000009ab00000|  0%| F|  |TAMS 0x000000009aa00000| PB 0x000000009aa00000| Untracked 
| 427|0x000000009ab00000, 0x000000009ab00000, 0x000000009ac00000|  0%| F|  |TAMS 0x000000009ab00000| PB 0x000000009ab00000| Untracked 
| 428|0x000000009ac00000, 0x000000009ac00000, 0x000000009ad00000|  0%| F|  |TAMS 0x000000009ac00000| PB 0x000000009ac00000| Untracked 
| 429|0x000000009ad00000, 0x000000009ad00000, 0x000000009ae00000|  0%| F|  |TAMS 0x000000009ad00000| PB 0x000000009ad00000| Untracked 
| 430|0x000000009ae00000, 0x000000009ae00000, 0x000000009af00000|  0%| F|  |TAMS 0x000000009ae00000| PB 0x000000009ae00000| Untracked 
| 431|0x000000009af00000, 0x000000009af00000, 0x000000009b000000|  0%| F|  |TAMS 0x000000009af00000| PB 0x000000009af00000| Untracked 
| 432|0x000000009b000000, 0x000000009b000000, 0x000000009b100000|  0%| F|  |TAMS 0x000000009b000000| PB 0x000000009b000000| Untracked 
| 433|0x000000009b100000, 0x000000009b100000, 0x000000009b200000|  0%| F|  |TAMS 0x000000009b100000| PB 0x000000009b100000| Untracked 
| 434|0x000000009b200000, 0x000000009b200000, 0x000000009b300000|  0%| F|  |TAMS 0x000000009b200000| PB 0x000000009b200000| Untracked 
| 435|0x000000009b300000, 0x000000009b300000, 0x000000009b400000|  0%| F|  |TAMS 0x000000009b300000| PB 0x000000009b300000| Untracked 
| 436|0x000000009b400000, 0x000000009b400000, 0x000000009b500000|  0%| F|  |TAMS 0x000000009b400000| PB 0x000000009b400000| Untracked 
| 437|0x000000009b500000, 0x000000009b500000, 0x000000009b600000|  0%| F|  |TAMS 0x000000009b500000| PB 0x000000009b500000| Untracked 
| 438|0x000000009b600000, 0x000000009b600000, 0x000000009b700000|  0%| F|  |TAMS 0x000000009b600000| PB 0x000000009b600000| Untracked 
| 439|0x000000009b700000, 0x000000009b700000, 0x000000009b800000|  0%| F|  |TAMS 0x000000009b700000| PB 0x000000009b700000| Untracked 
| 440|0x000000009b800000, 0x000000009b800000, 0x000000009b900000|  0%| F|  |TAMS 0x000000009b800000| PB 0x000000009b800000| Untracked 
| 441|0x000000009b900000, 0x000000009b900000, 0x000000009ba00000|  0%| F|  |TAMS 0x000000009b900000| PB 0x000000009b900000| Untracked 
| 442|0x000000009ba00000, 0x000000009ba00000, 0x000000009bb00000|  0%| F|  |TAMS 0x000000009ba00000| PB 0x000000009ba00000| Untracked 
| 443|0x000000009bb00000, 0x000000009bb00000, 0x000000009bc00000|  0%| F|  |TAMS 0x000000009bb00000| PB 0x000000009bb00000| Untracked 
| 444|0x000000009bc00000, 0x000000009bc00000, 0x000000009bd00000|  0%| F|  |TAMS 0x000000009bc00000| PB 0x000000009bc00000| Untracked 
| 445|0x000000009bd00000, 0x000000009bd00000, 0x000000009be00000|  0%| F|  |TAMS 0x000000009bd00000| PB 0x000000009bd00000| Untracked 
| 446|0x000000009be00000, 0x000000009be00000, 0x000000009bf00000|  0%| F|  |TAMS 0x000000009be00000| PB 0x000000009be00000| Untracked 
| 447|0x000000009bf00000, 0x000000009bf00000, 0x000000009c000000|  0%| F|  |TAMS 0x000000009bf00000| PB 0x000000009bf00000| Untracked 
| 448|0x000000009c000000, 0x000000009c000000, 0x000000009c100000|  0%| F|  |TAMS 0x000000009c000000| PB 0x000000009c000000| Untracked 
| 449|0x000000009c100000, 0x000000009c100000, 0x000000009c200000|  0%| F|  |TAMS 0x000000009c100000| PB 0x000000009c100000| Untracked 
| 450|0x000000009c200000, 0x000000009c200000, 0x000000009c300000|  0%| F|  |TAMS 0x000000009c200000| PB 0x000000009c200000| Untracked 
| 451|0x000000009c300000, 0x000000009c300000, 0x000000009c400000|  0%| F|  |TAMS 0x000000009c300000| PB 0x000000009c300000| Untracked 
| 452|0x000000009c400000, 0x000000009c400000, 0x000000009c500000|  0%| F|  |TAMS 0x000000009c400000| PB 0x000000009c400000| Untracked 
| 453|0x000000009c500000, 0x000000009c500000, 0x000000009c600000|  0%| F|  |TAMS 0x000000009c500000| PB 0x000000009c500000| Untracked 
| 454|0x000000009c600000, 0x000000009c600000, 0x000000009c700000|  0%| F|  |TAMS 0x000000009c600000| PB 0x000000009c600000| Untracked 
| 455|0x000000009c700000, 0x000000009c700000, 0x000000009c800000|  0%| F|  |TAMS 0x000000009c700000| PB 0x000000009c700000| Untracked 
| 456|0x000000009c800000, 0x000000009c800000, 0x000000009c900000|  0%| F|  |TAMS 0x000000009c800000| PB 0x000000009c800000| Untracked 
| 457|0x000000009c900000, 0x000000009c900000, 0x000000009ca00000|  0%| F|  |TAMS 0x000000009c900000| PB 0x000000009c900000| Untracked 
| 458|0x000000009ca00000, 0x000000009ca00000, 0x000000009cb00000|  0%| F|  |TAMS 0x000000009ca00000| PB 0x000000009ca00000| Untracked 
| 459|0x000000009cb00000, 0x000000009cb00000, 0x000000009cc00000|  0%| F|  |TAMS 0x000000009cb00000| PB 0x000000009cb00000| Untracked 
| 460|0x000000009cc00000, 0x000000009cc00000, 0x000000009cd00000|  0%| F|  |TAMS 0x000000009cc00000| PB 0x000000009cc00000| Untracked 
| 461|0x000000009cd00000, 0x000000009cd00000, 0x000000009ce00000|  0%| F|  |TAMS 0x000000009cd00000| PB 0x000000009cd00000| Untracked 
| 462|0x000000009ce00000, 0x000000009ce00000, 0x000000009cf00000|  0%| F|  |TAMS 0x000000009ce00000| PB 0x000000009ce00000| Untracked 
| 463|0x000000009cf00000, 0x000000009cf00000, 0x000000009d000000|  0%| F|  |TAMS 0x000000009cf00000| PB 0x000000009cf00000| Untracked 
| 464|0x000000009d000000, 0x000000009d000000, 0x000000009d100000|  0%| F|  |TAMS 0x000000009d000000| PB 0x000000009d000000| Untracked 
| 465|0x000000009d100000, 0x000000009d100000, 0x000000009d200000|  0%| F|  |TAMS 0x000000009d100000| PB 0x000000009d100000| Untracked 
| 466|0x000000009d200000, 0x000000009d200000, 0x000000009d300000|  0%| F|  |TAMS 0x000000009d200000| PB 0x000000009d200000| Untracked 
| 467|0x000000009d300000, 0x000000009d300000, 0x000000009d400000|  0%| F|  |TAMS 0x000000009d300000| PB 0x000000009d300000| Untracked 
| 468|0x000000009d400000, 0x000000009d400000, 0x000000009d500000|  0%| F|  |TAMS 0x000000009d400000| PB 0x000000009d400000| Untracked 
| 469|0x000000009d500000, 0x000000009d500000, 0x000000009d600000|  0%| F|  |TAMS 0x000000009d500000| PB 0x000000009d500000| Untracked 
| 470|0x000000009d600000, 0x000000009d600000, 0x000000009d700000|  0%| F|  |TAMS 0x000000009d600000| PB 0x000000009d600000| Untracked 
| 471|0x000000009d700000, 0x000000009d700000, 0x000000009d800000|  0%| F|  |TAMS 0x000000009d700000| PB 0x000000009d700000| Untracked 
| 472|0x000000009d800000, 0x000000009d800000, 0x000000009d900000|  0%| F|  |TAMS 0x000000009d800000| PB 0x000000009d800000| Untracked 
| 473|0x000000009d900000, 0x000000009d900000, 0x000000009da00000|  0%| F|  |TAMS 0x000000009d900000| PB 0x000000009d900000| Untracked 
| 474|0x000000009da00000, 0x000000009da00000, 0x000000009db00000|  0%| F|  |TAMS 0x000000009da00000| PB 0x000000009da00000| Untracked 
| 475|0x000000009db00000, 0x000000009db00000, 0x000000009dc00000|  0%| F|  |TAMS 0x000000009db00000| PB 0x000000009db00000| Untracked 
| 476|0x000000009dc00000, 0x000000009dc00000, 0x000000009dd00000|  0%| F|  |TAMS 0x000000009dc00000| PB 0x000000009dc00000| Untracked 
| 477|0x000000009dd00000, 0x000000009dd00000, 0x000000009de00000|  0%| F|  |TAMS 0x000000009dd00000| PB 0x000000009dd00000| Untracked 
| 478|0x000000009de00000, 0x000000009de00000, 0x000000009df00000|  0%| F|  |TAMS 0x000000009de00000| PB 0x000000009de00000| Untracked 
| 479|0x000000009df00000, 0x000000009df00000, 0x000000009e000000|  0%| F|  |TAMS 0x000000009df00000| PB 0x000000009df00000| Untracked 
| 480|0x000000009e000000, 0x000000009e000000, 0x000000009e100000|  0%| F|  |TAMS 0x000000009e000000| PB 0x000000009e000000| Untracked 
| 481|0x000000009e100000, 0x000000009e100000, 0x000000009e200000|  0%| F|  |TAMS 0x000000009e100000| PB 0x000000009e100000| Untracked 
| 482|0x000000009e200000, 0x000000009e200000, 0x000000009e300000|  0%| F|  |TAMS 0x000000009e200000| PB 0x000000009e200000| Untracked 
| 483|0x000000009e300000, 0x000000009e300000, 0x000000009e400000|  0%| F|  |TAMS 0x000000009e300000| PB 0x000000009e300000| Untracked 
| 484|0x000000009e400000, 0x000000009e400000, 0x000000009e500000|  0%| F|  |TAMS 0x000000009e400000| PB 0x000000009e400000| Untracked 
| 485|0x000000009e500000, 0x000000009e500000, 0x000000009e600000|  0%| F|  |TAMS 0x000000009e500000| PB 0x000000009e500000| Untracked 
| 486|0x000000009e600000, 0x000000009e600000, 0x000000009e700000|  0%| F|  |TAMS 0x000000009e600000| PB 0x000000009e600000| Untracked 
| 487|0x000000009e700000, 0x000000009e700000, 0x000000009e800000|  0%| F|  |TAMS 0x000000009e700000| PB 0x000000009e700000| Untracked 
| 488|0x000000009e800000, 0x000000009e800000, 0x000000009e900000|  0%| F|  |TAMS 0x000000009e800000| PB 0x000000009e800000| Untracked 
| 489|0x000000009e900000, 0x000000009e900000, 0x000000009ea00000|  0%| F|  |TAMS 0x000000009e900000| PB 0x000000009e900000| Untracked 
| 490|0x000000009ea00000, 0x000000009ea00000, 0x000000009eb00000|  0%| F|  |TAMS 0x000000009ea00000| PB 0x000000009ea00000| Untracked 
| 491|0x000000009eb00000, 0x000000009eb00000, 0x000000009ec00000|  0%| F|  |TAMS 0x000000009eb00000| PB 0x000000009eb00000| Untracked 
| 492|0x000000009ec00000, 0x000000009ec00000, 0x000000009ed00000|  0%| F|  |TAMS 0x000000009ec00000| PB 0x000000009ec00000| Untracked 
| 493|0x000000009ed00000, 0x000000009ed00000, 0x000000009ee00000|  0%| F|  |TAMS 0x000000009ed00000| PB 0x000000009ed00000| Untracked 
| 494|0x000000009ee00000, 0x000000009ee00000, 0x000000009ef00000|  0%| F|  |TAMS 0x000000009ee00000| PB 0x000000009ee00000| Untracked 
| 495|0x000000009ef00000, 0x000000009ef00000, 0x000000009f000000|  0%| F|  |TAMS 0x000000009ef00000| PB 0x000000009ef00000| Untracked 
| 496|0x000000009f000000, 0x000000009f000000, 0x000000009f100000|  0%| F|  |TAMS 0x000000009f000000| PB 0x000000009f000000| Untracked 
| 497|0x000000009f100000, 0x000000009f100000, 0x000000009f200000|  0%| F|  |TAMS 0x000000009f100000| PB 0x000000009f100000| Untracked 
| 498|0x000000009f200000, 0x000000009f200000, 0x000000009f300000|  0%| F|  |TAMS 0x000000009f200000| PB 0x000000009f200000| Untracked 
| 499|0x000000009f300000, 0x000000009f300000, 0x000000009f400000|  0%| F|  |TAMS 0x000000009f300000| PB 0x000000009f300000| Untracked 
| 500|0x000000009f400000, 0x000000009f400000, 0x000000009f500000|  0%| F|  |TAMS 0x000000009f400000| PB 0x000000009f400000| Untracked 
| 501|0x000000009f500000, 0x000000009f500000, 0x000000009f600000|  0%| F|  |TAMS 0x000000009f500000| PB 0x000000009f500000| Untracked 
| 502|0x000000009f600000, 0x000000009f600000, 0x000000009f700000|  0%| F|  |TAMS 0x000000009f600000| PB 0x000000009f600000| Untracked 
| 503|0x000000009f700000, 0x000000009f700000, 0x000000009f800000|  0%| F|  |TAMS 0x000000009f700000| PB 0x000000009f700000| Untracked 
| 504|0x000000009f800000, 0x000000009f800000, 0x000000009f900000|  0%| F|  |TAMS 0x000000009f800000| PB 0x000000009f800000| Untracked 
| 505|0x000000009f900000, 0x000000009f900000, 0x000000009fa00000|  0%| F|  |TAMS 0x000000009f900000| PB 0x000000009f900000| Untracked 
| 506|0x000000009fa00000, 0x000000009fa00000, 0x000000009fb00000|  0%| F|  |TAMS 0x000000009fa00000| PB 0x000000009fa00000| Untracked 
| 507|0x000000009fb00000, 0x000000009fb00000, 0x000000009fc00000|  0%| F|  |TAMS 0x000000009fb00000| PB 0x000000009fb00000| Untracked 
| 508|0x000000009fc00000, 0x000000009fc00000, 0x000000009fd00000|  0%| F|  |TAMS 0x000000009fc00000| PB 0x000000009fc00000| Untracked 
| 509|0x000000009fd00000, 0x000000009fd00000, 0x000000009fe00000|  0%| F|  |TAMS 0x000000009fd00000| PB 0x000000009fd00000| Untracked 
| 510|0x000000009fe00000, 0x000000009fe00000, 0x000000009ff00000|  0%| F|  |TAMS 0x000000009fe00000| PB 0x000000009fe00000| Untracked 
| 511|0x000000009ff00000, 0x000000009ff00000, 0x00000000a0000000|  0%| F|  |TAMS 0x000000009ff00000| PB 0x000000009ff00000| Untracked 
| 512|0x00000000a0000000, 0x00000000a0000000, 0x00000000a0100000|  0%| F|  |TAMS 0x00000000a0000000| PB 0x00000000a0000000| Untracked 
| 513|0x00000000a0100000, 0x00000000a0100000, 0x00000000a0200000|  0%| F|  |TAMS 0x00000000a0100000| PB 0x00000000a0100000| Untracked 
| 514|0x00000000a0200000, 0x00000000a0200000, 0x00000000a0300000|  0%| F|  |TAMS 0x00000000a0200000| PB 0x00000000a0200000| Untracked 
| 515|0x00000000a0300000, 0x00000000a0300000, 0x00000000a0400000|  0%| F|  |TAMS 0x00000000a0300000| PB 0x00000000a0300000| Untracked 
| 516|0x00000000a0400000, 0x00000000a0400000, 0x00000000a0500000|  0%| F|  |TAMS 0x00000000a0400000| PB 0x00000000a0400000| Untracked 
| 517|0x00000000a0500000, 0x00000000a0500000, 0x00000000a0600000|  0%| F|  |TAMS 0x00000000a0500000| PB 0x00000000a0500000| Untracked 
| 518|0x00000000a0600000, 0x00000000a0600000, 0x00000000a0700000|  0%| F|  |TAMS 0x00000000a0600000| PB 0x00000000a0600000| Untracked 
| 519|0x00000000a0700000, 0x00000000a0700000, 0x00000000a0800000|  0%| F|  |TAMS 0x00000000a0700000| PB 0x00000000a0700000| Untracked 
| 520|0x00000000a0800000, 0x00000000a0800000, 0x00000000a0900000|  0%| F|  |TAMS 0x00000000a0800000| PB 0x00000000a0800000| Untracked 
| 521|0x00000000a0900000, 0x00000000a0900000, 0x00000000a0a00000|  0%| F|  |TAMS 0x00000000a0900000| PB 0x00000000a0900000| Untracked 
| 522|0x00000000a0a00000, 0x00000000a0a00000, 0x00000000a0b00000|  0%| F|  |TAMS 0x00000000a0a00000| PB 0x00000000a0a00000| Untracked 
| 523|0x00000000a0b00000, 0x00000000a0b00000, 0x00000000a0c00000|  0%| F|  |TAMS 0x00000000a0b00000| PB 0x00000000a0b00000| Untracked 
| 524|0x00000000a0c00000, 0x00000000a0c00000, 0x00000000a0d00000|  0%| F|  |TAMS 0x00000000a0c00000| PB 0x00000000a0c00000| Untracked 
| 525|0x00000000a0d00000, 0x00000000a0d00000, 0x00000000a0e00000|  0%| F|  |TAMS 0x00000000a0d00000| PB 0x00000000a0d00000| Untracked 
| 526|0x00000000a0e00000, 0x00000000a0e00000, 0x00000000a0f00000|  0%| F|  |TAMS 0x00000000a0e00000| PB 0x00000000a0e00000| Untracked 
| 527|0x00000000a0f00000, 0x00000000a0f00000, 0x00000000a1000000|  0%| F|  |TAMS 0x00000000a0f00000| PB 0x00000000a0f00000| Untracked 
| 528|0x00000000a1000000, 0x00000000a1000000, 0x00000000a1100000|  0%| F|  |TAMS 0x00000000a1000000| PB 0x00000000a1000000| Untracked 
| 529|0x00000000a1100000, 0x00000000a1100000, 0x00000000a1200000|  0%| F|  |TAMS 0x00000000a1100000| PB 0x00000000a1100000| Untracked 
| 530|0x00000000a1200000, 0x00000000a1200000, 0x00000000a1300000|  0%| F|  |TAMS 0x00000000a1200000| PB 0x00000000a1200000| Untracked 
| 531|0x00000000a1300000, 0x00000000a1300000, 0x00000000a1400000|  0%| F|  |TAMS 0x00000000a1300000| PB 0x00000000a1300000| Untracked 
| 532|0x00000000a1400000, 0x00000000a1400000, 0x00000000a1500000|  0%| F|  |TAMS 0x00000000a1400000| PB 0x00000000a1400000| Untracked 
| 533|0x00000000a1500000, 0x00000000a1500000, 0x00000000a1600000|  0%| F|  |TAMS 0x00000000a1500000| PB 0x00000000a1500000| Untracked 
| 534|0x00000000a1600000, 0x00000000a1600000, 0x00000000a1700000|  0%| F|  |TAMS 0x00000000a1600000| PB 0x00000000a1600000| Untracked 
| 535|0x00000000a1700000, 0x00000000a1700000, 0x00000000a1800000|  0%| F|  |TAMS 0x00000000a1700000| PB 0x00000000a1700000| Untracked 
| 536|0x00000000a1800000, 0x00000000a1800000, 0x00000000a1900000|  0%| F|  |TAMS 0x00000000a1800000| PB 0x00000000a1800000| Untracked 
| 537|0x00000000a1900000, 0x00000000a1900000, 0x00000000a1a00000|  0%| F|  |TAMS 0x00000000a1900000| PB 0x00000000a1900000| Untracked 
| 538|0x00000000a1a00000, 0x00000000a1a00000, 0x00000000a1b00000|  0%| F|  |TAMS 0x00000000a1a00000| PB 0x00000000a1a00000| Untracked 
| 539|0x00000000a1b00000, 0x00000000a1b00000, 0x00000000a1c00000|  0%| F|  |TAMS 0x00000000a1b00000| PB 0x00000000a1b00000| Untracked 
| 540|0x00000000a1c00000, 0x00000000a1c00000, 0x00000000a1d00000|  0%| F|  |TAMS 0x00000000a1c00000| PB 0x00000000a1c00000| Untracked 
| 541|0x00000000a1d00000, 0x00000000a1d00000, 0x00000000a1e00000|  0%| F|  |TAMS 0x00000000a1d00000| PB 0x00000000a1d00000| Untracked 
| 542|0x00000000a1e00000, 0x00000000a1e00000, 0x00000000a1f00000|  0%| F|  |TAMS 0x00000000a1e00000| PB 0x00000000a1e00000| Untracked 
| 543|0x00000000a1f00000, 0x00000000a1f00000, 0x00000000a2000000|  0%| F|  |TAMS 0x00000000a1f00000| PB 0x00000000a1f00000| Untracked 
| 544|0x00000000a2000000, 0x00000000a2000000, 0x00000000a2100000|  0%| F|  |TAMS 0x00000000a2000000| PB 0x00000000a2000000| Untracked 
| 545|0x00000000a2100000, 0x00000000a2100000, 0x00000000a2200000|  0%| F|  |TAMS 0x00000000a2100000| PB 0x00000000a2100000| Untracked 
| 546|0x00000000a2200000, 0x00000000a2200000, 0x00000000a2300000|  0%| F|  |TAMS 0x00000000a2200000| PB 0x00000000a2200000| Untracked 
| 547|0x00000000a2300000, 0x00000000a2300000, 0x00000000a2400000|  0%| F|  |TAMS 0x00000000a2300000| PB 0x00000000a2300000| Untracked 
| 548|0x00000000a2400000, 0x00000000a2400000, 0x00000000a2500000|  0%| F|  |TAMS 0x00000000a2400000| PB 0x00000000a2400000| Untracked 
| 549|0x00000000a2500000, 0x00000000a2500000, 0x00000000a2600000|  0%| F|  |TAMS 0x00000000a2500000| PB 0x00000000a2500000| Untracked 
| 550|0x00000000a2600000, 0x00000000a2600000, 0x00000000a2700000|  0%| F|  |TAMS 0x00000000a2600000| PB 0x00000000a2600000| Untracked 
| 551|0x00000000a2700000, 0x00000000a2700000, 0x00000000a2800000|  0%| F|  |TAMS 0x00000000a2700000| PB 0x00000000a2700000| Untracked 
| 552|0x00000000a2800000, 0x00000000a2800000, 0x00000000a2900000|  0%| F|  |TAMS 0x00000000a2800000| PB 0x00000000a2800000| Untracked 
| 553|0x00000000a2900000, 0x00000000a2900000, 0x00000000a2a00000|  0%| F|  |TAMS 0x00000000a2900000| PB 0x00000000a2900000| Untracked 
| 554|0x00000000a2a00000, 0x00000000a2a00000, 0x00000000a2b00000|  0%| F|  |TAMS 0x00000000a2a00000| PB 0x00000000a2a00000| Untracked 
| 555|0x00000000a2b00000, 0x00000000a2b00000, 0x00000000a2c00000|  0%| F|  |TAMS 0x00000000a2b00000| PB 0x00000000a2b00000| Untracked 
| 556|0x00000000a2c00000, 0x00000000a2c00000, 0x00000000a2d00000|  0%| F|  |TAMS 0x00000000a2c00000| PB 0x00000000a2c00000| Untracked 
| 557|0x00000000a2d00000, 0x00000000a2d00000, 0x00000000a2e00000|  0%| F|  |TAMS 0x00000000a2d00000| PB 0x00000000a2d00000| Untracked 
| 558|0x00000000a2e00000, 0x00000000a2e00000, 0x00000000a2f00000|  0%| F|  |TAMS 0x00000000a2e00000| PB 0x00000000a2e00000| Untracked 
| 559|0x00000000a2f00000, 0x00000000a2f00000, 0x00000000a3000000|  0%| F|  |TAMS 0x00000000a2f00000| PB 0x00000000a2f00000| Untracked 
| 560|0x00000000a3000000, 0x00000000a3000000, 0x00000000a3100000|  0%| F|  |TAMS 0x00000000a3000000| PB 0x00000000a3000000| Untracked 
| 561|0x00000000a3100000, 0x00000000a3100000, 0x00000000a3200000|  0%| F|  |TAMS 0x00000000a3100000| PB 0x00000000a3100000| Untracked 
| 562|0x00000000a3200000, 0x00000000a3200000, 0x00000000a3300000|  0%| F|  |TAMS 0x00000000a3200000| PB 0x00000000a3200000| Untracked 
| 563|0x00000000a3300000, 0x00000000a3300000, 0x00000000a3400000|  0%| F|  |TAMS 0x00000000a3300000| PB 0x00000000a3300000| Untracked 
| 564|0x00000000a3400000, 0x00000000a3400000, 0x00000000a3500000|  0%| F|  |TAMS 0x00000000a3400000| PB 0x00000000a3400000| Untracked 
| 565|0x00000000a3500000, 0x00000000a3500000, 0x00000000a3600000|  0%| F|  |TAMS 0x00000000a3500000| PB 0x00000000a3500000| Untracked 
| 566|0x00000000a3600000, 0x00000000a3600000, 0x00000000a3700000|  0%| F|  |TAMS 0x00000000a3600000| PB 0x00000000a3600000| Untracked 
| 567|0x00000000a3700000, 0x00000000a3700000, 0x00000000a3800000|  0%| F|  |TAMS 0x00000000a3700000| PB 0x00000000a3700000| Untracked 
| 568|0x00000000a3800000, 0x00000000a3800000, 0x00000000a3900000|  0%| F|  |TAMS 0x00000000a3800000| PB 0x00000000a3800000| Untracked 
| 569|0x00000000a3900000, 0x00000000a3900000, 0x00000000a3a00000|  0%| F|  |TAMS 0x00000000a3900000| PB 0x00000000a3900000| Untracked 
| 570|0x00000000a3a00000, 0x00000000a3a00000, 0x00000000a3b00000|  0%| F|  |TAMS 0x00000000a3a00000| PB 0x00000000a3a00000| Untracked 
| 571|0x00000000a3b00000, 0x00000000a3b00000, 0x00000000a3c00000|  0%| F|  |TAMS 0x00000000a3b00000| PB 0x00000000a3b00000| Untracked 
| 572|0x00000000a3c00000, 0x00000000a3c00000, 0x00000000a3d00000|  0%| F|  |TAMS 0x00000000a3c00000| PB 0x00000000a3c00000| Untracked 
| 573|0x00000000a3d00000, 0x00000000a3d00000, 0x00000000a3e00000|  0%| F|  |TAMS 0x00000000a3d00000| PB 0x00000000a3d00000| Untracked 
| 574|0x00000000a3e00000, 0x00000000a3e00000, 0x00000000a3f00000|  0%| F|  |TAMS 0x00000000a3e00000| PB 0x00000000a3e00000| Untracked 
| 575|0x00000000a3f00000, 0x00000000a3f00000, 0x00000000a4000000|  0%| F|  |TAMS 0x00000000a3f00000| PB 0x00000000a3f00000| Untracked 
| 576|0x00000000a4000000, 0x00000000a4000000, 0x00000000a4100000|  0%| F|  |TAMS 0x00000000a4000000| PB 0x00000000a4000000| Untracked 
| 577|0x00000000a4100000, 0x00000000a4100000, 0x00000000a4200000|  0%| F|  |TAMS 0x00000000a4100000| PB 0x00000000a4100000| Untracked 
| 578|0x00000000a4200000, 0x00000000a4200000, 0x00000000a4300000|  0%| F|  |TAMS 0x00000000a4200000| PB 0x00000000a4200000| Untracked 
| 579|0x00000000a4300000, 0x00000000a4300000, 0x00000000a4400000|  0%| F|  |TAMS 0x00000000a4300000| PB 0x00000000a4300000| Untracked 
| 580|0x00000000a4400000, 0x00000000a4400000, 0x00000000a4500000|  0%| F|  |TAMS 0x00000000a4400000| PB 0x00000000a4400000| Untracked 
| 581|0x00000000a4500000, 0x00000000a4500000, 0x00000000a4600000|  0%| F|  |TAMS 0x00000000a4500000| PB 0x00000000a4500000| Untracked 
| 582|0x00000000a4600000, 0x00000000a4600000, 0x00000000a4700000|  0%| F|  |TAMS 0x00000000a4600000| PB 0x00000000a4600000| Untracked 
| 583|0x00000000a4700000, 0x00000000a4700000, 0x00000000a4800000|  0%| F|  |TAMS 0x00000000a4700000| PB 0x00000000a4700000| Untracked 
| 584|0x00000000a4800000, 0x00000000a4800000, 0x00000000a4900000|  0%| F|  |TAMS 0x00000000a4800000| PB 0x00000000a4800000| Untracked 
| 585|0x00000000a4900000, 0x00000000a4900000, 0x00000000a4a00000|  0%| F|  |TAMS 0x00000000a4900000| PB 0x00000000a4900000| Untracked 
| 586|0x00000000a4a00000, 0x00000000a4a00000, 0x00000000a4b00000|  0%| F|  |TAMS 0x00000000a4a00000| PB 0x00000000a4a00000| Untracked 
| 587|0x00000000a4b00000, 0x00000000a4b00000, 0x00000000a4c00000|  0%| F|  |TAMS 0x00000000a4b00000| PB 0x00000000a4b00000| Untracked 
| 588|0x00000000a4c00000, 0x00000000a4c00000, 0x00000000a4d00000|  0%| F|  |TAMS 0x00000000a4c00000| PB 0x00000000a4c00000| Untracked 
|2039|0x00000000ff700000, 0x00000000ff800000, 0x00000000ff800000|100%| O|  |TAMS 0x00000000ff700000| PB 0x00000000ff700000| Untracked 
|2040|0x00000000ff800000, 0x00000000ff800000, 0x00000000ff900000|  0%| F|  |TAMS 0x00000000ff800000| PB 0x00000000ff800000| Untracked 
|2041|0x00000000ff900000, 0x00000000ff900000, 0x00000000ffa00000|  0%| F|  |TAMS 0x00000000ff900000| PB 0x00000000ff900000| Untracked 
|2042|0x00000000ffa00000, 0x00000000ffa00000, 0x00000000ffb00000|  0%| F|  |TAMS 0x00000000ffa00000| PB 0x00000000ffa00000| Untracked 
|2043|0x00000000ffb00000, 0x00000000ffc00000, 0x00000000ffc00000|100%| O|  |TAMS 0x00000000ffb00000| PB 0x00000000ffb00000| Untracked 
|2044|0x00000000ffc00000, 0x00000000ffd00000, 0x00000000ffd00000|100%| O|  |TAMS 0x00000000ffc00000| PB 0x00000000ffc00000| Untracked 
|2045|0x00000000ffd00000, 0x00000000ffe00000, 0x00000000ffe00000|100%| O|  |TAMS 0x00000000ffd00000| PB 0x00000000ffd00000| Untracked 
|2046|0x00000000ffe00000, 0x00000000fff00000, 0x00000000fff00000|100%| O|  |TAMS 0x00000000ffe00000| PB 0x00000000ffe00000| Untracked 
|2047|0x00000000fff00000, 0x0000000100000000, 0x0000000100000000|100%| O|  |TAMS 0x00000000fff00000| PB 0x00000000fff00000| Untracked 

Card table byte_map: [0x0000019eb2cf0000,0x0000019eb30f0000] _byte_map_base: 0x0000019eb28f0000

Marking Bits: (CMBitMap*) 0x0000019ea04c6b70
 Bits: [0x0000019eb30f0000, 0x0000019eb50f0000)

Polling page: 0x0000019e9fc40000

Metaspace:

Usage:
  Non-class:    135.01 MB used.
      Class:     19.66 MB used.
       Both:    154.66 MB used.

Virtual space:
  Non-class space:      192.00 MB reserved,     136.19 MB ( 71%) committed,  3 nodes.
      Class space:        1.00 GB reserved,      20.81 MB (  2%) committed,  1 nodes.
             Both:        1.19 GB reserved,     157.00 MB ( 13%) committed. 

Chunk freelists:
   Non-Class:  7.09 MB
       Class:  11.23 MB
        Both:  18.33 MB

MaxMetaspaceSize: unlimited
CompressedClassSpaceSize: 1.00 GB
Initial GC threshold: 21.00 MB
Current GC threshold: 259.62 MB
CDS: off
 - commit_granule_bytes: 65536.
 - commit_granule_words: 8192.
 - virtual_space_node_default_size: 8388608.
 - enlarge_chunks_in_place: 1.
 - use_allocation_guard: 0.


Internal statistics:

num_allocs_failed_limit: 6.
num_arena_births: 4416.
num_arena_deaths: 0.
num_vsnodes_births: 4.
num_vsnodes_deaths: 0.
num_space_committed: 2510.
num_space_uncommitted: 0.
num_chunks_returned_to_freelist: 6.
num_chunks_taken_from_freelist: 10400.
num_chunk_merges: 6.
num_chunk_splits: 7367.
num_chunks_enlarged: 5223.
num_inconsistent_stats: 0.

CodeHeap 'non-profiled nmethods': size=120000Kb used=8502Kb max_used=8564Kb free=111497Kb
 bounds [0x0000019eab090000, 0x0000019eab920000, 0x0000019eb25c0000]
CodeHeap 'profiled nmethods': size=120000Kb used=31216Kb max_used=32093Kb free=88783Kb
 bounds [0x0000019ea35c0000, 0x0000019ea5550000, 0x0000019eaaaf0000]
CodeHeap 'non-nmethods': size=5760Kb used=3478Kb max_used=3555Kb free=2281Kb
 bounds [0x0000019eaaaf0000, 0x0000019eaae80000, 0x0000019eab090000]
 total_blobs=15563 nmethods=14369 adapters=1095
 compilation: enabled
              stopped_count=0, restarted_count=0
 full_count=0

Compilation events (20 events):
Event: 287.664 Thread 0x0000019ebc021e70 18668       2       org.gradle.api.internal.tasks.properties.AbstractPropertySpec::compareTo (14 bytes)
Event: 287.664 Thread 0x0000019ebc021e70 nmethod 18668 0x0000019ea4a69e90 code [0x0000019ea4a6a040, 0x0000019ea4a6a1a8]
Event: 287.664 Thread 0x0000019ebc021e70 18669       2       org.gradle.api.internal.artifacts.transform.AbstractTransformExecution::access$100 (5 bytes)
Event: 287.665 Thread 0x0000019ebc021e70 nmethod 18669 0x0000019ea4a69a90 code [0x0000019ea4a69c40, 0x0000019ea4a69db0]
Event: 287.665 Thread 0x0000019ebc021e70 18671       2       org.gradle.api.internal.artifacts.transform.TransformExecutionResult::visitOutputs (14 bytes)
Event: 287.666 Thread 0x0000019ebc021e70 nmethod 18671 0x0000019ea4a69510 code [0x0000019ea4a696e0, 0x0000019ea4a698d0]
Event: 287.666 Thread 0x0000019ebc021e70 18672       2       java.util.AbstractSet::hashCode (39 bytes)
Event: 287.666 Thread 0x0000019ebc021e70 nmethod 18672 0x0000019ea4a68d10 code [0x0000019ea4a68ee0, 0x0000019ea4a69128]
Event: 287.668 Thread 0x0000019ebc021e70 18673       2       org.gradle.internal.logging.sink.ProgressLogEventGenerator::onComplete (42 bytes)
Event: 287.672 Thread 0x0000019ebc021e70 nmethod 18673 0x0000019ea50deb10 code [0x0000019ea50ded00, 0x0000019ea50deff0]
Event: 287.719 Thread 0x0000019ebc021e70 18674       3       org.gradle.internal.classpath.transforms.InstrumentingClassTransform$InstrumentingVisitor$$Lambda/0x00000001014b9ec8::apply (12 bytes)
Event: 287.720 Thread 0x0000019ebc021e70 nmethod 18674 0x0000019ea50de610 code [0x0000019ea50de7c0, 0x0000019ea50de9e8]
Event: 287.720 Thread 0x0000019ebc021e70 18675       3       org.gradle.internal.classpath.transforms.InstrumentingClassTransform$InstrumentingVisitor::maybeBuildBridgeMethod (94 bytes)
Event: 287.723 Thread 0x0000019ebc021e70 nmethod 18675 0x0000019ea50dd590 code [0x0000019ea50dd800, 0x0000019ea50de278]
Event: 287.723 Thread 0x0000019ebc021e70 18676       3       org.gradle.internal.classpath.transforms.AdhocInterceptors::findBridgeMethodBuilder (65 bytes)
Event: 287.726 Thread 0x0000019ebc021e70 nmethod 18676 0x0000019ea4225990 code [0x0000019ea4225be0, 0x0000019ea42261e0]
Event: 287.726 Thread 0x0000019ebc021e70 18677       3       org.gradle.internal.classpath.generated.InterceptorDeclaration_PropertyUpgradesJvmBytecode_CoreApi::findBridgeMethodBuilder (66 bytes)
Event: 287.729 Thread 0x0000019ebc021e70 nmethod 18677 0x0000019ea50dca90 code [0x0000019ea50dccc0, 0x0000019ea50dd2c8]
Event: 287.745 Thread 0x0000019ebc021e70 18679       3       org.objectweb.asm.MethodWriter::visitIincInsn (135 bytes)
Event: 287.752 Thread 0x0000019ebc021e70 nmethod 18679 0x0000019ea4224f90 code [0x0000019ea42251c0, 0x0000019ea4225738]

GC Heap History (20 events):
Event: 268.153 GC heap after
{Heap after GC invocations=41 (full 0):
 garbage-first heap   total 265216K, used 141076K [0x0000000080000000, 0x0000000100000000)
  region size 1024K, 6 young (6144K), 6 survivors (6144K)
 Metaspace       used 156880K, committed 159296K, reserved 1245184K
  class space    used 19997K, committed 21184K, reserved 1048576K
}
Event: 268.638 GC heap before
{Heap before GC invocations=42 (full 0):
 garbage-first heap   total 265216K, used 246548K [0x0000000080000000, 0x0000000100000000)
  region size 1024K, 107 young (109568K), 6 survivors (6144K)
 Metaspace       used 156896K, committed 159360K, reserved 1245184K
  class space    used 19997K, committed 21184K, reserved 1048576K
}
Event: 268.748 GC heap after
{Heap after GC invocations=43 (full 0):
 garbage-first heap   total 265216K, used 148244K [0x0000000080000000, 0x0000000100000000)
  region size 1024K, 12 young (12288K), 12 survivors (12288K)
 Metaspace       used 156896K, committed 159360K, reserved 1245184K
  class space    used 19997K, committed 21184K, reserved 1048576K
}
Event: 269.112 GC heap before
{Heap before GC invocations=43 (full 0):
 garbage-first heap   total 265216K, used 237332K [0x0000000080000000, 0x0000000100000000)
  region size 1024K, 100 young (102400K), 12 survivors (12288K)
 Metaspace       used 156926K, committed 159360K, reserved 1245184K
  class space    used 19997K, committed 21184K, reserved 1048576K
}
Event: 269.266 GC heap after
{Heap after GC invocations=44 (full 0):
 garbage-first heap   total 612352K, used 144612K [0x0000000080000000, 0x0000000100000000)
  region size 1024K, 7 young (7168K), 7 survivors (7168K)
 Metaspace       used 156926K, committed 159360K, reserved 1245184K
  class space    used 19997K, committed 21184K, reserved 1048576K
}
Event: 273.632 GC heap before
{Heap before GC invocations=44 (full 0):
 garbage-first heap   total 612352K, used 509156K [0x0000000080000000, 0x0000000100000000)
  region size 1024K, 358 young (366592K), 7 survivors (7168K)
 Metaspace       used 157027K, committed 159424K, reserved 1245184K
  class space    used 19997K, committed 21184K, reserved 1048576K
}
Event: 273.785 GC heap after
{Heap after GC invocations=45 (full 0):
 garbage-first heap   total 612352K, used 156373K [0x0000000080000000, 0x0000000100000000)
  region size 1024K, 17 young (17408K), 17 survivors (17408K)
 Metaspace       used 157027K, committed 159424K, reserved 1245184K
  class space    used 19997K, committed 21184K, reserved 1048576K
}
Event: 277.127 GC heap before
{Heap before GC invocations=45 (full 0):
 garbage-first heap   total 612352K, used 503509K [0x0000000080000000, 0x0000000100000000)
  region size 1024K, 356 young (364544K), 17 survivors (17408K)
 Metaspace       used 157042K, committed 159424K, reserved 1245184K
  class space    used 19997K, committed 21184K, reserved 1048576K
}
Event: 277.188 GC heap after
{Heap after GC invocations=46 (full 0):
 garbage-first heap   total 612352K, used 164580K [0x0000000080000000, 0x0000000100000000)
  region size 1024K, 26 young (26624K), 26 survivors (26624K)
 Metaspace       used 157042K, committed 159424K, reserved 1245184K
  class space    used 19997K, committed 21184K, reserved 1048576K
}
Event: 278.681 GC heap before
{Heap before GC invocations=46 (full 0):
 garbage-first heap   total 612352K, used 299748K [0x0000000080000000, 0x0000000100000000)
  region size 1024K, 159 young (162816K), 26 survivors (26624K)
 Metaspace       used 157042K, committed 159424K, reserved 1245184K
  class space    used 19997K, committed 21184K, reserved 1048576K
}
Event: 278.770 GC heap after
{Heap after GC invocations=47 (full 0):
 garbage-first heap   total 612352K, used 172551K [0x0000000080000000, 0x0000000100000000)
  region size 1024K, 35 young (35840K), 35 survivors (35840K)
 Metaspace       used 157042K, committed 159424K, reserved 1245184K
  class space    used 19997K, committed 21184K, reserved 1048576K
}
Event: 281.135 GC heap before
{Heap before GC invocations=48 (full 0):
 garbage-first heap   total 612352K, used 285191K [0x0000000080000000, 0x0000000100000000)
  region size 1024K, 138 young (141312K), 35 survivors (35840K)
 Metaspace       used 157108K, committed 159488K, reserved 1245184K
  class space    used 20003K, committed 21184K, reserved 1048576K
}
Event: 281.373 GC heap after
{Heap after GC invocations=49 (full 0):
 garbage-first heap   total 612352K, used 229376K [0x0000000080000000, 0x0000000100000000)
  region size 1024K, 18 young (18432K), 18 survivors (18432K)
 Metaspace       used 157108K, committed 159488K, reserved 1245184K
  class space    used 20003K, committed 21184K, reserved 1048576K
}
Event: 281.567 GC heap before
{Heap before GC invocations=49 (full 0):
 garbage-first heap   total 612352K, used 240640K [0x0000000080000000, 0x0000000100000000)
  region size 1024K, 29 young (29696K), 18 survivors (18432K)
 Metaspace       used 157123K, committed 159488K, reserved 1245184K
  class space    used 20008K, committed 21184K, reserved 1048576K
}
Event: 281.670 GC heap after
{Heap after GC invocations=50 (full 0):
 garbage-first heap   total 612352K, used 239104K [0x0000000080000000, 0x0000000100000000)
  region size 1024K, 4 young (4096K), 4 survivors (4096K)
 Metaspace       used 157123K, committed 159488K, reserved 1245184K
  class space    used 20008K, committed 21184K, reserved 1048576K
}
Event: 285.545 GC heap before
{Heap before GC invocations=50 (full 0):
 garbage-first heap   total 612352K, used 348672K [0x0000000080000000, 0x0000000100000000)
  region size 1024K, 110 young (112640K), 4 survivors (4096K)
 Metaspace       used 158146K, committed 160512K, reserved 1245184K
  class space    used 20126K, committed 21312K, reserved 1048576K
}
Event: 285.679 GC heap after
{Heap after GC invocations=51 (full 0):
 garbage-first heap   total 612352K, used 252135K [0x0000000080000000, 0x0000000100000000)
  region size 1024K, 12 young (12288K), 12 survivors (12288K)
 Metaspace       used 158146K, committed 160512K, reserved 1245184K
  class space    used 20126K, committed 21312K, reserved 1048576K
}
Event: 286.255 GC heap before
{Heap before GC invocations=51 (full 0):
 garbage-first heap   total 612352K, used 362727K [0x0000000080000000, 0x0000000100000000)
  region size 1024K, 121 young (123904K), 12 survivors (12288K)
 Metaspace       used 158231K, committed 160576K, reserved 1245184K
  class space    used 20126K, committed 21312K, reserved 1048576K
}
Event: 286.321 GC heap after
{Heap after GC invocations=52 (full 0):
 garbage-first heap   total 612352K, used 253733K [0x0000000080000000, 0x0000000100000000)
  region size 1024K, 3 young (3072K), 3 survivors (3072K)
 Metaspace       used 158231K, committed 160576K, reserved 1245184K
  class space    used 20126K, committed 21312K, reserved 1048576K
}
Event: 287.772 GC heap before
{Heap before GC invocations=52 (full 0):
 garbage-first heap   total 612352K, used 466725K [0x0000000080000000, 0x0000000100000000)
  region size 1024K, 212 young (217088K), 3 survivors (3072K)
 Metaspace       used 158376K, committed 160768K, reserved 1245184K
  class space    used 20126K, committed 21312K, reserved 1048576K
}

Dll operation events (3 events):
Event: 0.041 Loaded shared library C:\Program Files\Android\Android Studio\jbr\bin\java.dll
Event: 0.063 Loaded shared library C:\Program Files\Android\Android Studio\jbr\bin\zip.dll
Event: 1.133 Loaded shared library C:\Program Files\Android\Android Studio\jbr\bin\verify.dll

Deoptimization events (20 events):
Event: 285.184 Thread 0x0000019ecaf1d020 Uncommon trap: trap_request=0xffffffde fr.pc=0x0000019eab8f6044 relative=0x00000000000084a4
Event: 285.193 Thread 0x0000019ecaf1d020 Uncommon trap: reason=class_check action=maybe_recompile pc=0x0000019eab8f6044 method=org.objectweb.asm.ClassReader.readCode(Lorg/objectweb/asm/MethodVisitor;Lorg/objectweb/asm/Context;I)V @ 3974 c2
Event: 285.199 Thread 0x0000019ecaf1d020 DEOPT PACKING pc=0x0000019eab8f6044 sp=0x00000058cb1f9bf0
Event: 285.206 Thread 0x0000019ecaf1d020 DEOPT UNPACKING pc=0x0000019eaab47da2 sp=0x00000058cb1f9b50 mode 2
Event: 285.206 Thread 0x0000019ecaf1d020 Uncommon trap: trap_request=0xffffffde fr.pc=0x0000019eab8f6044 relative=0x00000000000084a4
Event: 285.206 Thread 0x0000019ecaf1d020 Uncommon trap: reason=class_check action=maybe_recompile pc=0x0000019eab8f6044 method=org.objectweb.asm.ClassReader.readCode(Lorg/objectweb/asm/MethodVisitor;Lorg/objectweb/asm/Context;I)V @ 3974 c2
Event: 285.206 Thread 0x0000019ecaf1d020 DEOPT PACKING pc=0x0000019eab8f6044 sp=0x00000058cb1f9bf0
Event: 285.206 Thread 0x0000019ecaf1d020 DEOPT UNPACKING pc=0x0000019eaab47da2 sp=0x00000058cb1f9b50 mode 2
Event: 285.206 Thread 0x0000019ecaf1d020 Uncommon trap: trap_request=0xffffffde fr.pc=0x0000019eab8f6044 relative=0x00000000000084a4
Event: 285.206 Thread 0x0000019ecaf1d020 Uncommon trap: reason=class_check action=maybe_recompile pc=0x0000019eab8f6044 method=org.objectweb.asm.ClassReader.readCode(Lorg/objectweb/asm/MethodVisitor;Lorg/objectweb/asm/Context;I)V @ 3974 c2
Event: 285.206 Thread 0x0000019ecaf1d020 DEOPT PACKING pc=0x0000019eab8f6044 sp=0x00000058cb1f9bf0
Event: 285.206 Thread 0x0000019ecaf1d020 DEOPT UNPACKING pc=0x0000019eaab47da2 sp=0x00000058cb1f9b50 mode 2
Event: 285.206 Thread 0x0000019ecaf1d020 Uncommon trap: trap_request=0xffffffde fr.pc=0x0000019eab8f6044 relative=0x00000000000084a4
Event: 285.206 Thread 0x0000019ecaf1d020 Uncommon trap: reason=class_check action=maybe_recompile pc=0x0000019eab8f6044 method=org.objectweb.asm.ClassReader.readCode(Lorg/objectweb/asm/MethodVisitor;Lorg/objectweb/asm/Context;I)V @ 3974 c2
Event: 285.206 Thread 0x0000019ecaf1d020 DEOPT PACKING pc=0x0000019eab8f6044 sp=0x00000058cb1f9bf0
Event: 285.206 Thread 0x0000019ecaf1d020 DEOPT UNPACKING pc=0x0000019eaab47da2 sp=0x00000058cb1f9b50 mode 2
Event: 285.860 Thread 0x0000019ecaf1b5e0 Uncommon trap: trap_request=0xffffff45 fr.pc=0x0000019eab541048 relative=0x0000000000000b48
Event: 285.861 Thread 0x0000019ecaf1b5e0 Uncommon trap: reason=unstable_if action=reinterpret pc=0x0000019eab541048 method=org.objectweb.asm.MethodWriter.visitLabel(Lorg/objectweb/asm/Label;)V @ 242 c2
Event: 285.861 Thread 0x0000019ecaf1b5e0 DEOPT PACKING pc=0x0000019eab541048 sp=0x00000058cb3f9e30
Event: 285.862 Thread 0x0000019ecaf1b5e0 DEOPT UNPACKING pc=0x0000019eaab47da2 sp=0x00000058cb3f9e18 mode 2

Classes loaded (20 events):
Event: 252.970 Loading class com/sun/org/apache/xerces/internal/dom/DeferredCommentImpl
Event: 252.971 Loading class com/sun/org/apache/xerces/internal/dom/CommentImpl
Event: 252.971 Loading class com/sun/org/apache/xerces/internal/dom/CommentImpl done
Event: 252.971 Loading class com/sun/org/apache/xerces/internal/dom/DeferredCommentImpl done
Event: 255.509 Loading class java/util/Collections$ReverseComparator
Event: 255.513 Loading class java/util/Collections$ReverseComparator done
Event: 255.513 Loading class java/util/Collections$ReverseComparator2
Event: 255.515 Loading class java/util/Collections$ReverseComparator2 done
Event: 266.320 Loading class sun/security/ssl/Alert
Event: 266.329 Loading class sun/security/ssl/Alert done
Event: 266.334 Loading class sun/security/ssl/Alert$AlertConsumer
Event: 266.336 Loading class sun/security/ssl/Alert$AlertConsumer done
Event: 266.336 Loading class sun/security/ssl/Alert$Level
Event: 266.337 Loading class sun/security/ssl/Alert$Level done
Event: 282.812 Loading class java/util/Collections$UnmodifiableSortedMap
Event: 282.824 Loading class java/util/Collections$UnmodifiableSortedMap done
Event: 282.831 Loading class java/util/zip/Deflater
Event: 282.857 Loading class java/util/zip/Deflater done
Event: 282.869 Loading class java/util/zip/Deflater$DeflaterZStreamRef
Event: 282.873 Loading class java/util/zip/Deflater$DeflaterZStreamRef done

Classes unloaded (0 events):
No events

Classes redefined (0 events):
No events

Internal exceptions (20 events):
Event: 282.371 Thread 0x0000019ecaf1b5e0 Exception <a 'sun/nio/fs/WindowsException'{0x00000000a31d3480}> (0x00000000a31d3480) 
thrown [s\src\hotspot\share\prims\jni.cpp, line 535]
Event: 282.371 Thread 0x0000019ecaf1d6b0 Exception <a 'sun/nio/fs/WindowsException'{0x00000000a31cd810}> (0x00000000a31cd810) 
thrown [s\src\hotspot\share\prims\jni.cpp, line 535]
Event: 282.371 Thread 0x0000019ecaf1d020 Exception <a 'sun/nio/fs/WindowsException'{0x00000000a3126f50}> (0x00000000a3126f50) 
thrown [s\src\hotspot\share\prims\jni.cpp, line 535]
Event: 282.371 Thread 0x0000019ecaf1e3d0 Exception <a 'sun/nio/fs/WindowsException'{0x00000000a31dee38}> (0x00000000a31dee38) 
thrown [s\src\hotspot\share\prims\jni.cpp, line 535]
Event: 282.371 Thread 0x0000019ecaf1bc70 Exception <a 'sun/nio/fs/WindowsException'{0x00000000a31c0f38}> (0x00000000a31c0f38) 
thrown [s\src\hotspot\share\prims\jni.cpp, line 535]
Event: 282.371 Thread 0x0000019ebe72e800 Exception <a 'sun/nio/fs/WindowsException'{0x00000000a31ec798}> (0x00000000a31ec798) 
thrown [s\src\hotspot\share\prims\jni.cpp, line 535]
Event: 286.007 Thread 0x0000019ecaf1ea60 Exception <a 'sun/nio/fs/WindowsException'{0x00000000a165cd80}> (0x00000000a165cd80) 
thrown [s\src\hotspot\share\prims\jni.cpp, line 535]
Event: 286.007 Thread 0x0000019ecaf1d6b0 Exception <a 'sun/nio/fs/WindowsException'{0x00000000a0f7b870}> (0x00000000a0f7b870) 
thrown [s\src\hotspot\share\prims\jni.cpp, line 535]
Event: 286.030 Thread 0x0000019ebe72e800 Exception <a 'sun/nio/fs/WindowsException'{0x00000000a0a30ca8}> (0x00000000a0a30ca8) 
thrown [s\src\hotspot\share\prims\jni.cpp, line 535]
Event: 286.062 Thread 0x0000019ecaf1e3d0 Exception <a 'sun/nio/fs/WindowsException'{0x00000000a0921288}> (0x00000000a0921288) 
thrown [s\src\hotspot\share\prims\jni.cpp, line 535]
Event: 286.378 Thread 0x0000019ecaf1bc70 Exception <a 'sun/nio/fs/WindowsException'{0x00000000ffa83c18}> (0x00000000ffa83c18) 
thrown [s\src\hotspot\share\prims\jni.cpp, line 535]
Event: 286.743 Thread 0x0000019ecaf1ea60 Exception <a 'sun/nio/fs/WindowsException'{0x000000009ff30460}> (0x000000009ff30460) 
thrown [s\src\hotspot\share\prims\jni.cpp, line 535]
Event: 286.980 Thread 0x0000019ecaf1bc70 Exception <a 'sun/nio/fs/WindowsException'{0x000000009e7bf8d8}> (0x000000009e7bf8d8) 
thrown [s\src\hotspot\share\prims\jni.cpp, line 535]
Event: 286.983 Thread 0x0000019ebe72e800 Exception <a 'sun/nio/fs/WindowsException'{0x000000009e4f1f20}> (0x000000009e4f1f20) 
thrown [s\src\hotspot\share\prims\jni.cpp, line 535]
Event: 286.998 Thread 0x0000019ecaf1c300 Exception <a 'sun/nio/fs/WindowsException'{0x000000009e1328f0}> (0x000000009e1328f0) 
thrown [s\src\hotspot\share\prims\jni.cpp, line 535]
Event: 287.059 Thread 0x0000019ecaf1d6b0 Exception <a 'sun/nio/fs/WindowsException'{0x000000009dd06ff0}> (0x000000009dd06ff0) 
thrown [s\src\hotspot\share\prims\jni.cpp, line 535]
Event: 287.227 Thread 0x0000019ecaf1ea60 Exception <a 'sun/nio/fs/WindowsException'{0x000000009c36b0e0}> (0x000000009c36b0e0) 
thrown [s\src\hotspot\share\prims\jni.cpp, line 535]
Event: 287.582 Thread 0x0000019ecaf1bc70 Exception <a 'sun/nio/fs/WindowsException'{0x000000009a1a5e40}> (0x000000009a1a5e40) 
thrown [s\src\hotspot\share\prims\jni.cpp, line 535]
Event: 287.670 Thread 0x0000019ecaf1c300 Exception <a 'sun/nio/fs/WindowsException'{0x0000000098849918}> (0x0000000098849918) 
thrown [s\src\hotspot\share\prims\jni.cpp, line 535]
Event: 287.672 Thread 0x0000019ecaf1e3d0 Exception <a 'sun/nio/fs/WindowsException'{0x000000009988e970}> (0x000000009988e970) 
thrown [s\src\hotspot\share\prims\jni.cpp, line 535]

ZGC Phase Switch (0 events):
No events

VM Operations (20 events):
Event: 280.388 Executing VM operation: G1PauseRemark done
Event: 281.097 Executing VM operation: G1PauseCleanup
Event: 281.109 Executing VM operation: G1PauseCleanup done
Event: 281.135 Executing VM operation: G1CollectForAllocation (G1 Evacuation Pause)
Event: 281.373 Executing VM operation: G1CollectForAllocation (G1 Evacuation Pause) done
Event: 281.566 Executing VM operation: G1CollectForAllocation (G1 Evacuation Pause)
Event: 281.670 Executing VM operation: G1CollectForAllocation (G1 Evacuation Pause) done
Event: 282.680 Executing VM operation: Cleanup
Event: 282.687 Executing VM operation: Cleanup done
Event: 283.595 Executing VM operation: HandshakeAllThreads (Deoptimize)
Event: 283.608 Executing VM operation: HandshakeAllThreads (Deoptimize) done
Event: 284.623 Executing VM operation: Cleanup
Event: 284.645 Executing VM operation: Cleanup done
Event: 285.399 Executing VM operation: G1CollectForAllocation (G1 Evacuation Pause)
Event: 285.680 Executing VM operation: G1CollectForAllocation (G1 Evacuation Pause) done
Event: 286.237 Executing VM operation: G1CollectForAllocation (G1 Evacuation Pause)
Event: 286.321 Executing VM operation: G1CollectForAllocation (G1 Evacuation Pause) done
Event: 287.322 Executing VM operation: Cleanup
Event: 287.339 Executing VM operation: Cleanup done
Event: 287.754 Executing VM operation: G1CollectForAllocation (G1 Evacuation Pause)

Events (20 events):
Event: 280.383 Thread 0x0000019eb7b40890 flushing nmethod 0x0000019eab10c110
Event: 280.383 Thread 0x0000019eb7b40890 flushing nmethod 0x0000019eab121a90
Event: 280.383 Thread 0x0000019eb7b40890 flushing nmethod 0x0000019eab111310
Event: 280.384 Thread 0x0000019eb7b40890 flushing nmethod 0x0000019eab11e510
Event: 280.384 Thread 0x0000019eb7b40890 flushing nmethod 0x0000019eab11c610
Event: 280.384 Thread 0x0000019eb7b40890 flushing nmethod 0x0000019eab0d9b10
Event: 280.384 Thread 0x0000019eb7b40890 flushing nmethod 0x0000019eab0fc710
Event: 280.384 Thread 0x0000019eb7b40890 flushing nmethod 0x0000019eab0fa590
Event: 280.384 Thread 0x0000019eb7b40890 flushing nmethod 0x0000019eab0d0890
Event: 280.384 Thread 0x0000019eb7b40890 flushing nmethod 0x0000019eab0bf810
Event: 280.384 Thread 0x0000019eb7b40890 flushing nmethod 0x0000019eab0be010
Event: 280.384 Thread 0x0000019eb7b40890 flushing nmethod 0x0000019eab0cdf10
Event: 280.384 Thread 0x0000019eb7b40890 flushing nmethod 0x0000019eab0ac290
Event: 280.384 Thread 0x0000019eb7b40890 flushing nmethod 0x0000019eab0ba110
Event: 280.384 Thread 0x0000019eb7b40890 flushing nmethod 0x0000019eab09e190
Event: 280.384 Thread 0x0000019eb7b40890 flushing nmethod 0x0000019eab0b5310
Event: 280.384 Thread 0x0000019eb7b40890 flushing nmethod 0x0000019eab0b4610
Event: 280.384 Thread 0x0000019eb7b40890 flushing nmethod 0x0000019eab0b3f10
Event: 280.384 Thread 0x0000019eb7b40890 flushing nmethod 0x0000019eab0aeb10
Event: 280.384 Thread 0x0000019eb7b40890 flushing nmethod 0x0000019eab0a3110


Dynamic libraries:
0x00007ff708070000 - 0x00007ff70807a000 	C:\Program Files\Android\Android Studio\jbr\bin\java.exe
0x00007ffb94d70000 - 0x00007ffb94f68000 	C:\Windows\SYSTEM32\ntdll.dll
0x00007ffb94bd0000 - 0x00007ffb94c92000 	C:\Windows\System32\KERNEL32.DLL
0x00007ffb929e0000 - 0x00007ffb92cd6000 	C:\Windows\System32\KERNELBASE.dll
0x00007ffb92550000 - 0x00007ffb92650000 	C:\Windows\System32\ucrtbase.dll
0x00007ffb8b020000 - 0x00007ffb8b03b000 	C:\Program Files\Android\Android Studio\jbr\bin\VCRUNTIME140.dll
0x00007ffb87760000 - 0x00007ffb87778000 	C:\Program Files\Android\Android Studio\jbr\bin\jli.dll
0x00007ffb93100000 - 0x00007ffb932a1000 	C:\Windows\System32\USER32.dll
0x00007ffb92400000 - 0x00007ffb92422000 	C:\Windows\System32\win32u.dll
0x00007ffb93430000 - 0x00007ffb9345b000 	C:\Windows\System32\GDI32.dll
0x00007ffb92650000 - 0x00007ffb92769000 	C:\Windows\System32\gdi32full.dll
0x00007ffb92430000 - 0x00007ffb924cd000 	C:\Windows\System32\msvcp_win.dll
0x00007ffb7b540000 - 0x00007ffb7b7db000 	C:\Windows\WinSxS\amd64_microsoft.windows.common-controls_6595b64144ccf1df_6.0.19041.6456_none_60b8a6cb71f64256\COMCTL32.dll
0x00007ffb93fb0000 - 0x00007ffb9404e000 	C:\Windows\System32\msvcrt.dll
0x00007ffb94ba0000 - 0x00007ffb94bcf000 	C:\Windows\System32\IMM32.DLL
0x00007ffb8b010000 - 0x00007ffb8b01c000 	C:\Program Files\Android\Android Studio\jbr\bin\vcruntime140_1.dll
0x00007ffb71ee0000 - 0x00007ffb71f6d000 	C:\Program Files\Android\Android Studio\jbr\bin\msvcp140.dll
0x00007ffb01a90000 - 0x00007ffb0270d000 	C:\Program Files\Android\Android Studio\jbr\bin\server\jvm.dll
0x00007ffb942b0000 - 0x00007ffb94361000 	C:\Windows\System32\ADVAPI32.dll
0x00007ffb93d60000 - 0x00007ffb93dff000 	C:\Windows\System32\sechost.dll
0x00007ffb932b0000 - 0x00007ffb933d0000 	C:\Windows\System32\RPCRT4.dll
0x00007ffb92520000 - 0x00007ffb92547000 	C:\Windows\System32\bcrypt.dll
0x00007ffb94b30000 - 0x00007ffb94b9b000 	C:\Windows\System32\WS2_32.dll
0x00007ffb87800000 - 0x00007ffb8780a000 	C:\Windows\SYSTEM32\VERSION.dll
0x00007ffb826b0000 - 0x00007ffb826d7000 	C:\Windows\SYSTEM32\WINMM.dll
0x00007ffb91940000 - 0x00007ffb9198b000 	C:\Windows\SYSTEM32\POWRPROF.dll
0x00007ffb91800000 - 0x00007ffb91812000 	C:\Windows\SYSTEM32\UMPDC.dll
0x00007ffb90c10000 - 0x00007ffb90c22000 	C:\Windows\SYSTEM32\kernel.appcore.dll
0x00007ffb8a960000 - 0x00007ffb8a96a000 	C:\Program Files\Android\Android Studio\jbr\bin\jimage.dll
0x00007ffb8fe20000 - 0x00007ffb90021000 	C:\Windows\SYSTEM32\DBGHELP.DLL
0x00007ffb73080000 - 0x00007ffb730b4000 	C:\Windows\SYSTEM32\dbgcore.DLL
0x00007ffb928d0000 - 0x00007ffb92952000 	C:\Windows\System32\bcryptPrimitives.dll
0x00007ffb8b0b0000 - 0x00007ffb8b0be000 	C:\Program Files\Android\Android Studio\jbr\bin\instrument.dll
0x00007ffb8a940000 - 0x00007ffb8a95f000 	C:\Program Files\Android\Android Studio\jbr\bin\java.dll
0x00007ffb8a920000 - 0x00007ffb8a938000 	C:\Program Files\Android\Android Studio\jbr\bin\zip.dll
0x00007ffb93510000 - 0x00007ffb93c80000 	C:\Windows\System32\SHELL32.dll
0x00007ffb90450000 - 0x00007ffb90bf5000 	C:\Windows\SYSTEM32\windows.storage.dll
0x00007ffb92d90000 - 0x00007ffb930e4000 	C:\Windows\System32\combase.dll
0x00007ffb91e30000 - 0x00007ffb91e5b000 	C:\Windows\SYSTEM32\Wldp.dll
0x00007ffb94390000 - 0x00007ffb9445d000 	C:\Windows\System32\OLEAUT32.dll
0x00007ffb93460000 - 0x00007ffb9350d000 	C:\Windows\System32\SHCORE.dll
0x00007ffb94990000 - 0x00007ffb949eb000 	C:\Windows\System32\shlwapi.dll
0x00007ffb92330000 - 0x00007ffb92354000 	C:\Windows\SYSTEM32\profapi.dll
0x00007ffb8a910000 - 0x00007ffb8a920000 	C:\Program Files\Android\Android Studio\jbr\bin\net.dll
0x00007ffb8b9f0000 - 0x00007ffb8bafa000 	C:\Windows\SYSTEM32\WINHTTP.dll
0x00007ffb91b90000 - 0x00007ffb91bfa000 	C:\Windows\system32\mswsock.dll
0x00007ffb8a8d0000 - 0x00007ffb8a8e6000 	C:\Program Files\Android\Android Studio\jbr\bin\nio.dll
0x00007ffb8b080000 - 0x00007ffb8b090000 	C:\Program Files\Android\Android Studio\jbr\bin\verify.dll
0x00007ffb88b80000 - 0x00007ffb88ba7000 	C:\Users\user\.gradle\native\c067742578af261105cb4f569cf0c3c89f3d7b1fecec35dd04571415982c5e48\windows-amd64\native-platform.dll
0x00007ffb584c0000 - 0x00007ffb58604000 	C:\Users\user\.gradle\native\100fb08df4bc3b14c8652ba06237920a3bd2aa13389f12d3474272988ae205f9\windows-amd64\native-platform-file-events.dll
0x00007ffb8a8b0000 - 0x00007ffb8a8b9000 	C:\Program Files\Android\Android Studio\jbr\bin\management.dll
0x00007ffb8a8a0000 - 0x00007ffb8a8ab000 	C:\Program Files\Android\Android Studio\jbr\bin\management_ext.dll
0x00007ffb94510000 - 0x00007ffb94518000 	C:\Windows\System32\PSAPI.DLL
0x00007ffb91d80000 - 0x00007ffb91d98000 	C:\Windows\SYSTEM32\CRYPTSP.dll
0x00007ffb91440000 - 0x00007ffb91478000 	C:\Windows\system32\rsaenh.dll
0x00007ffb922b0000 - 0x00007ffb922de000 	C:\Windows\SYSTEM32\USERENV.dll
0x00007ffb91da0000 - 0x00007ffb91dac000 	C:\Windows\SYSTEM32\CRYPTBASE.dll
0x00007ffb91820000 - 0x00007ffb9185b000 	C:\Windows\SYSTEM32\IPHLPAPI.DLL
0x00007ffb930f0000 - 0x00007ffb930f8000 	C:\Windows\System32\NSI.dll
0x00007ffb8a8c0000 - 0x00007ffb8a8c9000 	C:\Program Files\Android\Android Studio\jbr\bin\extnet.dll
0x00007ffb856f0000 - 0x00007ffb856f7000 	C:\Windows\system32\wshunix.dll
0x00007ffb91870000 - 0x00007ffb9193a000 	C:\Windows\SYSTEM32\DNSAPI.dll
0x00007ffb88430000 - 0x00007ffb8843a000 	C:\Windows\System32\rasadhlp.dll
0x00007ffb87780000 - 0x00007ffb87800000 	C:\Windows\System32\fwpuclnt.dll

dbghelp: loaded successfully - version: 4.0.5 - missing functions: none
symbol engine: initialized successfully - sym options: 0x614 - pdb path: .;C:\Program Files\Android\Android Studio\jbr\bin;C:\Windows\SYSTEM32;C:\Windows\WinSxS\amd64_microsoft.windows.common-controls_6595b64144ccf1df_6.0.19041.6456_none_60b8a6cb71f64256;C:\Program Files\Android\Android Studio\jbr\bin\server;C:\Users\user\.gradle\native\c067742578af261105cb4f569cf0c3c89f3d7b1fecec35dd04571415982c5e48\windows-amd64;C:\Users\user\.gradle\native\100fb08df4bc3b14c8652ba06237920a3bd2aa13389f12d3474272988ae205f9\windows-amd64

VM Arguments:
jvm_args: --add-opens=java.base/java.lang=ALL-UNNAMED --add-opens=java.base/java.lang.invoke=ALL-UNNAMED --add-opens=java.base/java.util=ALL-UNNAMED --add-opens=java.prefs/java.util.prefs=ALL-UNNAMED --add-exports=jdk.compiler/com.sun.tools.javac.api=ALL-UNNAMED --add-exports=jdk.compiler/com.sun.tools.javac.util=ALL-UNNAMED --add-opens=java.base/java.util=ALL-UNNAMED --add-opens=java.prefs/java.util.prefs=ALL-UNNAMED --add-opens=java.base/java.nio.charset=ALL-UNNAMED --add-opens=java.base/java.net=ALL-UNNAMED --add-opens=java.base/java.util.concurrent.atomic=ALL-UNNAMED --add-opens=java.xml/javax.xml.namespace=ALL-UNNAMED -Xmx2048m -Dfile.encoding=UTF-8 -Duser.country=IN -Duser.language=en -Duser.variant -javaagent:C:\Users\user\.gradle\wrapper\dists\gradle-8.11-bin\c4te04g51qsyw1bxcb929u7br\gradle-8.11\lib\agents\gradle-instrumentation-agent-8.11.jar 
java_command: org.gradle.launcher.daemon.bootstrap.GradleDaemon 8.11
java_class_path (initial): C:\Users\user\.gradle\wrapper\dists\gradle-8.11-bin\c4te04g51qsyw1bxcb929u7br\gradle-8.11\lib\gradle-daemon-main-8.11.jar
Launcher Type: SUN_STANDARD

[Global flags]
     intx CICompilerCount                          = 4                                         {product} {ergonomic}
     uint ConcGCThreads                            = 2                                         {product} {ergonomic}
     uint G1ConcRefinementThreads                  = 8                                         {product} {ergonomic}
   size_t G1HeapRegionSize                         = 1048576                                   {product} {ergonomic}
    uintx GCDrainStackTargetSize                   = 64                                        {product} {ergonomic}
   size_t InitialHeapSize                          = 62914560                                  {product} {ergonomic}
   size_t MarkStackSize                            = 4194304                                   {product} {ergonomic}
   size_t MaxHeapSize                              = 2147483648                                {product} {command line}
   size_t MaxNewSize                               = 1287651328                                {product} {ergonomic}
   size_t MinHeapDeltaBytes                        = 1048576                                   {product} {ergonomic}
   size_t MinHeapSize                              = 8388608                                   {product} {ergonomic}
    uintx NonNMethodCodeHeapSize                   = 5839372                                {pd product} {ergonomic}
    uintx NonProfiledCodeHeapSize                  = 122909434                              {pd product} {ergonomic}
    uintx ProfiledCodeHeapSize                     = 122909434                              {pd product} {ergonomic}
    uintx ReservedCodeCacheSize                    = 251658240                              {pd product} {ergonomic}
     bool SegmentedCodeCache                       = true                                      {product} {ergonomic}
   size_t SoftMaxHeapSize                          = 2147483648                             {manageable} {ergonomic}
     bool UseCompressedOops                        = true                           {product lp64_product} {ergonomic}
     bool UseG1GC                                  = true                                      {product} {ergonomic}
     bool UseLargePagesIndividualAllocation        = false                                  {pd product} {ergonomic}

Logging:
Log output configuration:
 #0: stdout all=warning uptime,level,tags foldmultilines=false
 #1: stderr all=off uptime,level,tags foldmultilines=false

Environment Variables:
PATH=C:\Program Files\Common Files\Oracle\Java\javapath;C:\Windows\system32;C:\Windows;C:\Windows\System32\Wbem;C:\Windows\System32\WindowsPowerShell\v1.0\;C:\Windows\System32\OpenSSH\;C:\Program Files\Java\jdk-21\bin;C:\Program Files\MySQL\MySQL Server 8.0\bin;C:\Program Files\Git\cmd;C:\Program Files (x86)\GitExtensions\;C:\Program Files\dotnet\;C:\Program Files\nodejs\;C:\ProgramData\chocolatey\bin;C:\Program Files\apache-maven-3.9.9;C:\Program Files\MAVEN\apache-maven-3.9.9\bin;C:\Program Files\MySQL\MySQL Shell 8.0\bin\;C:\Users\user\AppData\Local\Microsoft\WindowsApps;C:\Users\user\AppData\Local\Programs\Microsoft VS Code\bin;C:\Users\user\AppData\Roaming\npm;C:\Platform-tools\platform-tools;
USERNAME=user
OS=Windows_NT
PROCESSOR_IDENTIFIER=Intel64 Family 6 Model 140 Stepping 1, GenuineIntel
TMP=C:\Users\user\AppData\Local\Temp
TEMP=C:\Users\user\AppData\Local\Temp




Periodic native trim disabled

JNI global refs:
JNI global refs: 32, weak refs: 82

JNI global refs memory usage: 835, weak refs: 1465

Process memory usage:
Resident Set Size: 122732K (3% of 3910440K total physical memory with 15736K free physical memory)

OOME stack traces (most recent first):
Classloader memory used:
Loader org.gradle.internal.classloader.VisitableURLClassLoader                         : 101916K
Loader bootstrap                                                                       : 32175K
Loader org.gradle.initialization.MixInLegacyTypesClassLoader                           : 12918K
Loader jdk.internal.loader.ClassLoaders$AppClassLoader                                 : 7915K
Loader jdk.internal.loader.ClassLoaders$PlatformClassLoader                            : 1001K
Loader org.gradle.internal.classloader.VisitableURLClassLoader                         : 949K
Loader org.gradle.internal.classloader.VisitableURLClassLoader$InstrumentingVisitableURLClassLoader: 691K
Loader jdk.internal.jrtfs.JrtFileSystemProvider$JrtFsLoader                            : 340K
Loader jdk.internal.reflect.DelegatingClassLoader                                      : 332K
Loader org.gradle.groovy.scripts.internal.DefaultScriptCompilationHandler$ScriptClassLoader: 89128B
Loader org.codehaus.groovy.runtime.callsite.CallSiteClassLoader                        : 49672B

Classes loaded by more than one classloader:
Class org.gradle.api.GradleException                                                  : loaded 3 times (x 79B)
Class Program                                                                         : loaded 3 times (x 69B)
Class org.gradle.internal.classloader.ClassLoaderHierarchy                            : loaded 2 times (x 67B)
Class org.gradle.api.internal.classpath.ManifestUtil                                  : loaded 2 times (x 68B)
Class org.jetbrains.plugins.gradle.model.GradleExtensions                             : loaded 2 times (x 67B)
Class org.jetbrains.plugins.gradle.model.AnnotationProcessingModel                    : loaded 2 times (x 67B)
Class jdk.internal.jimage.decompressor.StringSharingDecompressorFactory               : loaded 2 times (x 71B)
Class org.gradle.internal.operations.MultipleBuildOperationFailures                   : loaded 2 times (x 92B)
Class org.jetbrains.kotlin.idea.gradleTooling.model.noarg.NoArgModel                  : loaded 2 times (x 67B)
Class org.gradle.internal.classloader.DefaultClassLoaderFactory                       : loaded 2 times (x 79B)
Class kotlin.collections.AbstractList$Companion                                       : loaded 2 times (x 68B)
Class org.gradle.internal.classloader.ClassLoaderVisitor                              : loaded 2 times (x 73B)
Class org.gradle.api.internal.classpath.EffectiveClassPath                            : loaded 2 times (x 87B)
Class org.gradle.tooling.internal.gradle.DefaultProjectIdentifier                     : loaded 2 times (x 83B)
Class org.jetbrains.kotlin.idea.gradleTooling.model.allopen.AllOpenModel              : loaded 2 times (x 67B)
Class org.gradle.api.internal.DefaultClassPathProvider                                : loaded 2 times (x 73B)
Class [Lorg.gradle.api.internal.ClassPathProvider;                                    : loaded 2 times (x 66B)
Class org.gradle.api.internal.ClassPathProvider                                       : loaded 2 times (x 67B)
Class jdk.internal.jrtfs.SystemImage                                                  : loaded 2 times (x 71B)
Class org.gradle.internal.service.UnknownServiceException                             : loaded 2 times (x 80B)
Class org.jetbrains.kotlin.idea.gradleTooling.KotlinDslScriptAdditionalTask           : loaded 2 times (x 67B)
Class jdk.internal.jimage.ImageReader$LinkNode                                        : loaded 2 times (x 81B)
Class org.gradle.internal.classpath.TransformedClassPath                              : loaded 2 times (x 93B)
Class org.gradle.internal.classloader.InstrumentingClassLoader                        : loaded 2 times (x 67B)
Class jdk.internal.jrtfs.SystemImage$1                                                : loaded 2 times (x 75B)
Class kotlin.enums.EnumEntriesList                                                    : loaded 2 times (x 220B)
Class jdk.internal.jrtfs.SystemImage$2                                                : loaded 2 times (x 73B)
Class jdk.internal.jimage.BasicImageReader                                            : loaded 2 times (x 92B)
Class org.jetbrains.kotlin.idea.gradleTooling.KotlinSourceSetContainer                : loaded 2 times (x 67B)
Class org.gradle.internal.service.ServiceLocator                                      : loaded 2 times (x 67B)
Class jdk.internal.jrtfs.JrtFileSystemProvider                                        : loaded 2 times (x 98B)
Class org.jetbrains.kotlin.android.synthetic.idea.AndroidExtensionsGradleModel        : loaded 2 times (x 67B)
Class org.gradle.tooling.model.UnsupportedMethodException                             : loaded 2 times (x 79B)
Class jdk.internal.jimage.ImageLocation                                               : loaded 2 times (x 87B)
Class jdk.internal.jrtfs.JrtDirectoryStream$1                                         : loaded 2 times (x 80B)
Class org.gradle.internal.InternalTransformer                                         : loaded 2 times (x 67B)
Class jdk.internal.jimage.ImageBufferCache$1                                          : loaded 2 times (x 80B)
Class org.gradle.internal.time.DefaultTimer                                           : loaded 2 times (x 77B)
Class org.gradle.internal.classloader.ClasspathUtil$1                                 : loaded 2 times (x 73B)
Class jdk.internal.jimage.ImageBufferCache$2                                          : loaded 2 times (x 88B)
Class org.gradle.api.internal.classpath.DefaultModuleRegistry$DefaultModule           : loaded 2 times (x 83B)
Class org.jetbrains.kotlin.idea.gradleTooling.model.lombok.LombokModel                : loaded 2 times (x 67B)
Class org.gradle.internal.time.DefaultCountdownTimer                                  : loaded 2 times (x 85B)
Class org.gradle.tooling.internal.gradle.DefaultBuildIdentifier                       : loaded 2 times (x 76B)
Class kotlin.Function                                                                 : loaded 2 times (x 67B)
Class org.gradle.api.internal.classpath.Module                                        : loaded 2 times (x 67B)
Class org.gradle.api.internal.classpath.UnknownModuleException                        : loaded 2 times (x 79B)
Class jdk.internal.jimage.ImageHeader                                                 : loaded 2 times (x 68B)
Class com.intellij.openapi.externalSystem.model.project.dependencies.ProjectDependencies: loaded 2 times (x 67B)
Class org.gradle.tooling.internal.gradle.GradleProjectIdentity                        : loaded 2 times (x 67B)
Class org.gradle.api.internal.DefaultClassPathRegistry                                : loaded 2 times (x 73B)
Class org.gradle.api.internal.ClassPathRegistry                                       : loaded 2 times (x 67B)
Class org.gradle.internal.classpath.DefaultClassPath$ImmutableUniqueList              : loaded 2 times (x 196B)
Class jdk.internal.jimage.decompressor.ResourceDecompressor                           : loaded 2 times (x 67B)
Class org.jetbrains.plugins.gradle.model.IntelliJSettings                             : loaded 2 times (x 67B)
Class Settings_gradle$1                                                               : loaded 2 times (x 71B)
Class org.gradle.internal.classpath.ClassPath                                         : loaded 2 times (x 67B)
Class org.gradle.api.UncheckedIOException                                             : loaded 2 times (x 79B)
Class org.jetbrains.kotlin.idea.gradleTooling.KotlinGradleModel                       : loaded 2 times (x 67B)
Class jdk.internal.jimage.ImageStringsReader                                          : loaded 2 times (x 77B)
Class org.gradle.tooling.model.Model                                                  : loaded 2 times (x 67B)
Class kotlin.UninitializedPropertyAccessException                                     : loaded 2 times (x 79B)
Class jdk.internal.jimage.ImageReader                                                 : loaded 2 times (x 72B)
Class org.jetbrains.plugins.gradle.model.IntelliJProjectSettings                      : loaded 2 times (x 67B)
Class org.jetbrains.kotlin.idea.gradleTooling.model.annotation.AnnotationBasedPluginModel: loaded 2 times (x 67B)
Class jdk.internal.jimage.ImageReader$SharedImageReader                               : loaded 2 times (x 92B)
Class org.gradle.internal.installation.GradleInstallation$1                           : loaded 2 times (x 72B)
Class org.gradle.api.internal.classpath.ModuleRegistry                                : loaded 2 times (x 67B)
Class jdk.internal.jimage.decompressor.ResourceDecompressorFactory                    : loaded 2 times (x 71B)
Class org.jetbrains.plugins.gradle.model.VersionCatalogsModel                         : loaded 2 times (x 67B)
Class jdk.internal.jimage.ImageReader$Node                                            : loaded 2 times (x 81B)
Class org.gradle.api.internal.classpath.DefaultModuleRegistry                         : loaded 2 times (x 83B)
Class jdk.internal.jimage.BasicImageReader$1                                          : loaded 2 times (x 74B)
Class jdk.internal.jimage.decompressor.Decompressor                                   : loaded 2 times (x 69B)
Class jdk.internal.jimage.ImageReader$Resource                                        : loaded 2 times (x 81B)
Class org.gradle.internal.time.MonotonicClock                                         : loaded 2 times (x 74B)
Class org.gradle.internal.service.ServiceLookupException                              : loaded 2 times (x 79B)
Class jdk.internal.jrtfs.JrtFileAttributes                                            : loaded 2 times (x 80B)
Class org.gradle.internal.classloader.ClassLoaderFactory                              : loaded 2 times (x 67B)
Class org.gradle.internal.service.CachingServiceLocator                               : loaded 2 times (x 79B)
Class org.jetbrains.plugins.gradle.model.RepositoryModels                             : loaded 2 times (x 67B)
Class org.gradle.internal.time.TimeSource                                             : loaded 2 times (x 67B)
Class org.gradle.tooling.internal.gradle.GradleBuildIdentity                          : loaded 2 times (x 67B)
Class kotlin.enums.EnumEntries                                                        : loaded 2 times (x 67B)
Class org.gradle.internal.exceptions.ResolutionProvider                               : loaded 2 times (x 67B)
Class jdk.internal.jimage.ImageBufferCache                                            : loaded 2 times (x 68B)
Class jdk.internal.jrtfs.JrtPath                                                      : loaded 2 times (x 115B)
Class org.gradle.tooling.model.ProjectIdentifier                                      : loaded 2 times (x 67B)
Class org.gradle.internal.classloader.ClasspathUtil                                   : loaded 2 times (x 68B)
Class org.gradle.internal.time.TimeSource$1                                           : loaded 2 times (x 74B)
Class kotlin.jvm.internal.DefaultConstructorMarker                                    : loaded 2 times (x 68B)
Class org.gradle.api.specs.Spec                                                       : loaded 2 times (x 67B)
Class jdk.internal.jimage.ImageReader$SharedImageReader$LocationVisitor               : loaded 2 times (x 67B)
Class jdk.internal.jimage.decompressor.ResourceDecompressorRepository                 : loaded 2 times (x 68B)
Class org.gradle.internal.time.Clock                                                  : loaded 2 times (x 67B)
Class jdk.internal.jimage.ImageReader$Directory                                       : loaded 2 times (x 81B)
Class org.jetbrains.plugins.gradle.model.jar.JarTaskManifestConfiguration             : loaded 2 times (x 67B)
Class kotlin.collections.AbstractList                                                 : loaded 2 times (x 194B)
Class kotlin.collections.AbstractCollection                                           : loaded 2 times (x 114B)
Class org.gradle.internal.classloader.VisitableURLClassLoader$InstrumentingVisitableURLClassLoader: loaded 2 times (x 120B)
Class org.gradle.internal.classloader.VisitableURLClassLoader$Spec                    : loaded 2 times (x 71B)
Class org.gradle.internal.classpath.DefaultClassPath                                  : loaded 2 times (x 87B)
Class jdk.internal.jimage.decompressor.ZipDecompressorFactory                         : loaded 2 times (x 71B)
Class org.gradle.internal.classloader.ClassLoaderSpec                                 : loaded 2 times (x 68B)
Class Settings_gradle$1$1                                                             : loaded 2 times (x 71B)
Class org.gradle.internal.classloader.VisitableURLClassLoader                         : loaded 2 times (x 114B)
Class Settings_gradle                                                                 : loaded 2 times (x 125B)
Class org.gradle.internal.Cast                                                        : loaded 2 times (x 68B)
Class org.gradle.api.Action                                                           : loaded 2 times (x 67B)
Class jdk.internal.jimage.decompressor.ZipDecompressor                                : loaded 2 times (x 72B)
Class kotlin.jvm.functions.Function1                                                  : loaded 2 times (x 67B)
Class org.gradle.internal.classpath.DefaultClassPath$ImmutableUniqueList$Builder      : loaded 2 times (x 72B)
Class org.jetbrains.kotlin.idea.gradleTooling.model.samWithReceiver.SamWithReceiverModel: loaded 2 times (x 67B)
Class org.gradle.internal.classloader.FilteringClassLoader                            : loaded 2 times (x 102B)
Class org.gradle.internal.exceptions.NonGradleCauseExceptionsHolder                   : loaded 2 times (x 67B)
Class jdk.internal.jimage.ImageStrings                                                : loaded 2 times (x 67B)
Class org.jetbrains.kotlin.idea.gradleTooling.model.assignment.AssignmentModel        : loaded 2 times (x 67B)
Class kotlin.enums.EnumEntriesKt                                                      : loaded 2 times (x 68B)
Class org.gradle.internal.IoActions                                                   : loaded 2 times (x 68B)
Class org.gradle.internal.classloader.SystemClassLoaderSpec                           : loaded 2 times (x 68B)
Class org.gradle.internal.exceptions.MultiCauseException                              : loaded 2 times (x 67B)
Class org.gradle.internal.time.CountdownTimer                                         : loaded 2 times (x 67B)
Class kotlin.jvm.internal.Intrinsics                                                  : loaded 2 times (x 68B)
Class jdk.internal.jrtfs.JrtFileSystem                                                : loaded 2 times (x 99B)
Class org.jetbrains.kotlin.idea.gradleTooling.model.parcelize.ParcelizeGradleModel    : loaded 2 times (x 67B)
Class org.gradle.tooling.model.ProjectModel                                           : loaded 2 times (x 67B)
Class jdk.internal.jimage.decompressor.CompressedResourceHeader                       : loaded 2 times (x 68B)
Class ijInit1_bf6mh7a1x9afcdw40dx5hzd0g                                               : loaded 2 times (x 176B)
Class kotlin.KotlinNullPointerException                                               : loaded 2 times (x 80B)
Class org.jetbrains.plugins.gradle.model.tests.ExternalTestsModel                     : loaded 2 times (x 67B)
Class org.gradle.internal.exceptions.DefaultMultiCauseException                       : loaded 2 times (x 92B)
Class org.gradle.internal.time.Time                                                   : loaded 2 times (x 68B)
Class org.jetbrains.plugins.gradle.model.DependencyAccessorsModel                     : loaded 2 times (x 67B)
Class org.gradle.api.internal.classpath.GlobalCacheRootsProvider                      : loaded 2 times (x 67B)
Class org.jetbrains.kotlin.idea.gradleTooling.KotlinMPPGradleModel                    : loaded 2 times (x 67B)
Class org.gradle.tooling.model.BuildIdentifier                                        : loaded 2 times (x 67B)
Class org.jetbrains.kotlin.idea.gradleTooling.PrepareKotlinIdeImportTaskModel         : loaded 2 times (x 67B)
Class org.gradle.internal.time.Timer                                                  : loaded 2 times (x 67B)
Class kotlin.jvm.internal.markers.KMappedMarker                                       : loaded 2 times (x 67B)
Class org.gradle.internal.installation.CurrentGradleInstallationLocator               : loaded 2 times (x 68B)
Class org.gradle.internal.service.DefaultServiceLocator                               : loaded 2 times (x 80B)
Class jdk.internal.jrtfs.JrtDirectoryStream                                           : loaded 2 times (x 86B)
Class org.gradle.util.GradleVersion                                                   : loaded 2 times (x 80B)
Class org.gradle.internal.installation.CurrentGradleInstallation                      : loaded 2 times (x 70B)
Class org.gradle.util.internal.GUtil                                                  : loaded 2 times (x 68B)
Class org.gradle.internal.installation.GradleInstallation                             : loaded 2 times (x 72B)
Class jdk.internal.jimage.decompressor.ResourceDecompressor$StringsProvider           : loaded 2 times (x 67B)
Class sync_studio_tooling10_e7esb87711ek0b4q0lnd97zoj                                 : loaded 2 times (x 176B)

---------------  S Y S T E M  ---------------

OS:
 Windows 10 , 64 bit Build 19041 (10.0.19041.5915)
OS uptime: 0 days 15:15 hours

CPU: total 8 (initial active 8) (4 cores per cpu, 2 threads per core) family 6 model 140 stepping 1 microcode 0xbc, cx8, cmov, fxsr, ht, mmx, 3dnowpref, sse, sse2, sse3, ssse3, sse4.1, sse4.2, popcnt, lzcnt, tsc, tscinvbit, avx, avx2, aes, erms, clmul, bmi1, bmi2, adx, avx512f, avx512dq, avx512cd, avx512bw, avx512vl, sha, fma, vzeroupper, avx512_vpopcntdq, avx512_vpclmulqdq, avx512_vaes, avx512_vnni, clflush, clflushopt, clwb, avx512_vbmi2, avx512_vbmi, rdtscp, rdpid, fsrm, gfni, avx512_bitalg, f16c, pku, cet_ibt, cet_ss, avx512_ifma
Processor Information for all 8 processors :
  Max Mhz: 2419, Current Mhz: 2419, Mhz Limit: 2419

Memory: 4k page, system-wide physical 3818M (71M free)
TotalPageFile size 15435M (AvailPageFile size 284M)
current process WorkingSet (physical memory assigned to process): 28M, peak: 404M
current process commit charge ("private bytes"): 1028M, peak: 1614M

vm_info: OpenJDK 64-Bit Server VM (21.0.3+-12282718-b509.11) for windows-amd64 JRE (21.0.3+-12282718-b509.11), built on 2024-08-27T17:34:15Z by "builder" with MS VC++ 16.10 / 16.11 (VS2019)

END.
