#
# There is insufficient memory for the Java Runtime Environment to continue.
# Native memory allocation (malloc) failed to allocate 179008 bytes. Error detail: Chunk::new
# Possible reasons:
#   The system is out of physical RAM or swap space
#   This process is running with CompressedOops enabled, and the Java Heap may be blocking the growth of the native heap
# Possible solutions:
#   Reduce memory load on the system
#   Increase physical memory or swap space
#   Check if swap backing store is full
#   Decrease Java heap size (-Xmx/-Xms)
#   Decrease number of Java threads
#   Decrease Java thread stack sizes (-Xss)
#   Set larger code cache with -XX:ReservedCodeCacheSize=
#   JVM is running with Unscaled Compressed Oops mode in which the Java heap is
#     placed in the first 4GB address space. The Java Heap base address is the
#     maximum limit for the native heap growth. Please use -XX:HeapBaseMinAddress
#     to set the Java Heap base and to place the Java Heap above 4GB virtual address.
# This output file may be truncated or incomplete.
#
#  Out of Memory Error (arena.cpp:168), pid=15268, tid=16100
#
# JRE version: OpenJDK Runtime Environment (21.0.3) (build 21.0.3+-12282718-b509.11)
# Java VM: OpenJDK 64-Bit Server VM (21.0.3+-12282718-b509.11, mixed mode, tiered, compressed oops, compressed class ptrs, g1 gc, windows-amd64)
# No core dump will be written. Minidumps are not enabled by default on client versions of Windows
#

---------------  S U M M A R Y ------------

Command Line: --add-opens=java.base/java.lang=ALL-UNNAMED --add-opens=java.base/java.lang.invoke=ALL-UNNAMED --add-opens=java.base/java.util=ALL-UNNAMED --add-opens=java.prefs/java.util.prefs=ALL-UNNAMED --add-exports=jdk.compiler/com.sun.tools.javac.api=ALL-UNNAMED --add-exports=jdk.compiler/com.sun.tools.javac.util=ALL-UNNAMED --add-opens=java.base/java.util=ALL-UNNAMED --add-opens=java.prefs/java.util.prefs=ALL-UNNAMED --add-opens=java.base/java.nio.charset=ALL-UNNAMED --add-opens=java.base/java.net=ALL-UNNAMED --add-opens=java.base/java.util.concurrent.atomic=ALL-UNNAMED --add-opens=java.xml/javax.xml.namespace=ALL-UNNAMED -Xmx2048m -Dfile.encoding=UTF-8 -Duser.country=IN -Duser.language=en -Duser.variant -javaagent:C:\Users\user\.gradle\wrapper\dists\gradle-8.11.1-bin\bpt9gzteqjrbo1mjrsomdt32c\gradle-8.11.1\lib\agents\gradle-instrumentation-agent-8.11.1.jar org.gradle.launcher.daemon.bootstrap.GradleDaemon 8.11.1

Host: 11th Gen Intel(R) Core(TM) i5-1135G7 @ 2.40GHz, 8 cores, 3G,  Windows 10 , 64 bit Build 19041 (10.0.19041.5915)
Time: Fri Feb 20 15:16:27 2026 India Standard Time elapsed time: 79.818830 seconds (0d 0h 1m 19s)

---------------  T H R E A D  ---------------

Current thread (0x00000151b50411a0):  JavaThread "C2 CompilerThread0" daemon [_thread_in_native, id=16100, stack(0x0000001e4df00000,0x0000001e4e000000) (1024K)]


Current CompileTask:
C2:  79818 20902   !   4       org.gradle.cache.internal.LockOnDemandCrossProcessCacheAccess::incrementLockCount (191 bytes)

Stack: [0x0000001e4df00000,0x0000001e4e000000]
Native frames: (J=compiled Java code, j=interpreted, Vv=VM code, C=native code)
V  [jvm.dll+0x6cafb9]
V  [jvm.dll+0x858523]
V  [jvm.dll+0x85aa7e]
V  [jvm.dll+0x85b163]
V  [jvm.dll+0x27d356]
V  [jvm.dll+0xbf93d]
V  [jvm.dll+0xbfe73]
V  [jvm.dll+0x3b1ceb]
V  [jvm.dll+0x37e787]
V  [jvm.dll+0x37dbfa]
V  [jvm.dll+0x246b02]
V  [jvm.dll+0x2460d1]
V  [jvm.dll+0x1c5804]
V  [jvm.dll+0x25575c]
V  [jvm.dll+0x253c36]
V  [jvm.dll+0x3ec996]
V  [jvm.dll+0x800d78]
V  [jvm.dll+0x6c98cd]
C  [ucrtbase.dll+0x21bb2]
C  [KERNEL32.DLL+0x17374]
C  [ntdll.dll+0x4cc91]


---------------  P R O C E S S  ---------------

Threads class SMR info:
_java_thread_list=0x00000151b8edd9e0, length=93, elements={
0x000001519939e580, 0x00000151b501ef50, 0x00000151b50215d0, 0x00000151b50367d0,
0x00000151b5037230, 0x00000151b50378a0, 0x00000151b5040410, 0x00000151b50411a0,
0x00000151b5049c50, 0x00000151b5180800, 0x00000151b5355050, 0x00000151b5fffdd0,
0x00000151b600e770, 0x00000151b6e560b0, 0x00000151b6d279b0, 0x00000151b5322120,
0x00000151b543d780, 0x00000151b5f421a0, 0x00000151b5f42830, 0x00000151b5f43550,
0x00000151b5f44270, 0x00000151b5f43be0, 0x00000151b5f44900, 0x00000151b5f44f90,
0x00000151b5f41b10, 0x00000151b6f02ee0, 0x00000151b6f03570, 0x00000151b6f05cd0,
0x00000151b6f069f0, 0x00000151b6f08430, 0x00000151b6f03c00, 0x00000151b6f04920,
0x00000151b6f07080, 0x00000151b6f08ac0, 0x00000151b6f04fb0, 0x00000151b6f09150,
0x00000151b6f021c0, 0x00000151b6f05640, 0x00000151b6f07710, 0x00000151b6f07da0,
0x00000151b6f02850, 0x00000151b6f04290, 0x00000151b7900e10, 0x00000151b7903c00,
0x00000151b7900780, 0x00000151b7901b30, 0x00000151b79014a0, 0x00000151b79021c0,
0x00000151b7902850, 0x00000151b7902ee0, 0x00000151b7903570, 0x00000151b84630a0,
0x00000151b845fc20, 0x00000151b845c110, 0x00000151b845ef00, 0x00000151b845d4c0,
0x00000151b8461660, 0x00000151b84602b0, 0x00000151b845db50, 0x00000151b8460fd0,
0x00000151b8460940, 0x00000151b845e870, 0x00000151b845c7a0, 0x00000151b845f590,
0x00000151b8462380, 0x00000151b8462a10, 0x00000151b8463730, 0x00000151b845ce30,
0x00000151b83f5650, 0x00000151b83f7720, 0x00000151b83f3580, 0x00000151b83f7db0,
0x00000151b83f9160, 0x00000151b83f97f0, 0x00000151b83fa510, 0x00000151b83f4930,
0x00000151b83f4fc0, 0x00000151b883e7b0, 0x00000151b883ee40, 0x00000151b883c6e0,
0x00000151bae6b090, 0x00000151c5b6a510, 0x00000151c0556af0, 0x00000151c0555dd0,
0x00000151c0556460, 0x00000151c6b47180, 0x00000151c6b45740, 0x00000151c6b47ea0,
0x00000151c6b47810, 0x00000151c6b46460, 0x00000151c6b450b0, 0x00000151ba1d3d90,
0x00000151c680a060
}

Java Threads: ( => current thread )
  0x000001519939e580 JavaThread "main"                              [_thread_blocked, id=14680, stack(0x0000001e4d100000,0x0000001e4d200000) (1024K)]
  0x00000151b501ef50 JavaThread "Reference Handler"          daemon [_thread_blocked, id=12992, stack(0x0000001e4d900000,0x0000001e4da00000) (1024K)]
  0x00000151b50215d0 JavaThread "Finalizer"                  daemon [_thread_blocked, id=13304, stack(0x0000001e4da00000,0x0000001e4db00000) (1024K)]
  0x00000151b50367d0 JavaThread "Signal Dispatcher"          daemon [_thread_blocked, id=3680, stack(0x0000001e4db00000,0x0000001e4dc00000) (1024K)]
  0x00000151b5037230 JavaThread "Attach Listener"            daemon [_thread_blocked, id=12928, stack(0x0000001e4dc00000,0x0000001e4dd00000) (1024K)]
  0x00000151b50378a0 JavaThread "Service Thread"             daemon [_thread_blocked, id=12324, stack(0x0000001e4dd00000,0x0000001e4de00000) (1024K)]
  0x00000151b5040410 JavaThread "Monitor Deflation Thread"   daemon [_thread_blocked, id=14880, stack(0x0000001e4de00000,0x0000001e4df00000) (1024K)]
=>0x00000151b50411a0 JavaThread "C2 CompilerThread0"         daemon [_thread_in_native, id=16100, stack(0x0000001e4df00000,0x0000001e4e000000) (1024K)]
  0x00000151b5049c50 JavaThread "C1 CompilerThread0"         daemon [_thread_blocked, id=15744, stack(0x0000001e4e000000,0x0000001e4e100000) (1024K)]
  0x00000151b5180800 JavaThread "Common-Cleaner"             daemon [_thread_blocked, id=11956, stack(0x0000001e4e100000,0x0000001e4e200000) (1024K)]
  0x00000151b5355050 JavaThread "Notification Thread"        daemon [_thread_blocked, id=6408, stack(0x0000001e4e200000,0x0000001e4e300000) (1024K)]
  0x00000151b5fffdd0 JavaThread "Daemon health stats"               [_thread_blocked, id=7884, stack(0x0000001e4e700000,0x0000001e4e800000) (1024K)]
  0x00000151b600e770 JavaThread "Incoming local TCP Connector on port 60347"        [_thread_in_native, id=8660, stack(0x0000001e4eb00000,0x0000001e4ec00000) (1024K)]
  0x00000151b6e560b0 JavaThread "Daemon periodic checks"            [_thread_blocked, id=16056, stack(0x0000001e4ec00000,0x0000001e4ed00000) (1024K)]
  0x00000151b6d279b0 JavaThread "Daemon"                            [_thread_blocked, id=11672, stack(0x0000001e4ed00000,0x0000001e4ee00000) (1024K)]
  0x00000151b5322120 JavaThread "Handler for socket connection from /127.0.0.1:60347 to /127.0.0.1:60351"        [_thread_in_native, id=7128, stack(0x0000001e4ee00000,0x0000001e4ef00000) (1024K)]
  0x00000151b543d780 JavaThread "Cancel handler"                    [_thread_blocked, id=16148, stack(0x0000001e4ef00000,0x0000001e4f000000) (1024K)]
  0x00000151b5f421a0 JavaThread "Daemon worker"                     [_thread_in_native, id=7112, stack(0x0000001e4f000000,0x0000001e4f100000) (1024K)]
  0x00000151b5f42830 JavaThread "Asynchronous log dispatcher for DefaultDaemonConnection: socket connection from /127.0.0.1:60347 to /127.0.0.1:60351"        [_thread_blocked, id=10668, stack(0x0000001e4f100000,0x0000001e4f200000) (1024K)]
  0x00000151b5f43550 JavaThread "Stdin handler"                     [_thread_blocked, id=9904, stack(0x0000001e4f200000,0x0000001e4f300000) (1024K)]
  0x00000151b5f44270 JavaThread "Daemon client event forwarder"        [_thread_blocked, id=15160, stack(0x0000001e4f300000,0x0000001e4f400000) (1024K)]
  0x00000151b5f43be0 JavaThread "Cache worker for journal cache (C:\Users\user\.gradle\caches\journal-1)"        [_thread_blocked, id=7184, stack(0x0000001e4f500000,0x0000001e4f600000) (1024K)]
  0x00000151b5f44900 JavaThread "File lock request listener"        [_thread_in_native, id=14080, stack(0x0000001e4f600000,0x0000001e4f700000) (1024K)]
  0x00000151b5f44f90 JavaThread "Cache worker for file hash cache (C:\Users\user\.gradle\caches\8.11.1\fileHashes)"        [_thread_in_Java, id=15148, stack(0x0000001e4f700000,0x0000001e4f800000) (1024K)]
  0x00000151b5f41b10 JavaThread "Cache worker for file content cache (C:\Users\user\.gradle\caches\8.11.1\fileContent)"        [_thread_blocked, id=6108, stack(0x0000001e4f800000,0x0000001e4f900000) (1024K)]
  0x00000151b6f02ee0 JavaThread "Cache worker for file hash cache (C:\Users\user\AndroidStudioProjects\ImageApp\.gradle\8.11.1\fileHashes)"        [_thread_blocked, id=15376, stack(0x0000001e4f900000,0x0000001e4fa00000) (1024K)]
  0x00000151b6f03570 JavaThread "Cache worker for Build Output Cleanup Cache (C:\Users\user\AndroidStudioProjects\ImageApp\.gradle\buildOutputCleanup)"        [_thread_blocked, id=5724, stack(0x0000001e4fa00000,0x0000001e4fb00000) (1024K)]
  0x00000151b6f05cd0 JavaThread "File watcher server"        daemon [_thread_in_native, id=12812, stack(0x0000001e4fb00000,0x0000001e4fc00000) (1024K)]
  0x00000151b6f069f0 JavaThread "File watcher consumer"      daemon [_thread_blocked, id=2280, stack(0x0000001e4fc00000,0x0000001e4fd00000) (1024K)]
  0x00000151b6f08430 JavaThread "jar transforms"                    [_thread_blocked, id=9780, stack(0x0000001e4fd00000,0x0000001e4fe00000) (1024K)]
  0x00000151b6f03c00 JavaThread "jar transforms Thread 2"           [_thread_blocked, id=7444, stack(0x0000001e4fe00000,0x0000001e4ff00000) (1024K)]
  0x00000151b6f04920 JavaThread "jar transforms Thread 3"           [_thread_blocked, id=15500, stack(0x0000001e4ff00000,0x0000001e50000000) (1024K)]
  0x00000151b6f07080 JavaThread "jar transforms Thread 4"           [_thread_blocked, id=12228, stack(0x0000001e50000000,0x0000001e50100000) (1024K)]
  0x00000151b6f08ac0 JavaThread "jar transforms Thread 5"           [_thread_blocked, id=10352, stack(0x0000001e50100000,0x0000001e50200000) (1024K)]
  0x00000151b6f04fb0 JavaThread "jar transforms Thread 6"           [_thread_blocked, id=10264, stack(0x0000001e50200000,0x0000001e50300000) (1024K)]
  0x00000151b6f09150 JavaThread "jar transforms Thread 7"           [_thread_blocked, id=10780, stack(0x0000001e50300000,0x0000001e50400000) (1024K)]
  0x00000151b6f021c0 JavaThread "jar transforms Thread 8"           [_thread_blocked, id=2500, stack(0x0000001e50400000,0x0000001e50500000) (1024K)]
  0x00000151b6f05640 JavaThread "Cache worker for checksums cache (C:\Users\user\AndroidStudioProjects\ImageApp\.gradle\8.11.1\checksums)"        [_thread_blocked, id=13328, stack(0x0000001e50500000,0x0000001e50600000) (1024K)]
  0x00000151b6f07710 JavaThread "Cache worker for cache directory md-rule (C:\Users\user\.gradle\caches\8.11.1\md-rule)"        [_thread_blocked, id=2356, stack(0x0000001e50600000,0x0000001e50700000) (1024K)]
  0x00000151b6f07da0 JavaThread "Cache worker for cache directory md-supplier (C:\Users\user\.gradle\caches\8.11.1\md-supplier)"        [_thread_blocked, id=13596, stack(0x0000001e50700000,0x0000001e50800000) (1024K)]
  0x00000151b6f02850 JavaThread "Unconstrained build operations"        [_thread_blocked, id=13740, stack(0x0000001e50800000,0x0000001e50900000) (1024K)]
  0x00000151b6f04290 JavaThread "Unconstrained build operations Thread 2"        [_thread_blocked, id=11904, stack(0x0000001e50900000,0x0000001e50a00000) (1024K)]
  0x00000151b7900e10 JavaThread "Unconstrained build operations Thread 3"        [_thread_blocked, id=15372, stack(0x0000001e50a00000,0x0000001e50b00000) (1024K)]
  0x00000151b7903c00 JavaThread "Unconstrained build operations Thread 4"        [_thread_blocked, id=10012, stack(0x0000001e50b00000,0x0000001e50c00000) (1024K)]
  0x00000151b7900780 JavaThread "Unconstrained build operations Thread 5"        [_thread_blocked, id=14728, stack(0x0000001e50c00000,0x0000001e50d00000) (1024K)]
  0x00000151b7901b30 JavaThread "Unconstrained build operations Thread 6"        [_thread_blocked, id=14036, stack(0x0000001e50d00000,0x0000001e50e00000) (1024K)]
  0x00000151b79014a0 JavaThread "Unconstrained build operations Thread 7"        [_thread_blocked, id=15728, stack(0x0000001e50e00000,0x0000001e50f00000) (1024K)]
  0x00000151b79021c0 JavaThread "Unconstrained build operations Thread 8"        [_thread_blocked, id=10676, stack(0x0000001e50f00000,0x0000001e51000000) (1024K)]
  0x00000151b7902850 JavaThread "Unconstrained build operations Thread 9"        [_thread_blocked, id=7092, stack(0x0000001e51000000,0x0000001e51100000) (1024K)]
  0x00000151b7902ee0 JavaThread "Unconstrained build operations Thread 10"        [_thread_blocked, id=13040, stack(0x0000001e51100000,0x0000001e51200000) (1024K)]
  0x00000151b7903570 JavaThread "Unconstrained build operations Thread 11"        [_thread_blocked, id=472, stack(0x0000001e51200000,0x0000001e51300000) (1024K)]
  0x00000151b84630a0 JavaThread "Unconstrained build operations Thread 12"        [_thread_blocked, id=2452, stack(0x0000001e51300000,0x0000001e51400000) (1024K)]
  0x00000151b845fc20 JavaThread "Unconstrained build operations Thread 13"        [_thread_blocked, id=12212, stack(0x0000001e51400000,0x0000001e51500000) (1024K)]
  0x00000151b845c110 JavaThread "Unconstrained build operations Thread 14"        [_thread_blocked, id=6504, stack(0x0000001e51500000,0x0000001e51600000) (1024K)]
  0x00000151b845ef00 JavaThread "Unconstrained build operations Thread 15"        [_thread_blocked, id=7460, stack(0x0000001e51600000,0x0000001e51700000) (1024K)]
  0x00000151b845d4c0 JavaThread "Unconstrained build operations Thread 16"        [_thread_blocked, id=7160, stack(0x0000001e51700000,0x0000001e51800000) (1024K)]
  0x00000151b8461660 JavaThread "Unconstrained build operations Thread 17"        [_thread_blocked, id=15320, stack(0x0000001e51800000,0x0000001e51900000) (1024K)]
  0x00000151b84602b0 JavaThread "Unconstrained build operations Thread 18"        [_thread_blocked, id=9464, stack(0x0000001e51900000,0x0000001e51a00000) (1024K)]
  0x00000151b845db50 JavaThread "Unconstrained build operations Thread 19"        [_thread_blocked, id=12276, stack(0x0000001e51a00000,0x0000001e51b00000) (1024K)]
  0x00000151b8460fd0 JavaThread "Unconstrained build operations Thread 20"        [_thread_blocked, id=1704, stack(0x0000001e51b00000,0x0000001e51c00000) (1024K)]
  0x00000151b8460940 JavaThread "Unconstrained build operations Thread 21"        [_thread_blocked, id=11512, stack(0x0000001e51c00000,0x0000001e51d00000) (1024K)]
  0x00000151b845e870 JavaThread "Unconstrained build operations Thread 22"        [_thread_blocked, id=2984, stack(0x0000001e51d00000,0x0000001e51e00000) (1024K)]
  0x00000151b845c7a0 JavaThread "Unconstrained build operations Thread 23"        [_thread_blocked, id=15620, stack(0x0000001e51e00000,0x0000001e51f00000) (1024K)]
  0x00000151b845f590 JavaThread "Unconstrained build operations Thread 24"        [_thread_blocked, id=6076, stack(0x0000001e51f00000,0x0000001e52000000) (1024K)]
  0x00000151b8462380 JavaThread "Unconstrained build operations Thread 25"        [_thread_blocked, id=16352, stack(0x0000001e52000000,0x0000001e52100000) (1024K)]
  0x00000151b8462a10 JavaThread "Unconstrained build operations Thread 26"        [_thread_blocked, id=8736, stack(0x0000001e52100000,0x0000001e52200000) (1024K)]
  0x00000151b8463730 JavaThread "Unconstrained build operations Thread 27"        [_thread_blocked, id=12344, stack(0x0000001e52200000,0x0000001e52300000) (1024K)]
  0x00000151b845ce30 JavaThread "Unconstrained build operations Thread 28"        [_thread_blocked, id=13604, stack(0x0000001e52300000,0x0000001e52400000) (1024K)]
  0x00000151b83f5650 JavaThread "Unconstrained build operations Thread 29"        [_thread_blocked, id=11612, stack(0x0000001e52400000,0x0000001e52500000) (1024K)]
  0x00000151b83f7720 JavaThread "Unconstrained build operations Thread 30"        [_thread_blocked, id=4368, stack(0x0000001e52500000,0x0000001e52600000) (1024K)]
  0x00000151b83f3580 JavaThread "Unconstrained build operations Thread 31"        [_thread_blocked, id=16288, stack(0x0000001e52600000,0x0000001e52700000) (1024K)]
  0x00000151b83f7db0 JavaThread "Unconstrained build operations Thread 32"        [_thread_blocked, id=14792, stack(0x0000001e52700000,0x0000001e52800000) (1024K)]
  0x00000151b83f9160 JavaThread "Unconstrained build operations Thread 33"        [_thread_blocked, id=8112, stack(0x0000001e52800000,0x0000001e52900000) (1024K)]
  0x00000151b83f97f0 JavaThread "Unconstrained build operations Thread 34"        [_thread_blocked, id=10336, stack(0x0000001e52900000,0x0000001e52a00000) (1024K)]
  0x00000151b83fa510 JavaThread "Unconstrained build operations Thread 35"        [_thread_blocked, id=6824, stack(0x0000001e52a00000,0x0000001e52b00000) (1024K)]
  0x00000151b83f4930 JavaThread "Unconstrained build operations Thread 36"        [_thread_blocked, id=5504, stack(0x0000001e52b00000,0x0000001e52c00000) (1024K)]
  0x00000151b83f4fc0 JavaThread "Unconstrained build operations Thread 37"        [_thread_blocked, id=236, stack(0x0000001e52c00000,0x0000001e52d00000) (1024K)]
  0x00000151b883e7b0 JavaThread "Unconstrained build operations Thread 38"        [_thread_blocked, id=3900, stack(0x0000001e52d00000,0x0000001e52e00000) (1024K)]
  0x00000151b883ee40 JavaThread "Unconstrained build operations Thread 39"        [_thread_blocked, id=8364, stack(0x0000001e52e00000,0x0000001e52f00000) (1024K)]
  0x00000151b883c6e0 JavaThread "Memory manager"                    [_thread_blocked, id=10572, stack(0x0000001e52f00000,0x0000001e53000000) (1024K)]
  0x00000151bae6b090 JavaThread "build event listener"              [_thread_blocked, id=5992, stack(0x0000001e53000000,0x0000001e53100000) (1024K)]
  0x00000151c5b6a510 JavaThread "Kotlin DSL Writer"                 [_thread_blocked, id=7648, stack(0x0000001e53100000,0x0000001e53200000) (1024K)]
  0x00000151c0556af0 JavaThread "included builds"                   [_thread_blocked, id=14528, stack(0x0000001e4ce00000,0x0000001e4cf00000) (1024K)]
  0x00000151c0555dd0 JavaThread "Execution worker"                  [_thread_blocked, id=12932, stack(0x0000001e4cf00000,0x0000001e4d000000) (1024K)]
  0x00000151c0556460 JavaThread "Execution worker Thread 2"         [_thread_blocked, id=10436, stack(0x0000001e4d000000,0x0000001e4d100000) (1024K)]
  0x00000151c6b47180 JavaThread "Execution worker Thread 3"         [_thread_blocked, id=2904, stack(0x0000001e53200000,0x0000001e53300000) (1024K)]
  0x00000151c6b45740 JavaThread "Execution worker Thread 4"         [_thread_blocked, id=10452, stack(0x0000001e53300000,0x0000001e53400000) (1024K)]
  0x00000151c6b47ea0 JavaThread "Execution worker Thread 5"         [_thread_blocked, id=6136, stack(0x0000001e53400000,0x0000001e53500000) (1024K)]
  0x00000151c6b47810 JavaThread "Execution worker Thread 6"         [_thread_blocked, id=4700, stack(0x0000001e53500000,0x0000001e53600000) (1024K)]
  0x00000151c6b46460 JavaThread "Execution worker Thread 7"         [_thread_blocked, id=15736, stack(0x0000001e53600000,0x0000001e53700000) (1024K)]
  0x00000151c6b450b0 JavaThread "Cache worker for execution history cache (C:\Users\user\AndroidStudioProjects\ImageApp\.gradle\8.11.1\executionHistory)"        [_thread_blocked, id=5812, stack(0x0000001e53700000,0x0000001e53800000) (1024K)]
  0x00000151ba1d3d90 JavaThread "idea-tooling-model-converter"        [_thread_blocked, id=3584, stack(0x0000001e53800000,0x0000001e53900000) (1024K)]
  0x00000151c680a060 JavaThread "Unconstrained build operations Thread 40"        [_thread_blocked, id=5944, stack(0x0000001e53900000,0x0000001e53a00000) (1024K)]
Total: 93

Other Threads:
  0x00000151b0a63b90 VMThread "VM Thread"                           [id=10520, stack(0x0000001e4d800000,0x0000001e4d900000) (1024K)]
  0x00000151b09cfd10 WatcherThread "VM Periodic Task Thread"        [id=5484, stack(0x0000001e4d700000,0x0000001e4d800000) (1024K)]
  0x00000151993f3900 WorkerThread "GC Thread#0"                     [id=12348, stack(0x0000001e4d200000,0x0000001e4d300000) (1024K)]
  0x00000151b5697af0 WorkerThread "GC Thread#1"                     [id=12492, stack(0x0000001e4e300000,0x0000001e4e400000) (1024K)]
  0x00000151b57987c0 WorkerThread "GC Thread#2"                     [id=1176, stack(0x0000001e4e400000,0x0000001e4e500000) (1024K)]
  0x00000151b60fd870 WorkerThread "GC Thread#3"                     [id=1236, stack(0x0000001e4e500000,0x0000001e4e600000) (1024K)]
  0x00000151b5f23b40 WorkerThread "GC Thread#4"                     [id=16364, stack(0x0000001e4e600000,0x0000001e4e700000) (1024K)]
  0x00000151b6de04b0 WorkerThread "GC Thread#5"                     [id=8260, stack(0x0000001e4e800000,0x0000001e4e900000) (1024K)]
  0x00000151b6de1330 WorkerThread "GC Thread#6"                     [id=2920, stack(0x0000001e4e900000,0x0000001e4ea00000) (1024K)]
  0x00000151b6de16d0 WorkerThread "GC Thread#7"                     [id=7420, stack(0x0000001e4ea00000,0x0000001e4eb00000) (1024K)]
  0x0000015199405810 ConcurrentGCThread "G1 Main Marker"            [id=10072, stack(0x0000001e4d300000,0x0000001e4d400000) (1024K)]
  0x0000015199407870 WorkerThread "G1 Conc#0"                       [id=7036, stack(0x0000001e4d400000,0x0000001e4d500000) (1024K)]
  0x00000151b6de1a70 WorkerThread "G1 Conc#1"                       [id=9096, stack(0x0000001e4f400000,0x0000001e4f500000) (1024K)]
  0x00000151b08a0080 ConcurrentGCThread "G1 Refine#0"               [id=9132, stack(0x0000001e4d500000,0x0000001e4d600000) (1024K)]
  0x00000151b08a08a0 ConcurrentGCThread "G1 Service"                [id=6264, stack(0x0000001e4d600000,0x0000001e4d700000) (1024K)]
Total: 15

Threads with active compile tasks:
C2 CompilerThread0    79857 20902   !   4       org.gradle.cache.internal.LockOnDemandCrossProcessCacheAccess::incrementLockCount (191 bytes)
Total: 1

VM state: not at safepoint (normal execution)

VM Mutex/Monitor currently owned by a thread: None

Heap address: 0x0000000080000000, size: 2048 MB, Compressed Oops mode: 32-bit

CDS archive(s) not mapped
Compressed class space mapped at: 0x0000000100000000-0x0000000140000000, reserved size: 1073741824
Narrow klass base: 0x0000000000000000, Narrow klass shift: 3, Narrow klass range: 0x140000000

GC Precious Log:
 CardTable entry size: 512
 Card Set container configuration: InlinePtr #cards 5 size 8 Array Of Cards #cards 12 size 40 Howl #buckets 4 coarsen threshold 1843 Howl Bitmap #cards 512 size 80 coarsen threshold 460 Card regions per heap region 1 cards per card region 2048
 CPUs: 8 total, 8 available
 Memory: 3818M
 Large Page Support: Disabled
 NUMA Support: Disabled
 Compressed Oops: Enabled (32-bit)
 Heap Region Size: 1M
 Heap Min Capacity: 8M
 Heap Initial Capacity: 60M
 Heap Max Capacity: 2G
 Pre-touch: Disabled
 Parallel Workers: 8
 Concurrent Workers: 2
 Concurrent Refinement Workers: 8
 Periodic GC: Disabled

Heap:
 garbage-first heap   total 439296K, used 289279K [0x0000000080000000, 0x0000000100000000)
  region size 1024K, 45 young (46080K), 17 survivors (17408K)
 Metaspace       used 179526K, committed 182272K, reserved 1245184K
  class space    used 23252K, committed 24640K, reserved 1048576K

Heap Regions: E=young(eden), S=young(survivor), O=old, HS=humongous(starts), HC=humongous(continues), CS=collection set, F=free, TAMS=top-at-mark-start, PB=parsable bottom
|   0|0x0000000080000000, 0x0000000080100000, 0x0000000080100000|100%| O|  |TAMS 0x0000000080000000| PB 0x0000000080000000| Untracked 
|   1|0x0000000080100000, 0x0000000080200000, 0x0000000080200000|100%|HS|  |TAMS 0x0000000080100000| PB 0x0000000080100000| Complete 
|   2|0x0000000080200000, 0x0000000080300000, 0x0000000080300000|100%|HC|  |TAMS 0x0000000080200000| PB 0x0000000080200000| Complete 
|   3|0x0000000080300000, 0x0000000080400000, 0x0000000080400000|100%|HC|  |TAMS 0x0000000080300000| PB 0x0000000080300000| Complete 
|   4|0x0000000080400000, 0x0000000080500000, 0x0000000080500000|100%| O|  |TAMS 0x0000000080400000| PB 0x0000000080400000| Untracked 
|   5|0x0000000080500000, 0x0000000080600000, 0x0000000080600000|100%| O|  |TAMS 0x0000000080500000| PB 0x0000000080500000| Untracked 
|   6|0x0000000080600000, 0x0000000080700000, 0x0000000080700000|100%| O|  |TAMS 0x0000000080600000| PB 0x0000000080600000| Untracked 
|   7|0x0000000080700000, 0x0000000080800000, 0x0000000080800000|100%| O|  |TAMS 0x0000000080700000| PB 0x0000000080700000| Untracked 
|   8|0x0000000080800000, 0x0000000080900000, 0x0000000080900000|100%| O|  |TAMS 0x0000000080800000| PB 0x0000000080800000| Untracked 
|   9|0x0000000080900000, 0x0000000080a00000, 0x0000000080a00000|100%| O|  |TAMS 0x0000000080900000| PB 0x0000000080900000| Untracked 
|  10|0x0000000080a00000, 0x0000000080b00000, 0x0000000080b00000|100%| O|  |TAMS 0x0000000080a00000| PB 0x0000000080a00000| Untracked 
|  11|0x0000000080b00000, 0x0000000080c00000, 0x0000000080c00000|100%|HS|  |TAMS 0x0000000080b00000| PB 0x0000000080b00000| Complete 
|  12|0x0000000080c00000, 0x0000000080d00000, 0x0000000080d00000|100%| O|  |TAMS 0x0000000080c00000| PB 0x0000000080c00000| Untracked 
|  13|0x0000000080d00000, 0x0000000080e00000, 0x0000000080e00000|100%| O|  |TAMS 0x0000000080d00000| PB 0x0000000080d00000| Untracked 
|  14|0x0000000080e00000, 0x0000000080f00000, 0x0000000080f00000|100%| O|  |TAMS 0x0000000080e00000| PB 0x0000000080e00000| Untracked 
|  15|0x0000000080f00000, 0x0000000081000000, 0x0000000081000000|100%| O|  |TAMS 0x0000000080f00000| PB 0x0000000080f00000| Untracked 
|  16|0x0000000081000000, 0x0000000081100000, 0x0000000081100000|100%| O|  |TAMS 0x0000000081000000| PB 0x0000000081000000| Untracked 
|  17|0x0000000081100000, 0x0000000081200000, 0x0000000081200000|100%| O|  |TAMS 0x0000000081100000| PB 0x0000000081100000| Untracked 
|  18|0x0000000081200000, 0x0000000081300000, 0x0000000081300000|100%| O|  |TAMS 0x0000000081200000| PB 0x0000000081200000| Untracked 
|  19|0x0000000081300000, 0x0000000081400000, 0x0000000081400000|100%| O|  |TAMS 0x0000000081300000| PB 0x0000000081300000| Untracked 
|  20|0x0000000081400000, 0x0000000081500000, 0x0000000081500000|100%| O|  |TAMS 0x0000000081400000| PB 0x0000000081400000| Untracked 
|  21|0x0000000081500000, 0x0000000081600000, 0x0000000081600000|100%| O|  |TAMS 0x0000000081500000| PB 0x0000000081500000| Untracked 
|  22|0x0000000081600000, 0x0000000081700000, 0x0000000081700000|100%| O|  |TAMS 0x0000000081600000| PB 0x0000000081600000| Untracked 
|  23|0x0000000081700000, 0x0000000081800000, 0x0000000081800000|100%|HS|  |TAMS 0x0000000081700000| PB 0x0000000081700000| Complete 
|  24|0x0000000081800000, 0x0000000081900000, 0x0000000081900000|100%|HS|  |TAMS 0x0000000081800000| PB 0x0000000081800000| Complete 
|  25|0x0000000081900000, 0x0000000081a00000, 0x0000000081a00000|100%|HC|  |TAMS 0x0000000081900000| PB 0x0000000081900000| Complete 
|  26|0x0000000081a00000, 0x0000000081b00000, 0x0000000081b00000|100%|HC|  |TAMS 0x0000000081a00000| PB 0x0000000081a00000| Complete 
|  27|0x0000000081b00000, 0x0000000081c00000, 0x0000000081c00000|100%|HC|  |TAMS 0x0000000081b00000| PB 0x0000000081b00000| Complete 
|  28|0x0000000081c00000, 0x0000000081d00000, 0x0000000081d00000|100%|HC|  |TAMS 0x0000000081c00000| PB 0x0000000081c00000| Complete 
|  29|0x0000000081d00000, 0x0000000081e00000, 0x0000000081e00000|100%|HC|  |TAMS 0x0000000081d00000| PB 0x0000000081d00000| Complete 
|  30|0x0000000081e00000, 0x0000000081f00000, 0x0000000081f00000|100%| O|  |TAMS 0x0000000081e00000| PB 0x0000000081e00000| Untracked 
|  31|0x0000000081f00000, 0x0000000082000000, 0x0000000082000000|100%|HS|  |TAMS 0x0000000081f00000| PB 0x0000000081f00000| Complete 
|  32|0x0000000082000000, 0x0000000082100000, 0x0000000082100000|100%|HS|  |TAMS 0x0000000082000000| PB 0x0000000082000000| Complete 
|  33|0x0000000082100000, 0x0000000082200000, 0x0000000082200000|100%|HC|  |TAMS 0x0000000082100000| PB 0x0000000082100000| Complete 
|  34|0x0000000082200000, 0x0000000082300000, 0x0000000082300000|100%|HC|  |TAMS 0x0000000082200000| PB 0x0000000082200000| Complete 
|  35|0x0000000082300000, 0x0000000082400000, 0x0000000082400000|100%|HS|  |TAMS 0x0000000082300000| PB 0x0000000082300000| Complete 
|  36|0x0000000082400000, 0x0000000082500000, 0x0000000082500000|100%|HC|  |TAMS 0x0000000082400000| PB 0x0000000082400000| Complete 
|  37|0x0000000082500000, 0x0000000082600000, 0x0000000082600000|100%|HS|  |TAMS 0x0000000082500000| PB 0x0000000082500000| Complete 
|  38|0x0000000082600000, 0x0000000082700000, 0x0000000082700000|100%| O|  |TAMS 0x0000000082600000| PB 0x0000000082600000| Untracked 
|  39|0x0000000082700000, 0x0000000082800000, 0x0000000082800000|100%| O|  |TAMS 0x0000000082700000| PB 0x0000000082700000| Untracked 
|  40|0x0000000082800000, 0x0000000082900000, 0x0000000082900000|100%| O|  |TAMS 0x0000000082800000| PB 0x0000000082800000| Untracked 
|  41|0x0000000082900000, 0x0000000082a00000, 0x0000000082a00000|100%| O|  |TAMS 0x0000000082900000| PB 0x0000000082900000| Untracked 
|  42|0x0000000082a00000, 0x0000000082b00000, 0x0000000082b00000|100%| O|  |TAMS 0x0000000082a00000| PB 0x0000000082a00000| Untracked 
|  43|0x0000000082b00000, 0x0000000082c00000, 0x0000000082c00000|100%| O|  |TAMS 0x0000000082b00000| PB 0x0000000082b00000| Untracked 
|  44|0x0000000082c00000, 0x0000000082d00000, 0x0000000082d00000|100%| O|  |TAMS 0x0000000082c00000| PB 0x0000000082c00000| Untracked 
|  45|0x0000000082d00000, 0x0000000082e00000, 0x0000000082e00000|100%| O|  |TAMS 0x0000000082d00000| PB 0x0000000082d00000| Untracked 
|  46|0x0000000082e00000, 0x0000000082f00000, 0x0000000082f00000|100%| O|  |TAMS 0x0000000082e00000| PB 0x0000000082e00000| Untracked 
|  47|0x0000000082f00000, 0x0000000083000000, 0x0000000083000000|100%| O|  |TAMS 0x0000000082f00000| PB 0x0000000082f00000| Untracked 
|  48|0x0000000083000000, 0x0000000083100000, 0x0000000083100000|100%| O|  |TAMS 0x0000000083000000| PB 0x0000000083000000| Untracked 
|  49|0x0000000083100000, 0x0000000083200000, 0x0000000083200000|100%|HS|  |TAMS 0x0000000083100000| PB 0x0000000083100000| Complete 
|  50|0x0000000083200000, 0x0000000083300000, 0x0000000083300000|100%|HS|  |TAMS 0x0000000083200000| PB 0x0000000083200000| Complete 
|  51|0x0000000083300000, 0x0000000083400000, 0x0000000083400000|100%|HC|  |TAMS 0x0000000083300000| PB 0x0000000083300000| Complete 
|  52|0x0000000083400000, 0x0000000083500000, 0x0000000083500000|100%| O|  |TAMS 0x0000000083400000| PB 0x0000000083400000| Untracked 
|  53|0x0000000083500000, 0x0000000083600000, 0x0000000083600000|100%|HS|  |TAMS 0x0000000083500000| PB 0x0000000083500000| Complete 
|  54|0x0000000083600000, 0x0000000083700000, 0x0000000083700000|100%| O|  |TAMS 0x0000000083600000| PB 0x0000000083600000| Untracked 
|  55|0x0000000083700000, 0x0000000083800000, 0x0000000083800000|100%| O|  |TAMS 0x0000000083700000| PB 0x0000000083700000| Untracked 
|  56|0x0000000083800000, 0x0000000083900000, 0x0000000083900000|100%| O|  |TAMS 0x0000000083800000| PB 0x0000000083800000| Untracked 
|  57|0x0000000083900000, 0x0000000083a00000, 0x0000000083a00000|100%|HS|  |TAMS 0x0000000083900000| PB 0x0000000083900000| Complete 
|  58|0x0000000083a00000, 0x0000000083b00000, 0x0000000083b00000|100%|HC|  |TAMS 0x0000000083a00000| PB 0x0000000083a00000| Complete 
|  59|0x0000000083b00000, 0x0000000083c00000, 0x0000000083c00000|100%|HC|  |TAMS 0x0000000083b00000| PB 0x0000000083b00000| Complete 
|  60|0x0000000083c00000, 0x0000000083d00000, 0x0000000083d00000|100%|HC|  |TAMS 0x0000000083c00000| PB 0x0000000083c00000| Complete 
|  61|0x0000000083d00000, 0x0000000083e00000, 0x0000000083e00000|100%|HC|  |TAMS 0x0000000083d00000| PB 0x0000000083d00000| Complete 
|  62|0x0000000083e00000, 0x0000000083f00000, 0x0000000083f00000|100%|HC|  |TAMS 0x0000000083e00000| PB 0x0000000083e00000| Complete 
|  63|0x0000000083f00000, 0x0000000084000000, 0x0000000084000000|100%|HS|  |TAMS 0x0000000083f00000| PB 0x0000000083f00000| Complete 
|  64|0x0000000084000000, 0x0000000084100000, 0x0000000084100000|100%|HC|  |TAMS 0x0000000084000000| PB 0x0000000084000000| Complete 
|  65|0x0000000084100000, 0x0000000084200000, 0x0000000084200000|100%|HC|  |TAMS 0x0000000084100000| PB 0x0000000084100000| Complete 
|  66|0x0000000084200000, 0x0000000084300000, 0x0000000084300000|100%|HC|  |TAMS 0x0000000084200000| PB 0x0000000084200000| Complete 
|  67|0x0000000084300000, 0x0000000084400000, 0x0000000084400000|100%|HC|  |TAMS 0x0000000084300000| PB 0x0000000084300000| Complete 
|  68|0x0000000084400000, 0x0000000084500000, 0x0000000084500000|100%|HC|  |TAMS 0x0000000084400000| PB 0x0000000084400000| Complete 
|  69|0x0000000084500000, 0x0000000084600000, 0x0000000084600000|100%| O|  |TAMS 0x0000000084500000| PB 0x0000000084500000| Untracked 
|  70|0x0000000084600000, 0x0000000084700000, 0x0000000084700000|100%| O|  |TAMS 0x0000000084600000| PB 0x0000000084600000| Untracked 
|  71|0x0000000084700000, 0x0000000084800000, 0x0000000084800000|100%| O|  |TAMS 0x0000000084700000| PB 0x0000000084700000| Untracked 
|  72|0x0000000084800000, 0x0000000084900000, 0x0000000084900000|100%| O|  |TAMS 0x0000000084800000| PB 0x0000000084800000| Untracked 
|  73|0x0000000084900000, 0x0000000084a00000, 0x0000000084a00000|100%| O|  |TAMS 0x0000000084900000| PB 0x0000000084900000| Untracked 
|  74|0x0000000084a00000, 0x0000000084b00000, 0x0000000084b00000|100%| O|  |TAMS 0x0000000084a00000| PB 0x0000000084a00000| Untracked 
|  75|0x0000000084b00000, 0x0000000084b00000, 0x0000000084c00000|  0%| F|  |TAMS 0x0000000084b00000| PB 0x0000000084b00000| Untracked 
|  76|0x0000000084c00000, 0x0000000084d00000, 0x0000000084d00000|100%| O|  |TAMS 0x0000000084c00000| PB 0x0000000084c00000| Untracked 
|  77|0x0000000084d00000, 0x0000000084e00000, 0x0000000084e00000|100%|HS|  |TAMS 0x0000000084d00000| PB 0x0000000084d00000| Complete 
|  78|0x0000000084e00000, 0x0000000084f00000, 0x0000000084f00000|100%| O|  |TAMS 0x0000000084e00000| PB 0x0000000084e00000| Untracked 
|  79|0x0000000084f00000, 0x0000000085000000, 0x0000000085000000|100%| O|  |TAMS 0x0000000084f00000| PB 0x0000000084f00000| Untracked 
|  80|0x0000000085000000, 0x0000000085100000, 0x0000000085100000|100%| O|  |TAMS 0x0000000085000000| PB 0x0000000085000000| Untracked 
|  81|0x0000000085100000, 0x0000000085200000, 0x0000000085200000|100%| O|  |TAMS 0x0000000085100000| PB 0x0000000085100000| Untracked 
|  82|0x0000000085200000, 0x0000000085300000, 0x0000000085300000|100%| O|  |TAMS 0x0000000085200000| PB 0x0000000085200000| Untracked 
|  83|0x0000000085300000, 0x0000000085400000, 0x0000000085400000|100%| O|  |TAMS 0x0000000085300000| PB 0x0000000085300000| Untracked 
|  84|0x0000000085400000, 0x0000000085500000, 0x0000000085500000|100%| O|  |TAMS 0x0000000085400000| PB 0x0000000085400000| Untracked 
|  85|0x0000000085500000, 0x0000000085600000, 0x0000000085600000|100%| O|  |TAMS 0x0000000085500000| PB 0x0000000085500000| Untracked 
|  86|0x0000000085600000, 0x0000000085700000, 0x0000000085700000|100%| O|  |TAMS 0x0000000085600000| PB 0x0000000085600000| Untracked 
|  87|0x0000000085700000, 0x0000000085800000, 0x0000000085800000|100%| O|  |TAMS 0x0000000085700000| PB 0x0000000085700000| Untracked 
|  88|0x0000000085800000, 0x0000000085900000, 0x0000000085900000|100%| O|  |TAMS 0x0000000085800000| PB 0x0000000085800000| Untracked 
|  89|0x0000000085900000, 0x0000000085a00000, 0x0000000085a00000|100%| O|  |TAMS 0x0000000085900000| PB 0x0000000085900000| Untracked 
|  90|0x0000000085a00000, 0x0000000085b00000, 0x0000000085b00000|100%| O|  |TAMS 0x0000000085a00000| PB 0x0000000085a00000| Untracked 
|  91|0x0000000085b00000, 0x0000000085c00000, 0x0000000085c00000|100%| O|  |TAMS 0x0000000085b00000| PB 0x0000000085b00000| Untracked 
|  92|0x0000000085c00000, 0x0000000085d00000, 0x0000000085d00000|100%| O|  |TAMS 0x0000000085c00000| PB 0x0000000085c00000| Untracked 
|  93|0x0000000085d00000, 0x0000000085e00000, 0x0000000085e00000|100%| O|  |TAMS 0x0000000085d00000| PB 0x0000000085d00000| Untracked 
|  94|0x0000000085e00000, 0x0000000085f00000, 0x0000000085f00000|100%| O|  |TAMS 0x0000000085e00000| PB 0x0000000085e00000| Untracked 
|  95|0x0000000085f00000, 0x0000000086000000, 0x0000000086000000|100%| O|  |TAMS 0x0000000085f00000| PB 0x0000000085f00000| Untracked 
|  96|0x0000000086000000, 0x0000000086100000, 0x0000000086100000|100%| O|  |TAMS 0x0000000086000000| PB 0x0000000086000000| Untracked 
|  97|0x0000000086100000, 0x0000000086200000, 0x0000000086200000|100%| O|  |TAMS 0x0000000086100000| PB 0x0000000086100000| Untracked 
|  98|0x0000000086200000, 0x0000000086300000, 0x0000000086300000|100%| O|  |TAMS 0x0000000086200000| PB 0x0000000086200000| Untracked 
|  99|0x0000000086300000, 0x0000000086400000, 0x0000000086400000|100%| O|  |TAMS 0x0000000086300000| PB 0x0000000086300000| Untracked 
| 100|0x0000000086400000, 0x0000000086500000, 0x0000000086500000|100%| O|  |TAMS 0x0000000086400000| PB 0x0000000086400000| Untracked 
| 101|0x0000000086500000, 0x0000000086600000, 0x0000000086600000|100%| O|  |TAMS 0x0000000086500000| PB 0x0000000086500000| Untracked 
| 102|0x0000000086600000, 0x0000000086700000, 0x0000000086700000|100%| O|  |TAMS 0x0000000086600000| PB 0x0000000086600000| Untracked 
| 103|0x0000000086700000, 0x0000000086800000, 0x0000000086800000|100%| O|  |TAMS 0x0000000086700000| PB 0x0000000086700000| Untracked 
| 104|0x0000000086800000, 0x0000000086900000, 0x0000000086900000|100%| O|  |TAMS 0x0000000086800000| PB 0x0000000086800000| Untracked 
| 105|0x0000000086900000, 0x0000000086a00000, 0x0000000086a00000|100%| O|  |TAMS 0x0000000086900000| PB 0x0000000086900000| Untracked 
| 106|0x0000000086a00000, 0x0000000086b00000, 0x0000000086b00000|100%| O|  |TAMS 0x0000000086a00000| PB 0x0000000086a00000| Untracked 
| 107|0x0000000086b00000, 0x0000000086c00000, 0x0000000086c00000|100%| O|  |TAMS 0x0000000086b00000| PB 0x0000000086b00000| Untracked 
| 108|0x0000000086c00000, 0x0000000086d00000, 0x0000000086d00000|100%| O|  |TAMS 0x0000000086c00000| PB 0x0000000086c00000| Untracked 
| 109|0x0000000086d00000, 0x0000000086e00000, 0x0000000086e00000|100%| O|  |TAMS 0x0000000086d00000| PB 0x0000000086d00000| Untracked 
| 110|0x0000000086e00000, 0x0000000086f00000, 0x0000000086f00000|100%| O|  |TAMS 0x0000000086e00000| PB 0x0000000086e00000| Untracked 
| 111|0x0000000086f00000, 0x0000000087000000, 0x0000000087000000|100%| O|  |TAMS 0x0000000086f00000| PB 0x0000000086f00000| Untracked 
| 112|0x0000000087000000, 0x0000000087100000, 0x0000000087100000|100%| O|  |TAMS 0x0000000087000000| PB 0x0000000087000000| Untracked 
| 113|0x0000000087100000, 0x0000000087200000, 0x0000000087200000|100%| O|  |TAMS 0x0000000087100000| PB 0x0000000087100000| Untracked 
| 114|0x0000000087200000, 0x0000000087300000, 0x0000000087300000|100%| O|  |TAMS 0x0000000087200000| PB 0x0000000087200000| Untracked 
| 115|0x0000000087300000, 0x0000000087400000, 0x0000000087400000|100%| O|  |TAMS 0x0000000087300000| PB 0x0000000087300000| Untracked 
| 116|0x0000000087400000, 0x0000000087500000, 0x0000000087500000|100%| O|  |TAMS 0x0000000087400000| PB 0x0000000087400000| Untracked 
| 117|0x0000000087500000, 0x0000000087600000, 0x0000000087600000|100%| O|  |TAMS 0x0000000087500000| PB 0x0000000087500000| Untracked 
| 118|0x0000000087600000, 0x0000000087700000, 0x0000000087700000|100%| O|  |TAMS 0x0000000087600000| PB 0x0000000087600000| Untracked 
| 119|0x0000000087700000, 0x0000000087800000, 0x0000000087800000|100%| O|  |TAMS 0x0000000087700000| PB 0x0000000087700000| Untracked 
| 120|0x0000000087800000, 0x0000000087900000, 0x0000000087900000|100%| O|  |TAMS 0x0000000087800000| PB 0x0000000087800000| Untracked 
| 121|0x0000000087900000, 0x0000000087a00000, 0x0000000087a00000|100%| O|  |TAMS 0x0000000087900000| PB 0x0000000087900000| Untracked 
| 122|0x0000000087a00000, 0x0000000087b00000, 0x0000000087b00000|100%| O|  |TAMS 0x0000000087a00000| PB 0x0000000087a00000| Untracked 
| 123|0x0000000087b00000, 0x0000000087c00000, 0x0000000087c00000|100%| O|  |TAMS 0x0000000087b00000| PB 0x0000000087b00000| Untracked 
| 124|0x0000000087c00000, 0x0000000087d00000, 0x0000000087d00000|100%| O|  |TAMS 0x0000000087c00000| PB 0x0000000087c00000| Untracked 
| 125|0x0000000087d00000, 0x0000000087e00000, 0x0000000087e00000|100%| O|  |TAMS 0x0000000087d00000| PB 0x0000000087d00000| Untracked 
| 126|0x0000000087e00000, 0x0000000087f00000, 0x0000000087f00000|100%| O|  |TAMS 0x0000000087e00000| PB 0x0000000087e00000| Untracked 
| 127|0x0000000087f00000, 0x0000000088000000, 0x0000000088000000|100%| O|  |TAMS 0x0000000087f00000| PB 0x0000000087f00000| Untracked 
| 128|0x0000000088000000, 0x0000000088100000, 0x0000000088100000|100%| O|  |TAMS 0x0000000088000000| PB 0x0000000088000000| Untracked 
| 129|0x0000000088100000, 0x0000000088200000, 0x0000000088200000|100%| O|  |TAMS 0x0000000088100000| PB 0x0000000088100000| Untracked 
| 130|0x0000000088200000, 0x0000000088300000, 0x0000000088300000|100%| O|  |TAMS 0x0000000088200000| PB 0x0000000088200000| Untracked 
| 131|0x0000000088300000, 0x0000000088400000, 0x0000000088400000|100%| O|  |TAMS 0x0000000088300000| PB 0x0000000088300000| Untracked 
| 132|0x0000000088400000, 0x0000000088500000, 0x0000000088500000|100%| O|  |TAMS 0x0000000088400000| PB 0x0000000088400000| Untracked 
| 133|0x0000000088500000, 0x0000000088600000, 0x0000000088600000|100%| O|  |TAMS 0x0000000088500000| PB 0x0000000088500000| Untracked 
| 134|0x0000000088600000, 0x0000000088700000, 0x0000000088700000|100%| O|  |TAMS 0x0000000088600000| PB 0x0000000088600000| Untracked 
| 135|0x0000000088700000, 0x0000000088800000, 0x0000000088800000|100%| O|  |TAMS 0x0000000088700000| PB 0x0000000088700000| Untracked 
| 136|0x0000000088800000, 0x0000000088900000, 0x0000000088900000|100%| O|  |TAMS 0x0000000088800000| PB 0x0000000088800000| Untracked 
| 137|0x0000000088900000, 0x0000000088a00000, 0x0000000088a00000|100%| O|  |TAMS 0x0000000088900000| PB 0x0000000088900000| Untracked 
| 138|0x0000000088a00000, 0x0000000088b00000, 0x0000000088b00000|100%| O|  |TAMS 0x0000000088a00000| PB 0x0000000088a00000| Untracked 
| 139|0x0000000088b00000, 0x0000000088c00000, 0x0000000088c00000|100%| O|  |TAMS 0x0000000088b00000| PB 0x0000000088b00000| Untracked 
| 140|0x0000000088c00000, 0x0000000088d00000, 0x0000000088d00000|100%| O|Cm|TAMS 0x0000000088c00000| PB 0x0000000088c00000| Complete 
| 141|0x0000000088d00000, 0x0000000088e00000, 0x0000000088e00000|100%| O|  |TAMS 0x0000000088d00000| PB 0x0000000088d00000| Untracked 
| 142|0x0000000088e00000, 0x0000000088f00000, 0x0000000088f00000|100%| O|  |TAMS 0x0000000088e00000| PB 0x0000000088e00000| Untracked 
| 143|0x0000000088f00000, 0x0000000089000000, 0x0000000089000000|100%| O|  |TAMS 0x0000000088f00000| PB 0x0000000088f00000| Untracked 
| 144|0x0000000089000000, 0x0000000089100000, 0x0000000089100000|100%| O|  |TAMS 0x0000000089000000| PB 0x0000000089000000| Untracked 
| 145|0x0000000089100000, 0x0000000089200000, 0x0000000089200000|100%| O|  |TAMS 0x0000000089100000| PB 0x0000000089100000| Untracked 
| 146|0x0000000089200000, 0x0000000089300000, 0x0000000089300000|100%| O|  |TAMS 0x0000000089200000| PB 0x0000000089200000| Untracked 
| 147|0x0000000089300000, 0x0000000089400000, 0x0000000089400000|100%| O|  |TAMS 0x0000000089300000| PB 0x0000000089300000| Untracked 
| 148|0x0000000089400000, 0x0000000089500000, 0x0000000089500000|100%|HS|  |TAMS 0x0000000089400000| PB 0x0000000089400000| Complete 
| 149|0x0000000089500000, 0x0000000089600000, 0x0000000089600000|100%|HC|  |TAMS 0x0000000089500000| PB 0x0000000089500000| Complete 
| 150|0x0000000089600000, 0x0000000089700000, 0x0000000089700000|100%| O|  |TAMS 0x0000000089600000| PB 0x0000000089600000| Untracked 
| 151|0x0000000089700000, 0x0000000089800000, 0x0000000089800000|100%|HS|  |TAMS 0x0000000089700000| PB 0x0000000089700000| Complete 
| 152|0x0000000089800000, 0x0000000089900000, 0x0000000089900000|100%|HC|  |TAMS 0x0000000089800000| PB 0x0000000089800000| Complete 
| 153|0x0000000089900000, 0x0000000089a00000, 0x0000000089a00000|100%|HS|  |TAMS 0x0000000089900000| PB 0x0000000089900000| Complete 
| 154|0x0000000089a00000, 0x0000000089b00000, 0x0000000089b00000|100%|HC|  |TAMS 0x0000000089a00000| PB 0x0000000089a00000| Complete 
| 155|0x0000000089b00000, 0x0000000089c00000, 0x0000000089c00000|100%|HC|  |TAMS 0x0000000089b00000| PB 0x0000000089b00000| Complete 
| 156|0x0000000089c00000, 0x0000000089d00000, 0x0000000089d00000|100%|HS|  |TAMS 0x0000000089c00000| PB 0x0000000089c00000| Complete 
| 157|0x0000000089d00000, 0x0000000089e00000, 0x0000000089e00000|100%|HC|  |TAMS 0x0000000089d00000| PB 0x0000000089d00000| Complete 
| 158|0x0000000089e00000, 0x0000000089f00000, 0x0000000089f00000|100%|HS|  |TAMS 0x0000000089e00000| PB 0x0000000089e00000| Complete 
| 159|0x0000000089f00000, 0x000000008a000000, 0x000000008a000000|100%|HS|  |TAMS 0x0000000089f00000| PB 0x0000000089f00000| Complete 
| 160|0x000000008a000000, 0x000000008a100000, 0x000000008a100000|100%|HS|  |TAMS 0x000000008a000000| PB 0x000000008a000000| Complete 
| 161|0x000000008a100000, 0x000000008a200000, 0x000000008a200000|100%|HC|  |TAMS 0x000000008a100000| PB 0x000000008a100000| Complete 
| 162|0x000000008a200000, 0x000000008a300000, 0x000000008a300000|100%| O|  |TAMS 0x000000008a200000| PB 0x000000008a200000| Untracked 
| 163|0x000000008a300000, 0x000000008a400000, 0x000000008a400000|100%|HS|  |TAMS 0x000000008a300000| PB 0x000000008a300000| Complete 
| 164|0x000000008a400000, 0x000000008a500000, 0x000000008a500000|100%|HC|  |TAMS 0x000000008a400000| PB 0x000000008a400000| Complete 
| 165|0x000000008a500000, 0x000000008a600000, 0x000000008a600000|100%|HC|  |TAMS 0x000000008a500000| PB 0x000000008a500000| Complete 
| 166|0x000000008a600000, 0x000000008a700000, 0x000000008a700000|100%|HC|  |TAMS 0x000000008a600000| PB 0x000000008a600000| Complete 
| 167|0x000000008a700000, 0x000000008a800000, 0x000000008a800000|100%|HS|  |TAMS 0x000000008a700000| PB 0x000000008a700000| Complete 
| 168|0x000000008a800000, 0x000000008a900000, 0x000000008a900000|100%| O|  |TAMS 0x000000008a800000| PB 0x000000008a800000| Untracked 
| 169|0x000000008a900000, 0x000000008aa00000, 0x000000008aa00000|100%| O|  |TAMS 0x000000008a900000| PB 0x000000008a900000| Untracked 
| 170|0x000000008aa00000, 0x000000008ab00000, 0x000000008ab00000|100%| O|  |TAMS 0x000000008aa00000| PB 0x000000008aa00000| Untracked 
| 171|0x000000008ab00000, 0x000000008ac00000, 0x000000008ac00000|100%| O|  |TAMS 0x000000008ab00000| PB 0x000000008ab00000| Untracked 
| 172|0x000000008ac00000, 0x000000008ad00000, 0x000000008ad00000|100%| O|  |TAMS 0x000000008ac00000| PB 0x000000008ac00000| Untracked 
| 173|0x000000008ad00000, 0x000000008ad00000, 0x000000008ae00000|  0%| F|  |TAMS 0x000000008ad00000| PB 0x000000008ad00000| Untracked 
| 174|0x000000008ae00000, 0x000000008ae00000, 0x000000008af00000|  0%| F|  |TAMS 0x000000008ae00000| PB 0x000000008ae00000| Untracked 
| 175|0x000000008af00000, 0x000000008af00000, 0x000000008b000000|  0%| F|  |TAMS 0x000000008af00000| PB 0x000000008af00000| Untracked 
| 176|0x000000008b000000, 0x000000008b100000, 0x000000008b100000|100%| S|CS|TAMS 0x000000008b000000| PB 0x000000008b000000| Complete 
| 177|0x000000008b100000, 0x000000008b200000, 0x000000008b200000|100%| S|CS|TAMS 0x000000008b100000| PB 0x000000008b100000| Complete 
| 178|0x000000008b200000, 0x000000008b300000, 0x000000008b300000|100%| O|  |TAMS 0x000000008b200000| PB 0x000000008b200000| Untracked 
| 179|0x000000008b300000, 0x000000008b400000, 0x000000008b400000|100%| O|  |TAMS 0x000000008b300000| PB 0x000000008b300000| Untracked 
| 180|0x000000008b400000, 0x000000008b500000, 0x000000008b500000|100%| O|  |TAMS 0x000000008b400000| PB 0x000000008b400000| Untracked 
| 181|0x000000008b500000, 0x000000008b600000, 0x000000008b600000|100%| O|  |TAMS 0x000000008b500000| PB 0x000000008b500000| Untracked 
| 182|0x000000008b600000, 0x000000008b700000, 0x000000008b700000|100%| O|  |TAMS 0x000000008b600000| PB 0x000000008b600000| Untracked 
| 183|0x000000008b700000, 0x000000008b800000, 0x000000008b800000|100%| O|  |TAMS 0x000000008b700000| PB 0x000000008b700000| Untracked 
| 184|0x000000008b800000, 0x000000008b900000, 0x000000008b900000|100%| O|  |TAMS 0x000000008b800000| PB 0x000000008b800000| Untracked 
| 185|0x000000008b900000, 0x000000008ba00000, 0x000000008ba00000|100%| O|  |TAMS 0x000000008b900000| PB 0x000000008b900000| Untracked 
| 186|0x000000008ba00000, 0x000000008bb00000, 0x000000008bb00000|100%| O|  |TAMS 0x000000008ba00000| PB 0x000000008ba00000| Untracked 
| 187|0x000000008bb00000, 0x000000008bc00000, 0x000000008bc00000|100%| O|  |TAMS 0x000000008bb00000| PB 0x000000008bb00000| Untracked 
| 188|0x000000008bc00000, 0x000000008bd00000, 0x000000008bd00000|100%|HS|  |TAMS 0x000000008bc00000| PB 0x000000008bc00000| Complete 
| 189|0x000000008bd00000, 0x000000008be00000, 0x000000008be00000|100%|HC|  |TAMS 0x000000008bd00000| PB 0x000000008bd00000| Complete 
| 190|0x000000008be00000, 0x000000008bf00000, 0x000000008bf00000|100%|HC|  |TAMS 0x000000008be00000| PB 0x000000008be00000| Complete 
| 191|0x000000008bf00000, 0x000000008c000000, 0x000000008c000000|100%|HC|  |TAMS 0x000000008bf00000| PB 0x000000008bf00000| Complete 
| 192|0x000000008c000000, 0x000000008c100000, 0x000000008c100000|100%| O|  |TAMS 0x000000008c000000| PB 0x000000008c000000| Untracked 
| 193|0x000000008c100000, 0x000000008c200000, 0x000000008c200000|100%| O|  |TAMS 0x000000008c100000| PB 0x000000008c100000| Untracked 
| 194|0x000000008c200000, 0x000000008c300000, 0x000000008c300000|100%| O|  |TAMS 0x000000008c200000| PB 0x000000008c200000| Untracked 
| 195|0x000000008c300000, 0x000000008c400000, 0x000000008c400000|100%| O|  |TAMS 0x000000008c300000| PB 0x000000008c300000| Untracked 
| 196|0x000000008c400000, 0x000000008c500000, 0x000000008c500000|100%| O|  |TAMS 0x000000008c400000| PB 0x000000008c400000| Untracked 
| 197|0x000000008c500000, 0x000000008c600000, 0x000000008c600000|100%| O|Cm|TAMS 0x000000008c500000| PB 0x000000008c500000| Complete 
| 198|0x000000008c600000, 0x000000008c700000, 0x000000008c700000|100%| O|  |TAMS 0x000000008c600000| PB 0x000000008c600000| Untracked 
| 199|0x000000008c700000, 0x000000008c800000, 0x000000008c800000|100%| O|  |TAMS 0x000000008c700000| PB 0x000000008c700000| Untracked 
| 200|0x000000008c800000, 0x000000008c900000, 0x000000008c900000|100%| O|  |TAMS 0x000000008c800000| PB 0x000000008c800000| Untracked 
| 201|0x000000008c900000, 0x000000008ca00000, 0x000000008ca00000|100%| O|  |TAMS 0x000000008c900000| PB 0x000000008c900000| Untracked 
| 202|0x000000008ca00000, 0x000000008cb00000, 0x000000008cb00000|100%| O|Cm|TAMS 0x000000008ca00000| PB 0x000000008ca00000| Complete 
| 203|0x000000008cb00000, 0x000000008cc00000, 0x000000008cc00000|100%| O|  |TAMS 0x000000008cb00000| PB 0x000000008cb00000| Untracked 
| 204|0x000000008cc00000, 0x000000008cd00000, 0x000000008cd00000|100%| O|Cm|TAMS 0x000000008cc00000| PB 0x000000008cc00000| Complete 
| 205|0x000000008cd00000, 0x000000008ce00000, 0x000000008ce00000|100%| O|Cm|TAMS 0x000000008cd00000| PB 0x000000008cd00000| Complete 
| 206|0x000000008ce00000, 0x000000008cf00000, 0x000000008cf00000|100%| O|  |TAMS 0x000000008ce00000| PB 0x000000008ce00000| Untracked 
| 207|0x000000008cf00000, 0x000000008d000000, 0x000000008d000000|100%| S|CS|TAMS 0x000000008cf00000| PB 0x000000008cf00000| Complete 
| 208|0x000000008d000000, 0x000000008d100000, 0x000000008d100000|100%| O|  |TAMS 0x000000008d000000| PB 0x000000008d000000| Untracked 
| 209|0x000000008d100000, 0x000000008d200000, 0x000000008d200000|100%| O|  |TAMS 0x000000008d100000| PB 0x000000008d100000| Untracked 
| 210|0x000000008d200000, 0x000000008d300000, 0x000000008d300000|100%| O|  |TAMS 0x000000008d200000| PB 0x000000008d200000| Untracked 
| 211|0x000000008d300000, 0x000000008d400000, 0x000000008d400000|100%| O|  |TAMS 0x000000008d300000| PB 0x000000008d300000| Untracked 
| 212|0x000000008d400000, 0x000000008d500000, 0x000000008d500000|100%| O|  |TAMS 0x000000008d400000| PB 0x000000008d400000| Untracked 
| 213|0x000000008d500000, 0x000000008d600000, 0x000000008d600000|100%| O|  |TAMS 0x000000008d500000| PB 0x000000008d500000| Untracked 
| 214|0x000000008d600000, 0x000000008d700000, 0x000000008d700000|100%| O|  |TAMS 0x000000008d600000| PB 0x000000008d600000| Untracked 
| 215|0x000000008d700000, 0x000000008d800000, 0x000000008d800000|100%| O|  |TAMS 0x000000008d700000| PB 0x000000008d700000| Untracked 
| 216|0x000000008d800000, 0x000000008d900000, 0x000000008d900000|100%| O|  |TAMS 0x000000008d800000| PB 0x000000008d800000| Untracked 
| 217|0x000000008d900000, 0x000000008da00000, 0x000000008da00000|100%| O|  |TAMS 0x000000008d900000| PB 0x000000008d900000| Untracked 
| 218|0x000000008da00000, 0x000000008db00000, 0x000000008db00000|100%| O|  |TAMS 0x000000008da00000| PB 0x000000008da00000| Untracked 
| 219|0x000000008db00000, 0x000000008dc00000, 0x000000008dc00000|100%| S|CS|TAMS 0x000000008db00000| PB 0x000000008db00000| Complete 
| 220|0x000000008dc00000, 0x000000008dd00000, 0x000000008dd00000|100%| O|  |TAMS 0x000000008dc00000| PB 0x000000008dc00000| Untracked 
| 221|0x000000008dd00000, 0x000000008de00000, 0x000000008de00000|100%| O|  |TAMS 0x000000008dd00000| PB 0x000000008dd00000| Untracked 
| 222|0x000000008de00000, 0x000000008df00000, 0x000000008df00000|100%| O|Cm|TAMS 0x000000008de00000| PB 0x000000008de00000| Complete 
| 223|0x000000008df00000, 0x000000008df7fc80, 0x000000008e000000| 49%| O|  |TAMS 0x000000008df00000| PB 0x000000008df00000| Untracked 
| 224|0x000000008e000000, 0x000000008e100000, 0x000000008e100000|100%|HS|  |TAMS 0x000000008e000000| PB 0x000000008e000000| Complete 
| 225|0x000000008e100000, 0x000000008e200000, 0x000000008e200000|100%|HC|  |TAMS 0x000000008e100000| PB 0x000000008e100000| Complete 
| 226|0x000000008e200000, 0x000000008e300000, 0x000000008e300000|100%|HC|  |TAMS 0x000000008e200000| PB 0x000000008e200000| Complete 
| 227|0x000000008e300000, 0x000000008e400000, 0x000000008e400000|100%|HC|  |TAMS 0x000000008e300000| PB 0x000000008e300000| Complete 
| 228|0x000000008e400000, 0x000000008e500000, 0x000000008e500000|100%|HC|  |TAMS 0x000000008e400000| PB 0x000000008e400000| Complete 
| 229|0x000000008e500000, 0x000000008e600000, 0x000000008e600000|100%|HC|  |TAMS 0x000000008e500000| PB 0x000000008e500000| Complete 
| 230|0x000000008e600000, 0x000000008e700000, 0x000000008e700000|100%|HS|  |TAMS 0x000000008e600000| PB 0x000000008e600000| Complete 
| 231|0x000000008e700000, 0x000000008e800000, 0x000000008e800000|100%|HC|  |TAMS 0x000000008e700000| PB 0x000000008e700000| Complete 
| 232|0x000000008e800000, 0x000000008e900000, 0x000000008e900000|100%|HC|  |TAMS 0x000000008e800000| PB 0x000000008e800000| Complete 
| 233|0x000000008e900000, 0x000000008ea00000, 0x000000008ea00000|100%|HC|  |TAMS 0x000000008e900000| PB 0x000000008e900000| Complete 
| 234|0x000000008ea00000, 0x000000008eb00000, 0x000000008eb00000|100%|HC|  |TAMS 0x000000008ea00000| PB 0x000000008ea00000| Complete 
| 235|0x000000008eb00000, 0x000000008ec00000, 0x000000008ec00000|100%|HC|  |TAMS 0x000000008eb00000| PB 0x000000008eb00000| Complete 
| 236|0x000000008ec00000, 0x000000008ed00000, 0x000000008ed00000|100%| S|CS|TAMS 0x000000008ec00000| PB 0x000000008ec00000| Complete 
| 237|0x000000008ed00000, 0x000000008ee00000, 0x000000008ee00000|100%| S|CS|TAMS 0x000000008ed00000| PB 0x000000008ed00000| Complete 
| 238|0x000000008ee00000, 0x000000008ef00000, 0x000000008ef00000|100%| S|CS|TAMS 0x000000008ee00000| PB 0x000000008ee00000| Complete 
| 239|0x000000008ef00000, 0x000000008f000000, 0x000000008f000000|100%| S|CS|TAMS 0x000000008ef00000| PB 0x000000008ef00000| Complete 
| 240|0x000000008f000000, 0x000000008f100000, 0x000000008f100000|100%| S|CS|TAMS 0x000000008f000000| PB 0x000000008f000000| Complete 
| 241|0x000000008f100000, 0x000000008f200000, 0x000000008f200000|100%| S|CS|TAMS 0x000000008f100000| PB 0x000000008f100000| Complete 
| 242|0x000000008f200000, 0x000000008f300000, 0x000000008f300000|100%| S|CS|TAMS 0x000000008f200000| PB 0x000000008f200000| Complete 
| 243|0x000000008f300000, 0x000000008f400000, 0x000000008f400000|100%| S|CS|TAMS 0x000000008f300000| PB 0x000000008f300000| Complete 
| 244|0x000000008f400000, 0x000000008f500000, 0x000000008f500000|100%| S|CS|TAMS 0x000000008f400000| PB 0x000000008f400000| Complete 
| 245|0x000000008f500000, 0x000000008f600000, 0x000000008f600000|100%| S|CS|TAMS 0x000000008f500000| PB 0x000000008f500000| Complete 
| 246|0x000000008f600000, 0x000000008f700000, 0x000000008f700000|100%| S|CS|TAMS 0x000000008f600000| PB 0x000000008f600000| Complete 
| 247|0x000000008f700000, 0x000000008f800000, 0x000000008f800000|100%| S|CS|TAMS 0x000000008f700000| PB 0x000000008f700000| Complete 
| 248|0x000000008f800000, 0x000000008f900000, 0x000000008f900000|100%| S|CS|TAMS 0x000000008f800000| PB 0x000000008f800000| Complete 
| 249|0x000000008f900000, 0x000000008f900000, 0x000000008fa00000|  0%| F|  |TAMS 0x000000008f900000| PB 0x000000008f900000| Untracked 
| 250|0x000000008fa00000, 0x000000008fa00000, 0x000000008fb00000|  0%| F|  |TAMS 0x000000008fa00000| PB 0x000000008fa00000| Untracked 
| 251|0x000000008fb00000, 0x000000008fb00000, 0x000000008fc00000|  0%| F|  |TAMS 0x000000008fb00000| PB 0x000000008fb00000| Untracked 
| 252|0x000000008fc00000, 0x000000008fc00000, 0x000000008fd00000|  0%| F|  |TAMS 0x000000008fc00000| PB 0x000000008fc00000| Untracked 
| 253|0x000000008fd00000, 0x000000008fd00000, 0x000000008fe00000|  0%| F|  |TAMS 0x000000008fd00000| PB 0x000000008fd00000| Untracked 
| 254|0x000000008fe00000, 0x000000008fe00000, 0x000000008ff00000|  0%| F|  |TAMS 0x000000008fe00000| PB 0x000000008fe00000| Untracked 
| 255|0x000000008ff00000, 0x000000008ff00000, 0x0000000090000000|  0%| F|  |TAMS 0x000000008ff00000| PB 0x000000008ff00000| Untracked 
| 256|0x0000000090000000, 0x0000000090000000, 0x0000000090100000|  0%| F|  |TAMS 0x0000000090000000| PB 0x0000000090000000| Untracked 
| 257|0x0000000090100000, 0x0000000090100000, 0x0000000090200000|  0%| F|  |TAMS 0x0000000090100000| PB 0x0000000090100000| Untracked 
| 258|0x0000000090200000, 0x0000000090200000, 0x0000000090300000|  0%| F|  |TAMS 0x0000000090200000| PB 0x0000000090200000| Untracked 
| 259|0x0000000090300000, 0x0000000090300000, 0x0000000090400000|  0%| F|  |TAMS 0x0000000090300000| PB 0x0000000090300000| Untracked 
| 260|0x0000000090400000, 0x0000000090400000, 0x0000000090500000|  0%| F|  |TAMS 0x0000000090400000| PB 0x0000000090400000| Untracked 
| 261|0x0000000090500000, 0x0000000090500000, 0x0000000090600000|  0%| F|  |TAMS 0x0000000090500000| PB 0x0000000090500000| Untracked 
| 262|0x0000000090600000, 0x0000000090600000, 0x0000000090700000|  0%| F|  |TAMS 0x0000000090600000| PB 0x0000000090600000| Untracked 
| 263|0x0000000090700000, 0x0000000090700000, 0x0000000090800000|  0%| F|  |TAMS 0x0000000090700000| PB 0x0000000090700000| Untracked 
| 264|0x0000000090800000, 0x0000000090800000, 0x0000000090900000|  0%| F|  |TAMS 0x0000000090800000| PB 0x0000000090800000| Untracked 
| 265|0x0000000090900000, 0x0000000090900000, 0x0000000090a00000|  0%| F|  |TAMS 0x0000000090900000| PB 0x0000000090900000| Untracked 
| 266|0x0000000090a00000, 0x0000000090a00000, 0x0000000090b00000|  0%| F|  |TAMS 0x0000000090a00000| PB 0x0000000090a00000| Untracked 
| 267|0x0000000090b00000, 0x0000000090b00000, 0x0000000090c00000|  0%| F|  |TAMS 0x0000000090b00000| PB 0x0000000090b00000| Untracked 
| 268|0x0000000090c00000, 0x0000000090c00000, 0x0000000090d00000|  0%| F|  |TAMS 0x0000000090c00000| PB 0x0000000090c00000| Untracked 
| 269|0x0000000090d00000, 0x0000000090d00000, 0x0000000090e00000|  0%| F|  |TAMS 0x0000000090d00000| PB 0x0000000090d00000| Untracked 
| 270|0x0000000090e00000, 0x0000000090e00000, 0x0000000090f00000|  0%| F|  |TAMS 0x0000000090e00000| PB 0x0000000090e00000| Untracked 
| 271|0x0000000090f00000, 0x0000000090f00000, 0x0000000091000000|  0%| F|  |TAMS 0x0000000090f00000| PB 0x0000000090f00000| Untracked 
| 272|0x0000000091000000, 0x0000000091000000, 0x0000000091100000|  0%| F|  |TAMS 0x0000000091000000| PB 0x0000000091000000| Untracked 
| 273|0x0000000091100000, 0x0000000091100000, 0x0000000091200000|  0%| F|  |TAMS 0x0000000091100000| PB 0x0000000091100000| Untracked 
| 274|0x0000000091200000, 0x0000000091200000, 0x0000000091300000|  0%| F|  |TAMS 0x0000000091200000| PB 0x0000000091200000| Untracked 
| 275|0x0000000091300000, 0x0000000091300000, 0x0000000091400000|  0%| F|  |TAMS 0x0000000091300000| PB 0x0000000091300000| Untracked 
| 276|0x0000000091400000, 0x0000000091400000, 0x0000000091500000|  0%| F|  |TAMS 0x0000000091400000| PB 0x0000000091400000| Untracked 
| 277|0x0000000091500000, 0x0000000091500000, 0x0000000091600000|  0%| F|  |TAMS 0x0000000091500000| PB 0x0000000091500000| Untracked 
| 278|0x0000000091600000, 0x0000000091600000, 0x0000000091700000|  0%| F|  |TAMS 0x0000000091600000| PB 0x0000000091600000| Untracked 
| 279|0x0000000091700000, 0x0000000091700000, 0x0000000091800000|  0%| F|  |TAMS 0x0000000091700000| PB 0x0000000091700000| Untracked 
| 280|0x0000000091800000, 0x0000000091800000, 0x0000000091900000|  0%| F|  |TAMS 0x0000000091800000| PB 0x0000000091800000| Untracked 
| 281|0x0000000091900000, 0x0000000091900000, 0x0000000091a00000|  0%| F|  |TAMS 0x0000000091900000| PB 0x0000000091900000| Untracked 
| 282|0x0000000091a00000, 0x0000000091a00000, 0x0000000091b00000|  0%| F|  |TAMS 0x0000000091a00000| PB 0x0000000091a00000| Untracked 
| 283|0x0000000091b00000, 0x0000000091b00000, 0x0000000091c00000|  0%| F|  |TAMS 0x0000000091b00000| PB 0x0000000091b00000| Untracked 
| 284|0x0000000091c00000, 0x0000000091c00000, 0x0000000091d00000|  0%| F|  |TAMS 0x0000000091c00000| PB 0x0000000091c00000| Untracked 
| 285|0x0000000091d00000, 0x0000000091d00000, 0x0000000091e00000|  0%| F|  |TAMS 0x0000000091d00000| PB 0x0000000091d00000| Untracked 
| 286|0x0000000091e00000, 0x0000000091e00000, 0x0000000091f00000|  0%| F|  |TAMS 0x0000000091e00000| PB 0x0000000091e00000| Untracked 
| 287|0x0000000091f00000, 0x0000000091f00000, 0x0000000092000000|  0%| F|  |TAMS 0x0000000091f00000| PB 0x0000000091f00000| Untracked 
| 288|0x0000000092000000, 0x0000000092000000, 0x0000000092100000|  0%| F|  |TAMS 0x0000000092000000| PB 0x0000000092000000| Untracked 
| 289|0x0000000092100000, 0x0000000092100000, 0x0000000092200000|  0%| F|  |TAMS 0x0000000092100000| PB 0x0000000092100000| Untracked 
| 290|0x0000000092200000, 0x0000000092200000, 0x0000000092300000|  0%| F|  |TAMS 0x0000000092200000| PB 0x0000000092200000| Untracked 
| 291|0x0000000092300000, 0x0000000092300000, 0x0000000092400000|  0%| F|  |TAMS 0x0000000092300000| PB 0x0000000092300000| Untracked 
| 292|0x0000000092400000, 0x0000000092400000, 0x0000000092500000|  0%| F|  |TAMS 0x0000000092400000| PB 0x0000000092400000| Untracked 
| 293|0x0000000092500000, 0x0000000092500000, 0x0000000092600000|  0%| F|  |TAMS 0x0000000092500000| PB 0x0000000092500000| Untracked 
| 294|0x0000000092600000, 0x0000000092600000, 0x0000000092700000|  0%| F|  |TAMS 0x0000000092600000| PB 0x0000000092600000| Untracked 
| 295|0x0000000092700000, 0x0000000092700000, 0x0000000092800000|  0%| F|  |TAMS 0x0000000092700000| PB 0x0000000092700000| Untracked 
| 296|0x0000000092800000, 0x0000000092800000, 0x0000000092900000|  0%| F|  |TAMS 0x0000000092800000| PB 0x0000000092800000| Untracked 
| 297|0x0000000092900000, 0x0000000092900000, 0x0000000092a00000|  0%| F|  |TAMS 0x0000000092900000| PB 0x0000000092900000| Untracked 
| 298|0x0000000092a00000, 0x0000000092a00000, 0x0000000092b00000|  0%| F|  |TAMS 0x0000000092a00000| PB 0x0000000092a00000| Untracked 
| 299|0x0000000092b00000, 0x0000000092b00000, 0x0000000092c00000|  0%| F|  |TAMS 0x0000000092b00000| PB 0x0000000092b00000| Untracked 
| 300|0x0000000092c00000, 0x0000000092c00000, 0x0000000092d00000|  0%| F|  |TAMS 0x0000000092c00000| PB 0x0000000092c00000| Untracked 
| 301|0x0000000092d00000, 0x0000000092d00000, 0x0000000092e00000|  0%| F|  |TAMS 0x0000000092d00000| PB 0x0000000092d00000| Untracked 
| 302|0x0000000092e00000, 0x0000000092e00000, 0x0000000092f00000|  0%| F|  |TAMS 0x0000000092e00000| PB 0x0000000092e00000| Untracked 
| 303|0x0000000092f00000, 0x0000000092f00000, 0x0000000093000000|  0%| F|  |TAMS 0x0000000092f00000| PB 0x0000000092f00000| Untracked 
| 304|0x0000000093000000, 0x0000000093000000, 0x0000000093100000|  0%| F|  |TAMS 0x0000000093000000| PB 0x0000000093000000| Untracked 
| 305|0x0000000093100000, 0x0000000093100000, 0x0000000093200000|  0%| F|  |TAMS 0x0000000093100000| PB 0x0000000093100000| Untracked 
| 306|0x0000000093200000, 0x0000000093200000, 0x0000000093300000|  0%| F|  |TAMS 0x0000000093200000| PB 0x0000000093200000| Untracked 
| 307|0x0000000093300000, 0x0000000093300000, 0x0000000093400000|  0%| F|  |TAMS 0x0000000093300000| PB 0x0000000093300000| Untracked 
| 308|0x0000000093400000, 0x0000000093400000, 0x0000000093500000|  0%| F|  |TAMS 0x0000000093400000| PB 0x0000000093400000| Untracked 
| 309|0x0000000093500000, 0x0000000093500000, 0x0000000093600000|  0%| F|  |TAMS 0x0000000093500000| PB 0x0000000093500000| Untracked 
| 310|0x0000000093600000, 0x0000000093600000, 0x0000000093700000|  0%| F|  |TAMS 0x0000000093600000| PB 0x0000000093600000| Untracked 
| 311|0x0000000093700000, 0x0000000093700000, 0x0000000093800000|  0%| F|  |TAMS 0x0000000093700000| PB 0x0000000093700000| Untracked 
| 312|0x0000000093800000, 0x0000000093800000, 0x0000000093900000|  0%| F|  |TAMS 0x0000000093800000| PB 0x0000000093800000| Untracked 
| 313|0x0000000093900000, 0x0000000093900000, 0x0000000093a00000|  0%| F|  |TAMS 0x0000000093900000| PB 0x0000000093900000| Untracked 
| 314|0x0000000093a00000, 0x0000000093a00000, 0x0000000093b00000|  0%| F|  |TAMS 0x0000000093a00000| PB 0x0000000093a00000| Untracked 
| 315|0x0000000093b00000, 0x0000000093b00000, 0x0000000093c00000|  0%| F|  |TAMS 0x0000000093b00000| PB 0x0000000093b00000| Untracked 
| 316|0x0000000093c00000, 0x0000000093c00000, 0x0000000093d00000|  0%| F|  |TAMS 0x0000000093c00000| PB 0x0000000093c00000| Untracked 
| 317|0x0000000093d00000, 0x0000000093d00000, 0x0000000093e00000|  0%| F|  |TAMS 0x0000000093d00000| PB 0x0000000093d00000| Untracked 
| 318|0x0000000093e00000, 0x0000000093e00000, 0x0000000093f00000|  0%| F|  |TAMS 0x0000000093e00000| PB 0x0000000093e00000| Untracked 
| 319|0x0000000093f00000, 0x0000000093f00000, 0x0000000094000000|  0%| F|  |TAMS 0x0000000093f00000| PB 0x0000000093f00000| Untracked 
| 320|0x0000000094000000, 0x0000000094000000, 0x0000000094100000|  0%| F|  |TAMS 0x0000000094000000| PB 0x0000000094000000| Untracked 
| 321|0x0000000094100000, 0x0000000094100000, 0x0000000094200000|  0%| F|  |TAMS 0x0000000094100000| PB 0x0000000094100000| Untracked 
| 322|0x0000000094200000, 0x0000000094200000, 0x0000000094300000|  0%| F|  |TAMS 0x0000000094200000| PB 0x0000000094200000| Untracked 
| 323|0x0000000094300000, 0x0000000094300000, 0x0000000094400000|  0%| F|  |TAMS 0x0000000094300000| PB 0x0000000094300000| Untracked 
| 324|0x0000000094400000, 0x0000000094400000, 0x0000000094500000|  0%| F|  |TAMS 0x0000000094400000| PB 0x0000000094400000| Untracked 
| 325|0x0000000094500000, 0x0000000094500000, 0x0000000094600000|  0%| F|  |TAMS 0x0000000094500000| PB 0x0000000094500000| Untracked 
| 326|0x0000000094600000, 0x0000000094600000, 0x0000000094700000|  0%| F|  |TAMS 0x0000000094600000| PB 0x0000000094600000| Untracked 
| 327|0x0000000094700000, 0x0000000094700000, 0x0000000094800000|  0%| F|  |TAMS 0x0000000094700000| PB 0x0000000094700000| Untracked 
| 328|0x0000000094800000, 0x0000000094800000, 0x0000000094900000|  0%| F|  |TAMS 0x0000000094800000| PB 0x0000000094800000| Untracked 
| 329|0x0000000094900000, 0x0000000094900000, 0x0000000094a00000|  0%| F|  |TAMS 0x0000000094900000| PB 0x0000000094900000| Untracked 
| 330|0x0000000094a00000, 0x0000000094a00000, 0x0000000094b00000|  0%| F|  |TAMS 0x0000000094a00000| PB 0x0000000094a00000| Untracked 
| 331|0x0000000094b00000, 0x0000000094b00000, 0x0000000094c00000|  0%| F|  |TAMS 0x0000000094b00000| PB 0x0000000094b00000| Untracked 
| 332|0x0000000094c00000, 0x0000000094c00000, 0x0000000094d00000|  0%| F|  |TAMS 0x0000000094c00000| PB 0x0000000094c00000| Untracked 
| 333|0x0000000094d00000, 0x0000000094d00000, 0x0000000094e00000|  0%| F|  |TAMS 0x0000000094d00000| PB 0x0000000094d00000| Untracked 
| 334|0x0000000094e00000, 0x0000000094e00000, 0x0000000094f00000|  0%| F|  |TAMS 0x0000000094e00000| PB 0x0000000094e00000| Untracked 
| 335|0x0000000094f00000, 0x0000000094f00000, 0x0000000095000000|  0%| F|  |TAMS 0x0000000094f00000| PB 0x0000000094f00000| Untracked 
| 336|0x0000000095000000, 0x0000000095000000, 0x0000000095100000|  0%| F|  |TAMS 0x0000000095000000| PB 0x0000000095000000| Untracked 
| 337|0x0000000095100000, 0x0000000095100000, 0x0000000095200000|  0%| F|  |TAMS 0x0000000095100000| PB 0x0000000095100000| Untracked 
| 338|0x0000000095200000, 0x0000000095200000, 0x0000000095300000|  0%| F|  |TAMS 0x0000000095200000| PB 0x0000000095200000| Untracked 
| 339|0x0000000095300000, 0x0000000095300000, 0x0000000095400000|  0%| F|  |TAMS 0x0000000095300000| PB 0x0000000095300000| Untracked 
| 340|0x0000000095400000, 0x0000000095400000, 0x0000000095500000|  0%| F|  |TAMS 0x0000000095400000| PB 0x0000000095400000| Untracked 
| 341|0x0000000095500000, 0x0000000095500000, 0x0000000095600000|  0%| F|  |TAMS 0x0000000095500000| PB 0x0000000095500000| Untracked 
| 342|0x0000000095600000, 0x0000000095600000, 0x0000000095700000|  0%| F|  |TAMS 0x0000000095600000| PB 0x0000000095600000| Untracked 
| 343|0x0000000095700000, 0x0000000095700000, 0x0000000095800000|  0%| F|  |TAMS 0x0000000095700000| PB 0x0000000095700000| Untracked 
| 344|0x0000000095800000, 0x0000000095800000, 0x0000000095900000|  0%| F|  |TAMS 0x0000000095800000| PB 0x0000000095800000| Untracked 
| 345|0x0000000095900000, 0x0000000095900000, 0x0000000095a00000|  0%| F|  |TAMS 0x0000000095900000| PB 0x0000000095900000| Untracked 
| 346|0x0000000095a00000, 0x0000000095a00000, 0x0000000095b00000|  0%| F|  |TAMS 0x0000000095a00000| PB 0x0000000095a00000| Untracked 
| 347|0x0000000095b00000, 0x0000000095b00000, 0x0000000095c00000|  0%| F|  |TAMS 0x0000000095b00000| PB 0x0000000095b00000| Untracked 
| 348|0x0000000095c00000, 0x0000000095c00000, 0x0000000095d00000|  0%| F|  |TAMS 0x0000000095c00000| PB 0x0000000095c00000| Untracked 
| 349|0x0000000095d00000, 0x0000000095d00000, 0x0000000095e00000|  0%| F|  |TAMS 0x0000000095d00000| PB 0x0000000095d00000| Untracked 
| 350|0x0000000095e00000, 0x0000000095e00000, 0x0000000095f00000|  0%| F|  |TAMS 0x0000000095e00000| PB 0x0000000095e00000| Untracked 
| 351|0x0000000095f00000, 0x0000000095f00000, 0x0000000096000000|  0%| F|  |TAMS 0x0000000095f00000| PB 0x0000000095f00000| Untracked 
| 352|0x0000000096000000, 0x0000000096000000, 0x0000000096100000|  0%| F|  |TAMS 0x0000000096000000| PB 0x0000000096000000| Untracked 
| 353|0x0000000096100000, 0x0000000096100000, 0x0000000096200000|  0%| F|  |TAMS 0x0000000096100000| PB 0x0000000096100000| Untracked 
| 354|0x0000000096200000, 0x0000000096200000, 0x0000000096300000|  0%| F|  |TAMS 0x0000000096200000| PB 0x0000000096200000| Untracked 
| 355|0x0000000096300000, 0x0000000096300000, 0x0000000096400000|  0%| F|  |TAMS 0x0000000096300000| PB 0x0000000096300000| Untracked 
| 356|0x0000000096400000, 0x0000000096400000, 0x0000000096500000|  0%| F|  |TAMS 0x0000000096400000| PB 0x0000000096400000| Untracked 
| 357|0x0000000096500000, 0x0000000096500000, 0x0000000096600000|  0%| F|  |TAMS 0x0000000096500000| PB 0x0000000096500000| Untracked 
| 358|0x0000000096600000, 0x0000000096600000, 0x0000000096700000|  0%| F|  |TAMS 0x0000000096600000| PB 0x0000000096600000| Untracked 
| 359|0x0000000096700000, 0x0000000096700000, 0x0000000096800000|  0%| F|  |TAMS 0x0000000096700000| PB 0x0000000096700000| Untracked 
| 360|0x0000000096800000, 0x0000000096800000, 0x0000000096900000|  0%| F|  |TAMS 0x0000000096800000| PB 0x0000000096800000| Untracked 
| 361|0x0000000096900000, 0x0000000096900000, 0x0000000096a00000|  0%| F|  |TAMS 0x0000000096900000| PB 0x0000000096900000| Untracked 
| 362|0x0000000096a00000, 0x0000000096a00000, 0x0000000096b00000|  0%| F|  |TAMS 0x0000000096a00000| PB 0x0000000096a00000| Untracked 
| 363|0x0000000096b00000, 0x0000000096b00000, 0x0000000096c00000|  0%| F|  |TAMS 0x0000000096b00000| PB 0x0000000096b00000| Untracked 
| 364|0x0000000096c00000, 0x0000000096c00000, 0x0000000096d00000|  0%| F|  |TAMS 0x0000000096c00000| PB 0x0000000096c00000| Untracked 
| 365|0x0000000096d00000, 0x0000000096d00000, 0x0000000096e00000|  0%| F|  |TAMS 0x0000000096d00000| PB 0x0000000096d00000| Untracked 
| 366|0x0000000096e00000, 0x0000000096e00000, 0x0000000096f00000|  0%| F|  |TAMS 0x0000000096e00000| PB 0x0000000096e00000| Untracked 
| 367|0x0000000096f00000, 0x0000000096f00000, 0x0000000097000000|  0%| F|  |TAMS 0x0000000096f00000| PB 0x0000000096f00000| Untracked 
| 368|0x0000000097000000, 0x0000000097000000, 0x0000000097100000|  0%| F|  |TAMS 0x0000000097000000| PB 0x0000000097000000| Untracked 
| 369|0x0000000097100000, 0x0000000097100000, 0x0000000097200000|  0%| F|  |TAMS 0x0000000097100000| PB 0x0000000097100000| Untracked 
| 370|0x0000000097200000, 0x0000000097200000, 0x0000000097300000|  0%| F|  |TAMS 0x0000000097200000| PB 0x0000000097200000| Untracked 
| 371|0x0000000097300000, 0x0000000097300000, 0x0000000097400000|  0%| F|  |TAMS 0x0000000097300000| PB 0x0000000097300000| Untracked 
| 372|0x0000000097400000, 0x0000000097400000, 0x0000000097500000|  0%| F|  |TAMS 0x0000000097400000| PB 0x0000000097400000| Untracked 
| 373|0x0000000097500000, 0x0000000097500000, 0x0000000097600000|  0%| F|  |TAMS 0x0000000097500000| PB 0x0000000097500000| Untracked 
| 374|0x0000000097600000, 0x0000000097600000, 0x0000000097700000|  0%| F|  |TAMS 0x0000000097600000| PB 0x0000000097600000| Untracked 
| 375|0x0000000097700000, 0x0000000097700000, 0x0000000097800000|  0%| F|  |TAMS 0x0000000097700000| PB 0x0000000097700000| Untracked 
| 376|0x0000000097800000, 0x0000000097800000, 0x0000000097900000|  0%| F|  |TAMS 0x0000000097800000| PB 0x0000000097800000| Untracked 
| 377|0x0000000097900000, 0x0000000097900000, 0x0000000097a00000|  0%| F|  |TAMS 0x0000000097900000| PB 0x0000000097900000| Untracked 
| 378|0x0000000097a00000, 0x0000000097a00000, 0x0000000097b00000|  0%| F|  |TAMS 0x0000000097a00000| PB 0x0000000097a00000| Untracked 
| 379|0x0000000097b00000, 0x0000000097b00000, 0x0000000097c00000|  0%| F|  |TAMS 0x0000000097b00000| PB 0x0000000097b00000| Untracked 
| 380|0x0000000097c00000, 0x0000000097c00000, 0x0000000097d00000|  0%| F|  |TAMS 0x0000000097c00000| PB 0x0000000097c00000| Untracked 
| 381|0x0000000097d00000, 0x0000000097d00000, 0x0000000097e00000|  0%| F|  |TAMS 0x0000000097d00000| PB 0x0000000097d00000| Untracked 
| 382|0x0000000097e00000, 0x0000000097e00000, 0x0000000097f00000|  0%| F|  |TAMS 0x0000000097e00000| PB 0x0000000097e00000| Untracked 
| 383|0x0000000097f00000, 0x0000000097f00000, 0x0000000098000000|  0%| F|  |TAMS 0x0000000097f00000| PB 0x0000000097f00000| Untracked 
| 384|0x0000000098000000, 0x0000000098000000, 0x0000000098100000|  0%| F|  |TAMS 0x0000000098000000| PB 0x0000000098000000| Untracked 
| 385|0x0000000098100000, 0x0000000098100000, 0x0000000098200000|  0%| F|  |TAMS 0x0000000098100000| PB 0x0000000098100000| Untracked 
| 386|0x0000000098200000, 0x0000000098200000, 0x0000000098300000|  0%| F|  |TAMS 0x0000000098200000| PB 0x0000000098200000| Untracked 
| 387|0x0000000098300000, 0x0000000098300000, 0x0000000098400000|  0%| F|  |TAMS 0x0000000098300000| PB 0x0000000098300000| Untracked 
| 388|0x0000000098400000, 0x0000000098400000, 0x0000000098500000|  0%| F|  |TAMS 0x0000000098400000| PB 0x0000000098400000| Untracked 
| 389|0x0000000098500000, 0x00000000985130f8, 0x0000000098600000|  7%| E|  |TAMS 0x0000000098500000| PB 0x0000000098500000| Complete 
| 390|0x0000000098600000, 0x0000000098700000, 0x0000000098700000|100%| E|CS|TAMS 0x0000000098600000| PB 0x0000000098600000| Complete 
| 391|0x0000000098700000, 0x0000000098800000, 0x0000000098800000|100%| E|CS|TAMS 0x0000000098700000| PB 0x0000000098700000| Complete 
| 392|0x0000000098800000, 0x0000000098900000, 0x0000000098900000|100%| E|CS|TAMS 0x0000000098800000| PB 0x0000000098800000| Complete 
| 393|0x0000000098900000, 0x0000000098a00000, 0x0000000098a00000|100%| E|CS|TAMS 0x0000000098900000| PB 0x0000000098900000| Complete 
| 394|0x0000000098a00000, 0x0000000098b00000, 0x0000000098b00000|100%| E|CS|TAMS 0x0000000098a00000| PB 0x0000000098a00000| Complete 
| 395|0x0000000098b00000, 0x0000000098c00000, 0x0000000098c00000|100%| E|CS|TAMS 0x0000000098b00000| PB 0x0000000098b00000| Complete 
| 396|0x0000000098c00000, 0x0000000098d00000, 0x0000000098d00000|100%| E|CS|TAMS 0x0000000098c00000| PB 0x0000000098c00000| Complete 
| 397|0x0000000098d00000, 0x0000000098e00000, 0x0000000098e00000|100%| E|CS|TAMS 0x0000000098d00000| PB 0x0000000098d00000| Complete 
| 398|0x0000000098e00000, 0x0000000098f00000, 0x0000000098f00000|100%| E|CS|TAMS 0x0000000098e00000| PB 0x0000000098e00000| Complete 
| 399|0x0000000098f00000, 0x0000000099000000, 0x0000000099000000|100%| E|CS|TAMS 0x0000000098f00000| PB 0x0000000098f00000| Complete 
| 400|0x0000000099000000, 0x0000000099100000, 0x0000000099100000|100%| E|CS|TAMS 0x0000000099000000| PB 0x0000000099000000| Complete 
| 401|0x0000000099100000, 0x0000000099200000, 0x0000000099200000|100%| E|CS|TAMS 0x0000000099100000| PB 0x0000000099100000| Complete 
| 402|0x0000000099200000, 0x0000000099300000, 0x0000000099300000|100%| E|CS|TAMS 0x0000000099200000| PB 0x0000000099200000| Complete 
| 403|0x0000000099300000, 0x0000000099400000, 0x0000000099400000|100%| E|CS|TAMS 0x0000000099300000| PB 0x0000000099300000| Complete 
| 404|0x0000000099400000, 0x0000000099500000, 0x0000000099500000|100%| E|CS|TAMS 0x0000000099400000| PB 0x0000000099400000| Complete 
| 405|0x0000000099500000, 0x0000000099600000, 0x0000000099600000|100%| E|CS|TAMS 0x0000000099500000| PB 0x0000000099500000| Complete 
| 406|0x0000000099600000, 0x0000000099700000, 0x0000000099700000|100%| E|CS|TAMS 0x0000000099600000| PB 0x0000000099600000| Complete 
| 407|0x0000000099700000, 0x0000000099800000, 0x0000000099800000|100%| E|CS|TAMS 0x0000000099700000| PB 0x0000000099700000| Complete 
| 408|0x0000000099800000, 0x0000000099900000, 0x0000000099900000|100%| E|CS|TAMS 0x0000000099800000| PB 0x0000000099800000| Complete 
| 409|0x0000000099900000, 0x0000000099a00000, 0x0000000099a00000|100%| E|CS|TAMS 0x0000000099900000| PB 0x0000000099900000| Complete 
| 410|0x0000000099a00000, 0x0000000099b00000, 0x0000000099b00000|100%| E|CS|TAMS 0x0000000099a00000| PB 0x0000000099a00000| Complete 
| 411|0x0000000099b00000, 0x0000000099c00000, 0x0000000099c00000|100%| E|CS|TAMS 0x0000000099b00000| PB 0x0000000099b00000| Complete 
| 412|0x0000000099c00000, 0x0000000099d00000, 0x0000000099d00000|100%| E|CS|TAMS 0x0000000099c00000| PB 0x0000000099c00000| Complete 
| 413|0x0000000099d00000, 0x0000000099e00000, 0x0000000099e00000|100%| E|CS|TAMS 0x0000000099d00000| PB 0x0000000099d00000| Complete 
| 414|0x0000000099e00000, 0x0000000099f00000, 0x0000000099f00000|100%| E|CS|TAMS 0x0000000099e00000| PB 0x0000000099e00000| Complete 
| 415|0x0000000099f00000, 0x000000009a000000, 0x000000009a000000|100%| E|CS|TAMS 0x0000000099f00000| PB 0x0000000099f00000| Complete 
|2035|0x00000000ff300000, 0x00000000ff400000, 0x00000000ff400000|100%| O|  |TAMS 0x00000000ff300000| PB 0x00000000ff300000| Untracked 
|2036|0x00000000ff400000, 0x00000000ff500000, 0x00000000ff500000|100%| E|CS|TAMS 0x00000000ff400000| PB 0x00000000ff400000| Complete 
|2037|0x00000000ff500000, 0x00000000ff600000, 0x00000000ff600000|100%| O|Cm|TAMS 0x00000000ff500000| PB 0x00000000ff500000| Complete 
|2038|0x00000000ff600000, 0x00000000ff700000, 0x00000000ff700000|100%| O|  |TAMS 0x00000000ff600000| PB 0x00000000ff600000| Untracked 
|2039|0x00000000ff700000, 0x00000000ff800000, 0x00000000ff800000|100%| O|  |TAMS 0x00000000ff700000| PB 0x00000000ff700000| Untracked 
|2040|0x00000000ff800000, 0x00000000ff900000, 0x00000000ff900000|100%| O|  |TAMS 0x00000000ff800000| PB 0x00000000ff800000| Untracked 
|2041|0x00000000ff900000, 0x00000000ffa00000, 0x00000000ffa00000|100%| O|  |TAMS 0x00000000ff900000| PB 0x00000000ff900000| Untracked 
|2042|0x00000000ffa00000, 0x00000000ffb00000, 0x00000000ffb00000|100%| O|  |TAMS 0x00000000ffa00000| PB 0x00000000ffa00000| Untracked 
|2043|0x00000000ffb00000, 0x00000000ffc00000, 0x00000000ffc00000|100%| O|  |TAMS 0x00000000ffb00000| PB 0x00000000ffb00000| Untracked 
|2044|0x00000000ffc00000, 0x00000000ffd00000, 0x00000000ffd00000|100%| O|  |TAMS 0x00000000ffc00000| PB 0x00000000ffc00000| Untracked 
|2045|0x00000000ffd00000, 0x00000000ffe00000, 0x00000000ffe00000|100%| O|  |TAMS 0x00000000ffd00000| PB 0x00000000ffd00000| Untracked 
|2046|0x00000000ffe00000, 0x00000000fff00000, 0x00000000fff00000|100%| O|  |TAMS 0x00000000ffe00000| PB 0x00000000ffe00000| Untracked 
|2047|0x00000000fff00000, 0x0000000100000000, 0x0000000100000000|100%| E|CS|TAMS 0x00000000fff00000| PB 0x00000000fff00000| Complete 

Card table byte_map: [0x00000151abc20000,0x00000151ac020000] _byte_map_base: 0x00000151ab820000

Marking Bits: (CMBitMap*) 0x00000151993f3db0
 Bits: [0x00000151ac020000, 0x00000151ae020000)

Polling page: 0x0000015197190000

Metaspace:

Usage:
  Non-class:    152.61 MB used.
      Class:     22.71 MB used.
       Both:    175.32 MB used.

Virtual space:
  Non-class space:      192.00 MB reserved,     153.94 MB ( 80%) committed,  3 nodes.
      Class space:        1.00 GB reserved,      24.06 MB (  2%) committed,  1 nodes.
             Both:        1.19 GB reserved,     178.00 MB ( 15%) committed. 

Chunk freelists:
   Non-Class:  5.95 MB
       Class:  7.78 MB
        Both:  13.73 MB

MaxMetaspaceSize: unlimited
CompressedClassSpaceSize: 1.00 GB
Initial GC threshold: 21.00 MB
Current GC threshold: 289.69 MB
CDS: off
 - commit_granule_bytes: 65536.
 - commit_granule_words: 8192.
 - virtual_space_node_default_size: 8388608.
 - enlarge_chunks_in_place: 1.
 - use_allocation_guard: 0.


Internal statistics:

num_allocs_failed_limit: 6.
num_arena_births: 5220.
num_arena_deaths: 0.
num_vsnodes_births: 4.
num_vsnodes_deaths: 0.
num_space_committed: 2846.
num_space_uncommitted: 0.
num_chunks_returned_to_freelist: 6.
num_chunks_taken_from_freelist: 12488.
num_chunk_merges: 3.
num_chunk_splits: 8703.
num_chunks_enlarged: 6109.
num_inconsistent_stats: 0.

CodeHeap 'non-profiled nmethods': size=120000Kb used=11077Kb max_used=11352Kb free=108923Kb
 bounds [0x00000151a3fc0000, 0x00000151a4ae0000, 0x00000151ab4f0000]
CodeHeap 'profiled nmethods': size=120000Kb used=35350Kb max_used=35494Kb free=84649Kb
 bounds [0x000001519c4f0000, 0x000001519e7a0000, 0x00000151a3a20000]
CodeHeap 'non-nmethods': size=5760Kb used=3508Kb max_used=3546Kb free=2251Kb
 bounds [0x00000151a3a20000, 0x00000151a3da0000, 0x00000151a3fc0000]
 total_blobs=18278 nmethods=17062 adapters=1118
 compilation: enabled
              stopped_count=0, restarted_count=0
 full_count=0

Compilation events (20 events):
Event: 73.996 Thread 0x00000151b50411a0 nmethod 20892 0x00000151a4733310 code [0x00000151a4733820, 0x00000151a4736918]
Event: 74.179 Thread 0x00000151b50411a0 20893       4       org.gradle.internal.file.PathTraversalChecker::safePathName (30 bytes)
Event: 74.182 Thread 0x00000151b50411a0 nmethod 20893 0x00000151a478d110 code [0x00000151a478d2c0, 0x00000151a478d768]
Event: 74.251 Thread 0x00000151b50411a0 20894   !   4       java.io.File::mkdirs (67 bytes)
Event: 74.256 Thread 0x00000151b50411a0 nmethod 20894 0x00000151a4603a10 code [0x00000151a4603c60, 0x00000151a46044d8]
Event: 74.301 Thread 0x00000151b50411a0 20895       4       kotlin.collections.CollectionsKt__IteratorsJVMKt$iterator$1::hasNext (10 bytes)
Event: 74.302 Thread 0x00000151b50411a0 nmethod 20895 0x00000151a478cd90 code [0x00000151a478cf20, 0x00000151a478cff8]
Event: 74.400 Thread 0x00000151b50411a0 20896   !   4       org.gradle.kotlin.dsl.support.ZipKt::unzipEntryTo (116 bytes)
Event: 74.473 Thread 0x00000151b50411a0 nmethod 20896 0x00000151a41b6690 code [0x00000151a41b6ce0, 0x00000151a41bb4b8]
Event: 74.861 Thread 0x00000151b50411a0 20897       4       java.util.concurrent.locks.ReentrantLock$NonfairSync::tryAcquire (27 bytes)
Event: 74.862 Thread 0x00000151b50411a0 nmethod 20897 0x00000151a41b6310 code [0x00000151a41b64a0, 0x00000151a41b6620]
Event: 75.054 Thread 0x00000151b50411a0 20898       4       kotlin.collections.CollectionsKt__IteratorsJVMKt$iterator$1::next (10 bytes)
Event: 75.056 Thread 0x00000151b50411a0 nmethod 20898 0x00000151a48bd690 code [0x00000151a48bd860, 0x00000151a48bdd40]
Event: 75.068 Thread 0x00000151b5049c50 20899       3       java.util.concurrent.ThreadPoolExecutor::isShutdown (12 bytes)
Event: 75.068 Thread 0x00000151b5049c50 nmethod 20899 0x000001519dc8d890 code [0x000001519dc8da40, 0x000001519dc8dc28]
Event: 76.874 Thread 0x00000151b5049c50 20900       3       java.util.concurrent.ScheduledThreadPoolExecutor::canRunInCurrentRunState (61 bytes)
Event: 76.874 Thread 0x00000151b5049c50 nmethod 20900 0x000001519ded3890 code [0x000001519ded3aa0, 0x000001519ded4268]
Event: 77.874 Thread 0x00000151b50411a0 20901       4       java.util.ComparableTimSort::binarySort (223 bytes)
Event: 77.880 Thread 0x00000151b50411a0 nmethod 20901 0x00000151a4077990 code [0x00000151a4077b60, 0x00000151a4078410]
Event: 79.806 Thread 0x00000151b50411a0 20902   !   4       org.gradle.cache.internal.LockOnDemandCrossProcessCacheAccess::incrementLockCount (191 bytes)

GC Heap History (20 events):
Event: 48.425 GC heap before
{Heap before GC invocations=76 (full 0):
 garbage-first heap   total 347136K, used 345966K [0x0000000080000000, 0x0000000100000000)
  region size 1024K, 172 young (176128K), 4 survivors (4096K)
 Metaspace       used 98789K, committed 100736K, reserved 1179648K
  class space    used 13543K, committed 14528K, reserved 1048576K
}
Event: 48.462 GC heap after
{Heap after GC invocations=77 (full 0):
 garbage-first heap   total 386048K, used 172418K [0x0000000080000000, 0x0000000100000000)
  region size 1024K, 26 young (26624K), 26 survivors (26624K)
 Metaspace       used 98789K, committed 100736K, reserved 1179648K
  class space    used 13543K, committed 14528K, reserved 1048576K
}
Event: 49.837 GC heap before
{Heap before GC invocations=77 (full 0):
 garbage-first heap   total 386048K, used 340354K [0x0000000080000000, 0x0000000100000000)
  region size 1024K, 188 young (192512K), 26 survivors (26624K)
 Metaspace       used 116840K, committed 119104K, reserved 1179648K
  class space    used 15644K, committed 16768K, reserved 1048576K
}
Event: 49.868 GC heap after
{Heap after GC invocations=78 (full 0):
 garbage-first heap   total 386048K, used 184388K [0x0000000080000000, 0x0000000100000000)
  region size 1024K, 12 young (12288K), 12 survivors (12288K)
 Metaspace       used 116840K, committed 119104K, reserved 1179648K
  class space    used 15644K, committed 16768K, reserved 1048576K
}
Event: 52.584 GC heap before
{Heap before GC invocations=78 (full 0):
 garbage-first heap   total 386048K, used 344132K [0x0000000080000000, 0x0000000100000000)
  region size 1024K, 168 young (172032K), 12 survivors (12288K)
 Metaspace       used 136474K, committed 138752K, reserved 1179648K
  class space    used 17663K, committed 18816K, reserved 1048576K
}
Event: 52.617 GC heap after
{Heap after GC invocations=79 (full 0):
 garbage-first heap   total 386048K, used 193238K [0x0000000080000000, 0x0000000100000000)
  region size 1024K, 21 young (21504K), 21 survivors (21504K)
 Metaspace       used 136474K, committed 138752K, reserved 1179648K
  class space    used 17663K, committed 18816K, reserved 1048576K
}
Event: 55.640 GC heap before
{Heap before GC invocations=80 (full 0):
 garbage-first heap   total 386048K, used 354006K [0x0000000080000000, 0x0000000100000000)
  region size 1024K, 167 young (171008K), 21 survivors (21504K)
 Metaspace       used 149171K, committed 151616K, reserved 1245184K
  class space    used 19292K, committed 20544K, reserved 1048576K
}
Event: 55.674 GC heap after
{Heap after GC invocations=81 (full 0):
 garbage-first heap   total 387072K, used 210886K [0x0000000080000000, 0x0000000100000000)
  region size 1024K, 21 young (21504K), 21 survivors (21504K)
 Metaspace       used 149171K, committed 151616K, reserved 1245184K
  class space    used 19292K, committed 20544K, reserved 1048576K
}
Event: 57.409 GC heap before
{Heap before GC invocations=81 (full 0):
 garbage-first heap   total 387072K, used 349126K [0x0000000080000000, 0x0000000100000000)
  region size 1024K, 152 young (155648K), 21 survivors (21504K)
 Metaspace       used 158662K, committed 161216K, reserved 1245184K
  class space    used 20491K, committed 21824K, reserved 1048576K
}
Event: 57.431 GC heap after
{Heap after GC invocations=82 (full 0):
 garbage-first heap   total 387072K, used 221184K [0x0000000080000000, 0x0000000100000000)
  region size 1024K, 9 young (9216K), 9 survivors (9216K)
 Metaspace       used 158662K, committed 161216K, reserved 1245184K
  class space    used 20491K, committed 21824K, reserved 1048576K
}
Event: 58.696 GC heap before
{Heap before GC invocations=82 (full 0):
 garbage-first heap   total 387072K, used 309248K [0x0000000080000000, 0x0000000100000000)
  region size 1024K, 96 young (98304K), 9 survivors (9216K)
 Metaspace       used 159173K, committed 161728K, reserved 1245184K
  class space    used 20531K, committed 21824K, reserved 1048576K
}
Event: 58.706 GC heap after
{Heap after GC invocations=83 (full 0):
 garbage-first heap   total 387072K, used 222121K [0x0000000080000000, 0x0000000100000000)
  region size 1024K, 10 young (10240K), 10 survivors (10240K)
 Metaspace       used 159173K, committed 161728K, reserved 1245184K
  class space    used 20531K, committed 21824K, reserved 1048576K
}
Event: 62.081 GC heap before
{Heap before GC invocations=84 (full 0):
 garbage-first heap   total 430080K, used 357289K [0x0000000080000000, 0x0000000100000000)
  region size 1024K, 140 young (143360K), 10 survivors (10240K)
 Metaspace       used 160681K, committed 163264K, reserved 1245184K
  class space    used 20631K, committed 21952K, reserved 1048576K
}
Event: 62.102 GC heap after
{Heap after GC invocations=85 (full 0):
 garbage-first heap   total 430080K, used 237298K [0x0000000080000000, 0x0000000100000000)
  region size 1024K, 18 young (18432K), 18 survivors (18432K)
 Metaspace       used 160681K, committed 163264K, reserved 1245184K
  class space    used 20631K, committed 21952K, reserved 1048576K
}
Event: 64.842 GC heap before
{Heap before GC invocations=85 (full 0):
 garbage-first heap   total 430080K, used 389874K [0x0000000080000000, 0x0000000100000000)
  region size 1024K, 167 young (171008K), 18 survivors (18432K)
 Metaspace       used 172158K, committed 174848K, reserved 1245184K
  class space    used 22198K, committed 23552K, reserved 1048576K
}
Event: 64.872 GC heap after
{Heap after GC invocations=86 (full 0):
 garbage-first heap   total 430080K, used 239495K [0x0000000080000000, 0x0000000100000000)
  region size 1024K, 9 young (9216K), 9 survivors (9216K)
 Metaspace       used 172158K, committed 174848K, reserved 1245184K
  class space    used 22198K, committed 23552K, reserved 1048576K
}
Event: 65.192 GC heap before
{Heap before GC invocations=86 (full 0):
 garbage-first heap   total 430080K, used 258951K [0x0000000080000000, 0x0000000100000000)
  region size 1024K, 29 young (29696K), 9 survivors (9216K)
 Metaspace       used 173665K, committed 176384K, reserved 1245184K
  class space    used 22426K, committed 23808K, reserved 1048576K
}
Event: 65.203 GC heap after
{Heap after GC invocations=87 (full 0):
 garbage-first heap   total 430080K, used 233197K [0x0000000080000000, 0x0000000100000000)
  region size 1024K, 10 young (10240K), 10 survivors (10240K)
 Metaspace       used 173665K, committed 176384K, reserved 1245184K
  class space    used 22426K, committed 23808K, reserved 1048576K
}
Event: 77.964 GC heap before
{Heap before GC invocations=88 (full 0):
 garbage-first heap   total 439296K, used 416493K [0x0000000080000000, 0x0000000100000000)
  region size 1024K, 169 young (173056K), 10 survivors (10240K)
 Metaspace       used 179525K, committed 182272K, reserved 1245184K
  class space    used 23252K, committed 24640K, reserved 1048576K
}
Event: 78.021 GC heap after
{Heap after GC invocations=89 (full 0):
 garbage-first heap   total 439296K, used 261631K [0x0000000080000000, 0x0000000100000000)
  region size 1024K, 17 young (17408K), 17 survivors (17408K)
 Metaspace       used 179525K, committed 182272K, reserved 1245184K
  class space    used 23252K, committed 24640K, reserved 1048576K
}

Dll operation events (3 events):
Event: 0.024 Loaded shared library C:\Program Files\Android\Android Studio\jbr\bin\java.dll
Event: 0.030 Loaded shared library C:\Program Files\Android\Android Studio\jbr\bin\zip.dll
Event: 0.699 Loaded shared library C:\Program Files\Android\Android Studio\jbr\bin\verify.dll

Deoptimization events (20 events):
Event: 66.910 Thread 0x00000151b5f421a0 Uncommon trap: trap_request=0xffffffd6 fr.pc=0x00000151a4764334 relative=0x00000000000019d4
Event: 66.910 Thread 0x00000151b5f421a0 Uncommon trap: reason=array_check action=maybe_recompile pc=0x00000151a4764334 method=java.util.TimSort.reverseRange([Ljava/lang/Object;II)V @ 20 c2
Event: 66.910 Thread 0x00000151b5f421a0 DEOPT PACKING pc=0x00000151a4764334 sp=0x0000001e4f0f9750
Event: 66.910 Thread 0x00000151b5f421a0 DEOPT UNPACKING pc=0x00000151a3a77da2 sp=0x0000001e4f0f95f8 mode 2
Event: 66.920 Thread 0x00000151b5f421a0 Uncommon trap: trap_request=0xffffff45 fr.pc=0x00000151a4a0b5b8 relative=0x0000000000000a18
Event: 66.920 Thread 0x00000151b5f421a0 Uncommon trap: reason=unstable_if action=reinterpret pc=0x00000151a4a0b5b8 method=java.util.HashMap.removeNode(ILjava/lang/Object;Ljava/lang/Object;ZZ)Ljava/util/HashMap$Node; @ 133 c2
Event: 66.920 Thread 0x00000151b5f421a0 DEOPT PACKING pc=0x00000151a4a0b5b8 sp=0x0000001e4f0f9780
Event: 66.920 Thread 0x00000151b5f421a0 DEOPT UNPACKING pc=0x00000151a3a77da2 sp=0x0000001e4f0f9708 mode 2
Event: 67.006 Thread 0x00000151b5f421a0 Uncommon trap: trap_request=0xffffffd6 fr.pc=0x00000151a4764334 relative=0x00000000000019d4
Event: 67.006 Thread 0x00000151b5f421a0 Uncommon trap: reason=array_check action=maybe_recompile pc=0x00000151a4764334 method=java.util.TimSort.reverseRange([Ljava/lang/Object;II)V @ 20 c2
Event: 67.006 Thread 0x00000151b5f421a0 DEOPT PACKING pc=0x00000151a4764334 sp=0x0000001e4f0f7bf0
Event: 67.006 Thread 0x00000151b5f421a0 DEOPT UNPACKING pc=0x00000151a3a77da2 sp=0x0000001e4f0f7a98 mode 2
Event: 67.021 Thread 0x00000151b5f421a0 Uncommon trap: trap_request=0xffffffd6 fr.pc=0x00000151a4764334 relative=0x00000000000019d4
Event: 67.021 Thread 0x00000151b5f421a0 Uncommon trap: reason=array_check action=maybe_recompile pc=0x00000151a4764334 method=java.util.TimSort.reverseRange([Ljava/lang/Object;II)V @ 20 c2
Event: 67.021 Thread 0x00000151b5f421a0 DEOPT PACKING pc=0x00000151a4764334 sp=0x0000001e4f0f6ca0
Event: 67.021 Thread 0x00000151b5f421a0 DEOPT UNPACKING pc=0x00000151a3a77da2 sp=0x0000001e4f0f6b48 mode 2
Event: 69.884 Thread 0x00000151b5fffdd0 Uncommon trap: trap_request=0xffffff76 fr.pc=0x00000151a42e2654 relative=0x00000000000001d4
Event: 69.884 Thread 0x00000151b5fffdd0 Uncommon trap: reason=predicate action=maybe_recompile pc=0x00000151a42e2654 method=java.util.ComparableTimSort.reverseRange([Ljava/lang/Object;II)V @ 5 c2
Event: 69.884 Thread 0x00000151b5fffdd0 DEOPT PACKING pc=0x00000151a42e2654 sp=0x0000001e4e7fe660
Event: 69.884 Thread 0x00000151b5fffdd0 DEOPT UNPACKING pc=0x00000151a3a77da2 sp=0x0000001e4e7fe5a0 mode 2

Classes loaded (20 events):
Event: 66.328 Loading class java/util/AbstractListBeanInfo
Event: 66.328 Loading class java/util/AbstractListBeanInfo done
Event: 66.328 Loading class java/util/AbstractListBeanInfo
Event: 66.328 Loading class java/util/AbstractListBeanInfo done
Event: 66.328 Loading class java/util/AbstractListCustomizer
Event: 66.328 Loading class java/util/AbstractListCustomizer done
Event: 66.328 Loading class java/util/AbstractListCustomizer
Event: 66.328 Loading class java/util/AbstractListCustomizer done
Event: 66.331 Loading class java/util/ArrayListCustomizer
Event: 66.331 Loading class java/util/ArrayListCustomizer done
Event: 66.332 Loading class java/util/ArrayListCustomizer
Event: 66.332 Loading class java/util/ArrayListCustomizer done
Event: 66.350 Loading class java/lang/StringBeanInfo
Event: 66.350 Loading class java/lang/StringBeanInfo done
Event: 66.350 Loading class java/lang/StringBeanInfo
Event: 66.350 Loading class java/lang/StringBeanInfo done
Event: 66.350 Loading class java/lang/StringCustomizer
Event: 66.350 Loading class java/lang/StringCustomizer done
Event: 66.350 Loading class java/lang/StringCustomizer
Event: 66.350 Loading class java/lang/StringCustomizer done

Classes unloaded (0 events):
No events

Classes redefined (0 events):
No events

Internal exceptions (20 events):
Event: 66.307 Thread 0x00000151b5f421a0 Exception <a 'java/lang/ClassNotFoundException'{0x0000000096f94550}: java/util/HashSetBeanInfo> (0x0000000096f94550) 
thrown [s\src\hotspot\share\classfile\systemDictionary.cpp, line 312]
Event: 66.308 Thread 0x00000151b5f421a0 Exception <a 'java/lang/ClassNotFoundException'{0x0000000096f98f28}: java/util/AbstractSetBeanInfo> (0x0000000096f98f28) 
thrown [s\src\hotspot\share\classfile\systemDictionary.cpp, line 312]
Event: 66.308 Thread 0x00000151b5f421a0 Exception <a 'java/lang/ClassNotFoundException'{0x0000000096f9d948}: java/util/AbstractSetCustomizer> (0x0000000096f9d948) 
thrown [s\src\hotspot\share\classfile\systemDictionary.cpp, line 312]
Event: 66.309 Thread 0x00000151b5f421a0 Exception <a 'java/lang/ClassNotFoundException'{0x0000000096fbf178}: java/util/HashSetCustomizer> (0x0000000096fbf178) 
thrown [s\src\hotspot\share\classfile\systemDictionary.cpp, line 312]
Event: 66.311 Thread 0x00000151b5f421a0 Exception <a 'java/lang/ClassNotFoundException'{0x0000000096fed860}: java/util/LinkedHashSetCustomizer> (0x0000000096fed860) 
thrown [s\src\hotspot\share\classfile\systemDictionary.cpp, line 312]
Event: 66.328 Thread 0x00000151b5f421a0 Exception <a 'java/lang/ClassNotFoundException'{0x0000000096dade38}: java/util/ArrayListBeanInfo> (0x0000000096dade38) 
thrown [s\src\hotspot\share\classfile\systemDictionary.cpp, line 312]
Event: 66.328 Thread 0x00000151b5f421a0 Exception <a 'java/lang/ClassNotFoundException'{0x0000000096db2830}: java/util/AbstractListBeanInfo> (0x0000000096db2830) 
thrown [s\src\hotspot\share\classfile\systemDictionary.cpp, line 312]
Event: 66.328 Thread 0x00000151b5f421a0 Exception <a 'java/lang/ClassNotFoundException'{0x0000000096db7250}: java/util/AbstractListCustomizer> (0x0000000096db7250) 
thrown [s\src\hotspot\share\classfile\systemDictionary.cpp, line 312]
Event: 66.332 Thread 0x00000151b5f421a0 Exception <a 'java/lang/ClassNotFoundException'{0x0000000096de7db0}: java/util/ArrayListCustomizer> (0x0000000096de7db0) 
thrown [s\src\hotspot\share\classfile\systemDictionary.cpp, line 312]
Event: 66.350 Thread 0x00000151b5f421a0 Exception <a 'java/lang/ClassNotFoundException'{0x0000000096b50a70}: java/lang/StringBeanInfo> (0x0000000096b50a70) 
thrown [s\src\hotspot\share\classfile\systemDictionary.cpp, line 312]
Event: 66.350 Thread 0x00000151b5f421a0 Exception <a 'java/lang/ClassNotFoundException'{0x0000000096b55408}: java/lang/StringCustomizer> (0x0000000096b55408) 
thrown [s\src\hotspot\share\classfile\systemDictionary.cpp, line 312]
Event: 66.506 Thread 0x00000151ba1d3d90 Exception <a 'java/lang/NoSuchMethodError'{0x0000000096884ee8}: static Lorg/jetbrains/plugins/gradle/tooling/internal/jar/JarTaskManifestConfigurationImpl;.<clinit>()V> (0x0000000096884ee8) 
thrown [s\src\hotspot\share\prims\jni.cpp, line 1126]
Event: 66.525 Thread 0x00000151ba1d3d90 Exception <a 'java/lang/NoSuchMethodError'{0x000000009688d610}: static Lorg/jetbrains/kotlin/android/synthetic/idea/AndroidExtensionsGradleModelImpl;.<clinit>()V> (0x000000009688d610) 
thrown [s\src\hotspot\share\prims\jni.cpp, line 1126]
Event: 66.548 Thread 0x00000151ba1d3d90 Exception <a 'java/lang/NoSuchMethodError'{0x0000000096896110}: static Lorg/jetbrains/kotlin/idea/gradleTooling/model/parcelize/ParcelizeGradleModelImpl;.<clinit>()V> (0x0000000096896110) 
thrown [s\src\hotspot\share\prims\jni.cpp, line 1126]
Event: 66.555 Thread 0x00000151ba1d3d90 Exception <a 'java/lang/NoSuchMethodError'{0x000000009689e138}: static Lorg/jetbrains/kotlin/idea/gradleTooling/model/assignment/AssignmentModelImpl;.<clinit>()V> (0x000000009689e138) 
thrown [s\src\hotspot\share\prims\jni.cpp, line 1126]
Event: 66.564 Thread 0x00000151ba1d3d90 Exception <a 'java/lang/NoSuchMethodError'{0x00000000968ada90}: static Lorg/jetbrains/kotlin/idea/gradleTooling/model/samWithReceiver/SamWithReceiverModelImpl;.<clinit>()V> (0x00000000968ada90) 
thrown [s\src\hotspot\share\prims\jni.cpp, line 1126]
Event: 66.569 Thread 0x00000151ba1d3d90 Exception <a 'java/lang/NoSuchMethodError'{0x00000000968b67a0}: static Lorg/jetbrains/kotlin/idea/gradleTooling/model/noarg/NoArgModelImpl;.<clinit>()V> (0x00000000968b67a0) 
thrown [s\src\hotspot\share\prims\jni.cpp, line 1126]
Event: 66.575 Thread 0x00000151ba1d3d90 Exception <a 'java/lang/NoSuchMethodError'{0x00000000968bf2b0}: static Lorg/jetbrains/kotlin/idea/gradleTooling/model/allopen/AllOpenModelImpl;.<clinit>()V> (0x00000000968bf2b0) 
thrown [s\src\hotspot\share\prims\jni.cpp, line 1126]
Event: 66.665 Thread 0x00000151ba1d3d90 Exception <a 'java/lang/NoSuchMethodError'{0x0000000096683538}: static Lorg/jetbrains/plugins/gradle/tooling/internal/VersionCatalogsModelImpl;.<clinit>()V> (0x0000000096683538) 
thrown [s\src\hotspot\share\prims\jni.cpp, line 1126]
Event: 79.767 Thread 0x00000151b5f421a0 Exception <a 'java/io/IOException'{0x0000000098ad7e08}> (0x0000000098ad7e08) 
thrown [s\src\hotspot\share\prims\jni.cpp, line 535]

ZGC Phase Switch (0 events):
No events

VM Operations (20 events):
Event: 66.053 Executing VM operation: HandshakeAllThreads (Deoptimize)
Event: 66.053 Executing VM operation: HandshakeAllThreads (Deoptimize) done
Event: 66.841 Executing VM operation: ICBufferFull
Event: 66.841 Executing VM operation: ICBufferFull done
Event: 66.973 Executing VM operation: HandshakeAllThreads (Deoptimize)
Event: 66.973 Executing VM operation: HandshakeAllThreads (Deoptimize) done
Event: 66.977 Executing VM operation: HandshakeAllThreads (Deoptimize)
Event: 66.977 Executing VM operation: HandshakeAllThreads (Deoptimize) done
Event: 66.991 Executing VM operation: HandshakeAllThreads (Deoptimize)
Event: 66.992 Executing VM operation: HandshakeAllThreads (Deoptimize) done
Event: 68.006 Executing VM operation: Cleanup
Event: 68.006 Executing VM operation: Cleanup done
Event: 70.022 Executing VM operation: Cleanup
Event: 70.022 Executing VM operation: Cleanup done
Event: 74.049 Executing VM operation: Cleanup
Event: 74.050 Executing VM operation: Cleanup done
Event: 75.063 Executing VM operation: Cleanup
Event: 75.064 Executing VM operation: Cleanup done
Event: 77.964 Executing VM operation: G1CollectForAllocation (G1 Evacuation Pause)
Event: 78.021 Executing VM operation: G1CollectForAllocation (G1 Evacuation Pause) done

Events (20 events):
Event: 65.726 Thread 0x00000151b0a63b90 flushing nmethod 0x00000151a408c110
Event: 65.726 Thread 0x00000151b0a63b90 flushing nmethod 0x00000151a3ff3710
Event: 65.726 Thread 0x00000151b0a63b90 flushing nmethod 0x00000151a405ee90
Event: 65.726 Thread 0x00000151b0a63b90 flushing nmethod 0x00000151a3fe7910
Event: 65.726 Thread 0x00000151b0a63b90 flushing nmethod 0x00000151a3fe4310
Event: 65.726 Thread 0x00000151b0a63b90 flushing nmethod 0x00000151a402ca10
Event: 65.726 Thread 0x00000151b0a63b90 flushing nmethod 0x00000151a4016990
Event: 65.726 Thread 0x00000151b0a63b90 flushing nmethod 0x00000151a4019610
Event: 65.726 Thread 0x00000151b0a63b90 flushing nmethod 0x00000151a3fe2010
Event: 65.793 Thread 0x00000151c0556af0 Thread added: 0x00000151c0556af0
Event: 65.810 Thread 0x00000151c0555dd0 Thread added: 0x00000151c0555dd0
Event: 65.810 Thread 0x00000151c0556460 Thread added: 0x00000151c0556460
Event: 65.810 Thread 0x00000151c6b47180 Thread added: 0x00000151c6b47180
Event: 65.810 Thread 0x00000151c6b45740 Thread added: 0x00000151c6b45740
Event: 65.810 Thread 0x00000151c6b47ea0 Thread added: 0x00000151c6b47ea0
Event: 65.810 Thread 0x00000151c6b47810 Thread added: 0x00000151c6b47810
Event: 65.810 Thread 0x00000151c6b46460 Thread added: 0x00000151c6b46460
Event: 65.869 Thread 0x00000151c6b450b0 Thread added: 0x00000151c6b450b0
Event: 66.168 Thread 0x00000151ba1d3d90 Thread added: 0x00000151ba1d3d90
Event: 66.998 Thread 0x00000151c680a060 Thread added: 0x00000151c680a060


Dynamic libraries:
0x00007ff6d17a0000 - 0x00007ff6d17aa000 	C:\Program Files\Android\Android Studio\jbr\bin\java.exe
0x00007ffb94d70000 - 0x00007ffb94f68000 	C:\Windows\SYSTEM32\ntdll.dll
0x00007ffb94bd0000 - 0x00007ffb94c92000 	C:\Windows\System32\KERNEL32.DLL
0x00007ffb929e0000 - 0x00007ffb92cd6000 	C:\Windows\System32\KERNELBASE.dll
0x00007ffb92550000 - 0x00007ffb92650000 	C:\Windows\System32\ucrtbase.dll
0x00007ffb71bc0000 - 0x00007ffb71bd8000 	C:\Program Files\Android\Android Studio\jbr\bin\jli.dll
0x00007ffb0e020000 - 0x00007ffb0e03b000 	C:\Program Files\Android\Android Studio\jbr\bin\VCRUNTIME140.dll
0x00007ffb93100000 - 0x00007ffb932a1000 	C:\Windows\System32\USER32.dll
0x00007ffb92400000 - 0x00007ffb92422000 	C:\Windows\System32\win32u.dll
0x00007ffb93430000 - 0x00007ffb9345b000 	C:\Windows\System32\GDI32.dll
0x00007ffb92650000 - 0x00007ffb92769000 	C:\Windows\System32\gdi32full.dll
0x00007ffb92430000 - 0x00007ffb924cd000 	C:\Windows\System32\msvcp_win.dll
0x00007ffb7b540000 - 0x00007ffb7b7db000 	C:\Windows\WinSxS\amd64_microsoft.windows.common-controls_6595b64144ccf1df_6.0.19041.6456_none_60b8a6cb71f64256\COMCTL32.dll
0x00007ffb93fb0000 - 0x00007ffb9404e000 	C:\Windows\System32\msvcrt.dll
0x00007ffb94ba0000 - 0x00007ffb94bcf000 	C:\Windows\System32\IMM32.DLL
0x00007ffb10d80000 - 0x00007ffb10d8c000 	C:\Program Files\Android\Android Studio\jbr\bin\vcruntime140_1.dll
0x00007ffb09da0000 - 0x00007ffb09e2d000 	C:\Program Files\Android\Android Studio\jbr\bin\msvcp140.dll
0x00007ffb05f90000 - 0x00007ffb06c0d000 	C:\Program Files\Android\Android Studio\jbr\bin\server\jvm.dll
0x00007ffb942b0000 - 0x00007ffb94361000 	C:\Windows\System32\ADVAPI32.dll
0x00007ffb93d60000 - 0x00007ffb93dff000 	C:\Windows\System32\sechost.dll
0x00007ffb932b0000 - 0x00007ffb933d0000 	C:\Windows\System32\RPCRT4.dll
0x00007ffb92520000 - 0x00007ffb92547000 	C:\Windows\System32\bcrypt.dll
0x00007ffb94b30000 - 0x00007ffb94b9b000 	C:\Windows\System32\WS2_32.dll
0x00007ffb826b0000 - 0x00007ffb826d7000 	C:\Windows\SYSTEM32\WINMM.dll
0x00007ffb91940000 - 0x00007ffb9198b000 	C:\Windows\SYSTEM32\POWRPROF.dll
0x00007ffb87800000 - 0x00007ffb8780a000 	C:\Windows\SYSTEM32\VERSION.dll
0x00007ffb91800000 - 0x00007ffb91812000 	C:\Windows\SYSTEM32\UMPDC.dll
0x00007ffb90c10000 - 0x00007ffb90c22000 	C:\Windows\SYSTEM32\kernel.appcore.dll
0x00007ffb0e010000 - 0x00007ffb0e01a000 	C:\Program Files\Android\Android Studio\jbr\bin\jimage.dll
0x00007ffb8fe20000 - 0x00007ffb90021000 	C:\Windows\SYSTEM32\DBGHELP.DLL
0x00007ffb73080000 - 0x00007ffb730b4000 	C:\Windows\SYSTEM32\dbgcore.DLL
0x00007ffb928d0000 - 0x00007ffb92952000 	C:\Windows\System32\bcryptPrimitives.dll
0x00007ffb71bb0000 - 0x00007ffb71bbe000 	C:\Program Files\Android\Android Studio\jbr\bin\instrument.dll
0x00007ffb0dff0000 - 0x00007ffb0e00f000 	C:\Program Files\Android\Android Studio\jbr\bin\java.dll
0x00007ffb0c6c0000 - 0x00007ffb0c6d8000 	C:\Program Files\Android\Android Studio\jbr\bin\zip.dll
0x00007ffb93510000 - 0x00007ffb93c80000 	C:\Windows\System32\SHELL32.dll
0x00007ffb90450000 - 0x00007ffb90bf5000 	C:\Windows\SYSTEM32\windows.storage.dll
0x00007ffb92d90000 - 0x00007ffb930e4000 	C:\Windows\System32\combase.dll
0x00007ffb91e30000 - 0x00007ffb91e5b000 	C:\Windows\SYSTEM32\Wldp.dll
0x00007ffb94390000 - 0x00007ffb9445d000 	C:\Windows\System32\OLEAUT32.dll
0x00007ffb93460000 - 0x00007ffb9350d000 	C:\Windows\System32\SHCORE.dll
0x00007ffb94990000 - 0x00007ffb949eb000 	C:\Windows\System32\shlwapi.dll
0x00007ffb92330000 - 0x00007ffb92354000 	C:\Windows\SYSTEM32\profapi.dll
0x00007ffb0c6b0000 - 0x00007ffb0c6c0000 	C:\Program Files\Android\Android Studio\jbr\bin\net.dll
0x00007ffb8b9f0000 - 0x00007ffb8bafa000 	C:\Windows\SYSTEM32\WINHTTP.dll
0x00007ffb91b90000 - 0x00007ffb91bfa000 	C:\Windows\system32\mswsock.dll
0x00007ffb0c690000 - 0x00007ffb0c6a6000 	C:\Program Files\Android\Android Studio\jbr\bin\nio.dll
0x00007ffb12d30000 - 0x00007ffb12d40000 	C:\Program Files\Android\Android Studio\jbr\bin\verify.dll
0x00007ffb71be0000 - 0x00007ffb71c07000 	C:\Users\user\.gradle\native\c067742578af261105cb4f569cf0c3c89f3d7b1fecec35dd04571415982c5e48\windows-amd64\native-platform.dll
0x00007ffb08f80000 - 0x00007ffb090c4000 	C:\Users\user\.gradle\native\100fb08df4bc3b14c8652ba06237920a3bd2aa13389f12d3474272988ae205f9\windows-amd64\native-platform-file-events.dll
0x00007ffb090e0000 - 0x00007ffb090e9000 	C:\Program Files\Android\Android Studio\jbr\bin\management.dll
0x00007ffb090d0000 - 0x00007ffb090db000 	C:\Program Files\Android\Android Studio\jbr\bin\management_ext.dll
0x00007ffb94510000 - 0x00007ffb94518000 	C:\Windows\System32\PSAPI.DLL
0x00007ffb91d80000 - 0x00007ffb91d98000 	C:\Windows\SYSTEM32\CRYPTSP.dll
0x00007ffb91440000 - 0x00007ffb91478000 	C:\Windows\system32\rsaenh.dll
0x00007ffb922b0000 - 0x00007ffb922de000 	C:\Windows\SYSTEM32\USERENV.dll
0x00007ffb91da0000 - 0x00007ffb91dac000 	C:\Windows\SYSTEM32\CRYPTBASE.dll
0x00007ffb91820000 - 0x00007ffb9185b000 	C:\Windows\SYSTEM32\IPHLPAPI.DLL
0x00007ffb930f0000 - 0x00007ffb930f8000 	C:\Windows\System32\NSI.dll
0x00007ffb0c680000 - 0x00007ffb0c689000 	C:\Program Files\Android\Android Studio\jbr\bin\extnet.dll
0x00007ffb46660000 - 0x00007ffb46667000 	C:\Windows\system32\wshunix.dll

dbghelp: loaded successfully - version: 4.0.5 - missing functions: none
symbol engine: initialized successfully - sym options: 0x614 - pdb path: .;C:\Program Files\Android\Android Studio\jbr\bin;C:\Windows\SYSTEM32;C:\Windows\WinSxS\amd64_microsoft.windows.common-controls_6595b64144ccf1df_6.0.19041.6456_none_60b8a6cb71f64256;C:\Program Files\Android\Android Studio\jbr\bin\server;C:\Users\user\.gradle\native\c067742578af261105cb4f569cf0c3c89f3d7b1fecec35dd04571415982c5e48\windows-amd64;C:\Users\user\.gradle\native\100fb08df4bc3b14c8652ba06237920a3bd2aa13389f12d3474272988ae205f9\windows-amd64

VM Arguments:
jvm_args: --add-opens=java.base/java.lang=ALL-UNNAMED --add-opens=java.base/java.lang.invoke=ALL-UNNAMED --add-opens=java.base/java.util=ALL-UNNAMED --add-opens=java.prefs/java.util.prefs=ALL-UNNAMED --add-exports=jdk.compiler/com.sun.tools.javac.api=ALL-UNNAMED --add-exports=jdk.compiler/com.sun.tools.javac.util=ALL-UNNAMED --add-opens=java.base/java.util=ALL-UNNAMED --add-opens=java.prefs/java.util.prefs=ALL-UNNAMED --add-opens=java.base/java.nio.charset=ALL-UNNAMED --add-opens=java.base/java.net=ALL-UNNAMED --add-opens=java.base/java.util.concurrent.atomic=ALL-UNNAMED --add-opens=java.xml/javax.xml.namespace=ALL-UNNAMED -Xmx2048m -Dfile.encoding=UTF-8 -Duser.country=IN -Duser.language=en -Duser.variant -javaagent:C:\Users\user\.gradle\wrapper\dists\gradle-8.11.1-bin\bpt9gzteqjrbo1mjrsomdt32c\gradle-8.11.1\lib\agents\gradle-instrumentation-agent-8.11.1.jar 
java_command: org.gradle.launcher.daemon.bootstrap.GradleDaemon 8.11.1
java_class_path (initial): C:\Users\user\.gradle\wrapper\dists\gradle-8.11.1-bin\bpt9gzteqjrbo1mjrsomdt32c\gradle-8.11.1\lib\gradle-daemon-main-8.11.1.jar
Launcher Type: SUN_STANDARD

[Global flags]
     intx CICompilerCount                          = 4                                         {product} {ergonomic}
     uint ConcGCThreads                            = 2                                         {product} {ergonomic}
     uint G1ConcRefinementThreads                  = 8                                         {product} {ergonomic}
   size_t G1HeapRegionSize                         = 1048576                                   {product} {ergonomic}
    uintx GCDrainStackTargetSize                   = 64                                        {product} {ergonomic}
   size_t InitialHeapSize                          = 62914560                                  {product} {ergonomic}
   size_t MarkStackSize                            = 4194304                                   {product} {ergonomic}
   size_t MaxHeapSize                              = 2147483648                                {product} {command line}
   size_t MaxNewSize                               = 1287651328                                {product} {ergonomic}
   size_t MinHeapDeltaBytes                        = 1048576                                   {product} {ergonomic}
   size_t MinHeapSize                              = 8388608                                   {product} {ergonomic}
    uintx NonNMethodCodeHeapSize                   = 5839372                                {pd product} {ergonomic}
    uintx NonProfiledCodeHeapSize                  = 122909434                              {pd product} {ergonomic}
    uintx ProfiledCodeHeapSize                     = 122909434                              {pd product} {ergonomic}
    uintx ReservedCodeCacheSize                    = 251658240                              {pd product} {ergonomic}
     bool SegmentedCodeCache                       = true                                      {product} {ergonomic}
   size_t SoftMaxHeapSize                          = 2147483648                             {manageable} {ergonomic}
     bool UseCompressedOops                        = true                           {product lp64_product} {ergonomic}
     bool UseG1GC                                  = true                                      {product} {ergonomic}
     bool UseLargePagesIndividualAllocation        = false                                  {pd product} {ergonomic}

Logging:
Log output configuration:
 #0: stdout all=warning uptime,level,tags foldmultilines=false
 #1: stderr all=off uptime,level,tags foldmultilines=false

Environment Variables:
PATH=C:\Program Files\Common Files\Oracle\Java\javapath;C:\Windows\system32;C:\Windows;C:\Windows\System32\Wbem;C:\Windows\System32\WindowsPowerShell\v1.0\;C:\Windows\System32\OpenSSH\;C:\Program Files\Java\jdk-21\bin;C:\Program Files\MySQL\MySQL Server 8.0\bin;C:\Program Files\Git\cmd;C:\Program Files (x86)\GitExtensions\;C:\Program Files\dotnet\;C:\Program Files\nodejs\;C:\ProgramData\chocolatey\bin;C:\Program Files\apache-maven-3.9.9;C:\Program Files\MAVEN\apache-maven-3.9.9\bin;C:\Program Files\MySQL\MySQL Shell 8.0\bin\;C:\Users\user\AppData\Local\Microsoft\WindowsApps;C:\Users\user\AppData\Local\Programs\Microsoft VS Code\bin;C:\Users\user\AppData\Roaming\npm;C:\Platform-tools\platform-tools;
USERNAME=user
OS=Windows_NT
PROCESSOR_IDENTIFIER=Intel64 Family 6 Model 140 Stepping 1, GenuineIntel
TMP=C:\Users\user\AppData\Local\Temp
TEMP=C:\Users\user\AppData\Local\Temp




Periodic native trim disabled

JNI global refs:
JNI global refs: 28, weak refs: 1

JNI global refs memory usage: 835, weak refs: 833

Process memory usage:
Resident Set Size: 484820K (12% of 3910440K total physical memory with 132520K free physical memory)

OOME stack traces (most recent first):
Classloader memory used:
Loader org.gradle.internal.classloader.VisitableURLClassLoader                         : 106M
Loader bootstrap                                                                       : 29470K
Loader org.gradle.internal.classloader.VisitableURLClassLoader$InstrumentingVisitableURLClassLoader: 24759K
Loader org.gradle.initialization.MixInLegacyTypesClassLoader                           : 12613K
Loader org.gradle.internal.classloader.VisitableURLClassLoader                         : 1953K
Loader jdk.internal.loader.ClassLoaders$PlatformClassLoader                            : 533K
Loader jdk.internal.reflect.DelegatingClassLoader                                      : 454K
Loader jdk.internal.jrtfs.JrtFileSystemProvider$JrtFsLoader                            : 339K
Loader jdk.internal.loader.ClassLoaders$AppClassLoader                                 : 234K
Loader org.gradle.groovy.scripts.internal.DefaultScriptCompilationHandler$ScriptClassLoader: 90728B
Loader org.codehaus.groovy.runtime.callsite.CallSiteClassLoader                        : 56744B
Loader sun.reflect.misc.MethodUtil                                                     : 2960B


[error occurred during error reporting (Classloader stats), id 0xe0000001, Out of Memory Error (s\src\hotspot\share\memory\arena.cpp:168)]
---------------  S Y S T E M  ---------------

OS:
 Windows 10 , 64 bit Build 19041 (10.0.19041.5915)
OS uptime: 0 days 16:39 hours

CPU: total 8 (initial active 8) (4 cores per cpu, 2 threads per core) family 6 model 140 stepping 1 microcode 0xbc, cx8, cmov, fxsr, ht, mmx, 3dnowpref, sse, sse2, sse3, ssse3, sse4.1, sse4.2, popcnt, lzcnt, tsc, tscinvbit, avx, avx2, aes, erms, clmul, bmi1, bmi2, adx, avx512f, avx512dq, avx512cd, avx512bw, avx512vl, sha, fma, vzeroupper, avx512_vpopcntdq, avx512_vpclmulqdq, avx512_vaes, avx512_vnni, clflush, clflushopt, clwb, avx512_vbmi2, avx512_vbmi, rdtscp, rdpid, fsrm, gfni, avx512_bitalg, f16c, pku, cet_ibt, cet_ss, avx512_ifma
Processor Information for all 8 processors :
  Max Mhz: 2419, Current Mhz: 2419, Mhz Limit: 2419

Memory: 4k page, system-wide physical 3818M (132M free)
TotalPageFile size 15594M (AvailPageFile size 0M)
current process WorkingSet (physical memory assigned to process): 449M, peak: 596M
current process commit charge ("private bytes"): 869M, peak: 888M

vm_info: OpenJDK 64-Bit Server VM (21.0.3+-12282718-b509.11) for windows-amd64 JRE (21.0.3+-12282718-b509.11), built on 2024-08-27T17:34:15Z by "builder" with MS VC++ 16.10 / 16.11 (VS2019)

END.
