version 2
JvmtiExport can_access_local_variables 0
JvmtiExport can_hotswap_or_post_breakpoint 1
JvmtiExport can_post_on_exceptions 0
# 290 ciObject found
instanceKlass org/gradle/cache/internal/LockOnDemandCrossProcessCacheAccess
instanceKlass java/util/concurrent/locks/AbstractQueuedSynchronizer$SharedNode
instanceKlass java/util/concurrent/locks/AbstractQueuedSynchronizer$ConditionNode
instanceKlass java/util/concurrent/locks/AbstractQueuedSynchronizer$ExclusiveNode
ciInstanceKlass java/util/concurrent/locks/AbstractQueuedSynchronizer$Node 1 1 84 10 7 12 1 1 1 9 7 12 1 1 1 9 7 12 1 1 1 10 7 12 1 1 1 9 12 1 9 12 1 10 12 1 1 10 12 1 1 10 12 1 1 10 12 1 8 1 10 12 1 1 8 1 8 1 1 1 1 1 1 1 1 1 1 1 1 1 1 1 1 1 1 1 1 1 1 1 1 1 1 1 1 1
staticfield java/util/concurrent/locks/AbstractQueuedSynchronizer$Node STATUS J 12
staticfield java/util/concurrent/locks/AbstractQueuedSynchronizer$Node NEXT J 20
staticfield java/util/concurrent/locks/AbstractQueuedSynchronizer$Node PREV J 16
ciInstanceKlass java/util/function/Consumer 1 1 59 10 100 12 1 1 1 18 12 1 1 11 100 12 1 1 100 1 1 1 1 1 1 1 1 1 1 1 1 1 1 1 1 1 1 1 1 1 1 1 1 1 16 15 11 12 15 10 100 12 1 1 1 1 100 1 100 1 1
ciInstanceKlass java/lang/invoke/Invokers$Holder 1 1 128 1 100 1 100 1 1 1 1 1 1 1 7 1 7 1 7 1 1 12 10 1 1 12 10 1 1 12 10 1 1 100 1 1 12 9 1 1 1 12 10 1 1 1 12 10 1 1 12 10 1 1 12 10 1 12 10 1 1 1 12 10 1 1 100 1 1 12 10 1 12 10 1 1 12 10 1 12 10 1 1 12 10 1 1 12 10 1 12 10 1 1 12 10 1 1 12 10 1 1 12 10 1 12 10 12 10 12 10 12 10 12 10 1 1 12 10 1 1 12 10 1 1 12 10 1 1 1
instanceKlass kotlin/collections/CollectionsKt__IteratorsJVMKt$iterator$1
instanceKlass org/gradle/kotlin/dsl/support/ZipKt
instanceKlass  @bci org/gradle/api/internal/artifacts/transform/DefaultTransformOutputs dir (Ljava/lang/Object;)Ljava/io/File; 2 <appendix> argL0 ; # org/gradle/api/internal/artifacts/transform/DefaultTransformOutputs$$Lambda+0x0000000101833400
instanceKlass  @bci org/gradle/kotlin/dsl/resolver/FindGradleSources$Inject1 $gradleInit ()V 1 <appendix> member <vmtarget> ; # org/gradle/kotlin/dsl/resolver/FindGradleSources$Inject1$$Lambda+0x0000000101833800
instanceKlass org/gradle/internal/resolve/resolver/DefaultVariantArtifactResolver$SingleArtifactVariantIdentifier
instanceKlass org/gradle/internal/component/external/model/ivy/IvyConfigurationHelper
instanceKlass  @bci org/gradle/internal/component/external/model/ivy/DefaultIvyComponentGraphResolveState getCandidatesForGraphVariantSelection ()Lorg/gradle/internal/component/model/GraphSelectionCandidates; 9 <appendix> member <vmtarget> ; # org/gradle/internal/component/external/model/ivy/DefaultIvyComponentGraphResolveState$$Lambda+0x0000000101837530
instanceKlass org/gradle/internal/component/external/model/ivy/DefaultIvyComponentGraphResolveState$IvyGraphSelectionCandidates
instanceKlass org/gradle/internal/component/external/model/ivy/IvyComponentArtifactResolveMetadata
instanceKlass org/gradle/internal/component/external/model/ivy/IvyComponentGraphResolveState
instanceKlass org/gradle/internal/component/external/descriptor/Artifact
instanceKlass org/gradle/api/internal/artifacts/repositories/metadata/IvyMetadataArtifactProvider
instanceKlass org/gradle/api/internal/artifacts/repositories/metadata/DefaultArtifactMetadataSource
instanceKlass  @bci org/gradle/api/internal/artifacts/repositories/descriptor/IvyRepositoryDescriptor$Builder create ()Lorg/gradle/api/internal/artifacts/repositories/descriptor/IvyRepositoryDescriptor; 175 <appendix> member <vmtarget> ; # org/gradle/api/internal/artifacts/repositories/descriptor/IvyRepositoryDescriptor$Builder$$Lambda+0x0000000101834f78
instanceKlass org/gradle/api/internal/artifacts/repositories/descriptor/IvyRepositoryDescriptor$Resource
instanceKlass org/gradle/kotlin/dsl/support/MapsKt
instanceKlass org/gradle/kotlin/dsl/DependencyHandlerExtensionsKt
instanceKlass org/gradle/kotlin/dsl/resolver/FindGradleSources
instanceKlass org/gradle/kotlin/dsl/resolver/SourceDistributionResolver$registerTransforms$1
instanceKlass  @bci org/gradle/api/internal/artifacts/repositories/layout/DefaultIvyPatternRepositoryLayout_Decorated $gradleInit ()V 1 <appendix> member <vmtarget> ; # org/gradle/api/internal/artifacts/repositories/layout/DefaultIvyPatternRepositoryLayout_Decorated$$Lambda+0x0000000101834b10
instanceKlass org/gradle/kotlin/dsl/resolver/SourceDistributionResolver$createSourceRepository$1$2
instanceKlass org/gradle/kotlin/dsl/resolver/SourceDistributionResolver$createSourceRepository$1$1
instanceKlass  @bci org/gradle/api/internal/artifacts/repositories/DefaultIvyArtifactRepository_Decorated $gradleInit ()V 1 <appendix> member <vmtarget> ; # org/gradle/api/internal/artifacts/repositories/DefaultIvyArtifactRepository_Decorated$$Lambda+0x0000000101834240
instanceKlass  @bci org/gradle/api/internal/artifacts/repositories/DefaultIvyArtifactRepository <init> (Lorg/gradle/api/internal/file/FileResolver;Lorg/gradle/api/internal/artifacts/repositories/transport/RepositoryTransportFactory;Lorg/gradle/internal/resource/local/LocallyAvailableResourceFinder;Lorg/gradle/internal/resource/local/FileStore;Lorg/gradle/internal/resource/local/FileStore;Lorg/gradle/api/artifacts/repositories/AuthenticationContainer;Lorg/gradle/api/internal/artifacts/ivyservice/IvyContextManager;Lorg/gradle/api/internal/artifacts/ImmutableModuleIdentifierFactory;Lorg/gradle/internal/instantiation/InstantiatorFactory;Lorg/gradle/internal/resource/local/FileResourceRepository;Lorg/gradle/api/internal/artifacts/ivyservice/ivyresolve/parser/GradleModuleMetadataParser;Lorg/gradle/api/internal/artifacts/repositories/metadata/IvyMutableModuleMetadataFactory;Lorg/gradle/internal/isolation/IsolatableFactory;Lorg/gradle/api/model/ObjectFactory;Lorg/gradle/api/internal/artifacts/repositories/DefaultUrlArtifactReposi ; # org/gradle/api/internal/artifacts/repositories/DefaultIvyArtifactRepository$$Lambda+0x0000000101834000
instanceKlass  @bci org/gradle/api/internal/artifacts/repositories/AbstractArtifactRepository createRepositoryDescriptor (Lorg/gradle/api/internal/artifacts/ivyservice/ivyresolve/strategy/VersionParser;)Lorg/gradle/api/internal/artifacts/repositories/RepositoryContentDescriptorInternal; 5 <appendix> member <vmtarget> ; # org/gradle/api/internal/artifacts/repositories/AbstractArtifactRepository$$Lambda+0x000000010182dd00
# instanceKlass java/lang/invoke/LambdaForm$MH+0x0000000101833000
# instanceKlass java/lang/invoke/LambdaForm$MH+0x0000000101832c00
# instanceKlass java/lang/invoke/LambdaForm$MH+0x0000000101832800
# instanceKlass java/lang/invoke/LambdaForm$MH+0x0000000101832400
# instanceKlass java/lang/invoke/LambdaForm$MH+0x0000000101832000
# instanceKlass java/lang/invoke/LambdaForm$MH+0x0000000101831c00
# instanceKlass java/lang/invoke/LambdaForm$MH+0x0000000101831800
# instanceKlass java/lang/invoke/LambdaForm$MH+0x0000000101831400
# instanceKlass java/lang/invoke/LambdaForm$MH+0x0000000101831000
# instanceKlass java/lang/invoke/LambdaForm$MH+0x0000000101830c00
# instanceKlass java/lang/invoke/LambdaForm$MH+0x0000000101830800
# instanceKlass java/lang/invoke/LambdaForm$MH+0x0000000101830400
# instanceKlass java/lang/invoke/LambdaForm$MH+0x0000000101830000
# instanceKlass java/lang/invoke/LambdaForm$MH+0x000000010182cc00
# instanceKlass java/lang/invoke/LambdaForm$MH+0x000000010182c800
# instanceKlass java/lang/invoke/LambdaForm$MH+0x000000010182c400
instanceKlass org/gradle/api/internal/artifacts/repositories/DefaultIvyArtifactRepository$IvyMetadataSources
instanceKlass org/gradle/api/internal/artifacts/repositories/DefaultIvyArtifactRepository$MetaDataProvider
instanceKlass org/gradle/api/artifacts/repositories/IvyArtifactRepositoryMetaDataProvider
instanceKlass org/gradle/api/artifacts/repositories/IvyPatternRepositoryLayout
instanceKlass org/gradle/api/artifacts/repositories/IvyArtifactRepository$MetadataSources
instanceKlass org/gradle/api/internal/artifacts/repositories/layout/AbstractRepositoryLayout
instanceKlass org/gradle/api/artifacts/repositories/RepositoryLayout
instanceKlass org/gradle/api/internal/project/DefaultProject$LocalDetachedResolver
instanceKlass org/gradle/kotlin/dsl/resolver/SourceDistributionResolver$createSourceRepository$1
instanceKlass org/gradle/kotlin/dsl/support/ClassPathExtensionsKt
instanceKlass org/gradle/kotlin/dsl/resolver/SourceDistributionResolver$Companion
instanceKlass org/gradle/kotlin/dsl/resolver/SourceDistributionResolver
instanceKlass org/gradle/kotlin/dsl/resolver/SourceDistributionProvider
instanceKlass org/gradle/kotlin/dsl/resolver/SourcePathProvider
instanceKlass org/gradle/kotlin/dsl/tooling/builders/StandardKotlinBuildScriptModel
instanceKlass org/gradle/kotlin/dsl/tooling/models/KotlinBuildScriptModel
instanceKlass org/gradle/kotlin/dsl/tooling/builders/KotlinLibSourcesKt$classpathDependenciesOf$1
instanceKlass org/gradle/kotlin/dsl/tooling/builders/KotlinLibSourcesKt
instanceKlass org/gradle/kotlin/dsl/tooling/builders/KotlinScriptTargetModelBuilder
instanceKlass org/gradle/kotlin/dsl/tooling/builders/KotlinBuildScriptModelBuilderKt
instanceKlass org/gradle/kotlin/dsl/tooling/builders/KotlinBuildScriptModelParameter
instanceKlass org/gradle/kotlin/dsl/tooling/builders/AbstractKotlinDslScriptsModelBuilder$buildAll$1
instanceKlass org/gradle/kotlin/dsl/tooling/builders/KotlinDslScriptsParameter
instanceKlass org/gradle/kotlin/dsl/tooling/builders/KotlinDslScriptsModelBuilderKt
# instanceKlass java/lang/invoke/LambdaForm$MH+0x000000010182c000
instanceKlass org/jetbrains/kotlin/gradle/internal/ParcelizeSubplugin
instanceKlass org/jetbrains/kotlin/gradle/internal/AndroidExtensionsSubpluginIndicator
instanceKlass com/intellij/openapi/externalSystem/model/project/dependencies/ProjectDependenciesImpl
instanceKlass org/jetbrains/kotlin/idea/gradleTooling/UtilsKt
instanceKlass org/jetbrains/kotlin/idea/gradleTooling/reflect/GradleReflectionLogger
instanceKlass org/jetbrains/kotlin/idea/gradleTooling/reflect/ReflectionLogger
instanceKlass org/jetbrains/kotlin/idea/gradleTooling/reflect/ReflectionKt
instanceKlass org/jetbrains/kotlin/idea/gradleTooling/reflect/KotlinExtensionReflection$Companion
instanceKlass org/jetbrains/kotlin/idea/gradleTooling/reflect/KotlinExtensionReflection
instanceKlass org/jetbrains/plugins/gradle/tooling/internal/VersionCatalogsModelImpl
instanceKlass org/jetbrains/plugins/gradle/model/DefaultDependencyAccessorsModel
instanceKlass  @bci org/jetbrains/plugins/gradle/tooling/builder/DependencyAccessorsModelBuilder buildAll (Ljava/lang/String;Lorg/gradle/api/Project;)Ljava/lang/Object; 90 <appendix> argL0 ; # org/jetbrains/plugins/gradle/tooling/builder/DependencyAccessorsModelBuilder$$Lambda+0x0000000101823008
instanceKlass  @bci org/jetbrains/plugins/gradle/tooling/builder/DependencyAccessorsModelBuilder buildAll (Ljava/lang/String;Lorg/gradle/api/Project;)Ljava/lang/Object; 51 <appendix> argL0 ; # org/jetbrains/plugins/gradle/tooling/builder/DependencyAccessorsModelBuilder$$Lambda+0x0000000101822db0
instanceKlass org/jetbrains/plugins/gradle/tooling/serialization/ExternalTestsSerializationService$1
instanceKlass org/jetbrains/plugins/gradle/tooling/serialization/GradleExtensionsSerializationService$3
instanceKlass org/jetbrains/plugins/gradle/model/tests/ExternalTestSourceMapping
instanceKlass org/jetbrains/plugins/gradle/model/tests/DefaultExternalTestsModel
instanceKlass  @bci org/jetbrains/plugins/gradle/tooling/serialization/ToolingStreamApiUtils writeStrings (Lcom/amazon/ion/IonWriter;Ljava/lang/String;Ljava/util/Collection;)V 31 <appendix> member <vmtarget> ; # org/jetbrains/plugins/gradle/tooling/serialization/ToolingStreamApiUtils$$Lambda+0x0000000101822490
instanceKlass org/jetbrains/plugins/gradle/tooling/serialization/GradleExtensionsSerializationService$2
instanceKlass org/jetbrains/plugins/gradle/tooling/serialization/GradleExtensionsSerializationService$1
instanceKlass org/jetbrains/plugins/gradle/model/GradleConfiguration
instanceKlass org/jetbrains/plugins/gradle/model/GradleConvention
instanceKlass org/jetbrains/plugins/gradle/model/GradleExtension
instanceKlass org/jetbrains/plugins/gradle/model/DefaultGradleProperty
instanceKlass org/jetbrains/plugins/gradle/model/GradleExtension
instanceKlass org/codehaus/groovy/runtime/callsite/BooleanReturningMethodInvoker
instanceKlass  @bci org/jetbrains/plugins/gradle/tooling/builder/ProjectExtensionsDataBuilderImpl buildAll (Ljava/lang/String;Lorg/gradle/api/Project;)Ljava/lang/Object; 164 <appendix> member <vmtarget> ; # org/jetbrains/plugins/gradle/tooling/builder/ProjectExtensionsDataBuilderImpl$$Lambda+0x000000010181f600
instanceKlass org/jetbrains/plugins/gradle/model/DefaultGradleConfiguration
instanceKlass org/jetbrains/plugins/gradle/model/GradleConfiguration
instanceKlass org/jetbrains/plugins/gradle/model/DefaultGradleExtensions
instanceKlass org/jetbrains/kotlin/gradle/idea/kpm/IdeaKpmProjectContainer
instanceKlass org/jetbrains/kotlin/idea/gradleTooling/model/allopen/AllOpenModelImpl
instanceKlass org/jetbrains/kotlin/idea/gradleTooling/model/noarg/NoArgModelImpl
instanceKlass org/jetbrains/kotlin/idea/gradleTooling/model/samWithReceiver/SamWithReceiverModelImpl
instanceKlass org/jetbrains/kotlin/idea/gradleTooling/model/assignment/AssignmentModelImpl
instanceKlass org/jetbrains/kotlin/idea/gradleTooling/model/parcelize/ParcelizeGradleModelImpl
instanceKlass com/android/ide/gradle/model/impl/GradlePluginModelImpl$Companion
instanceKlass com/android/ide/gradle/model/impl/GradlePluginModelImpl
instanceKlass com/android/ide/gradle/model/GradlePluginModel
instanceKlass com/android/tools/idea/projectsystem/gradle/sync/Counter
instanceKlass com/android/tools/idea/gradle/project/sync/SyncCounters
instanceKlass org/gradle/tooling/ToolingModelContract
instanceKlass kotlin/annotation/Target
instanceKlass kotlin/annotation/Retention
instanceKlass kotlin/Metadata
instanceKlass org/jetbrains/kotlin/android/synthetic/idea/AndroidExtensionsGradleModelImpl
instanceKlass org/jetbrains/plugins/gradle/tooling/serialization/RepositoriesModelSerializationService$1
instanceKlass org/jetbrains/plugins/gradle/tooling/internal/jar/JarTaskManifestConfigurationImpl
instanceKlass org/jetbrains/plugins/gradle/model/MavenRepositoryModel
instanceKlass org/jetbrains/plugins/gradle/tooling/internal/DefaultRepositoriesModel
instanceKlass org/jetbrains/kotlin/idea/gradleTooling/ModelBuilderUtilsKt
instanceKlass org/jetbrains/kotlin/idea/gradleTooling/AndroidAwareGradleModelProvider$Result
instanceKlass org/gradle/tooling/internal/adapter/ProtocolToModelAdapter$MethodInvocationCache$MethodInvocationKey
instanceKlass org/gradle/tooling/internal/adapter/MethodInvocation
instanceKlass org/jetbrains/kotlin/idea/gradleTooling/AndroidAwareGradleModelProvider$Companion
instanceKlass org/jetbrains/kotlin/idea/gradleTooling/AndroidAwareGradleModelProvider
instanceKlass org/jetbrains/plugins/gradle/model/ProjectImportModelProvider
instanceKlass org/jetbrains/kotlin/tooling/core/InternerImpl$Store$Strong
instanceKlass org/jetbrains/kotlin/tooling/core/InternerImpl$Store
instanceKlass org/jetbrains/kotlin/tooling/core/InternerImpl
instanceKlass org/jetbrains/kotlin/tooling/core/Interner
instanceKlass org/jetbrains/kotlin/tooling/core/InternerKt
instanceKlass org/gradle/tooling/internal/adapter/ProtocolToModelAdapter$ViewGraphDetails$1
instanceKlass org/gradle/tooling/internal/adapter/ProtocolToModelAdapter$AdaptingMethodInvoker
instanceKlass org/gradle/tooling/internal/adapter/ProtocolToModelAdapter$PropertyCachingMethodInvoker
instanceKlass org/gradle/tooling/internal/adapter/ProtocolToModelAdapter$SafeMethodInvoker
instanceKlass org/gradle/tooling/internal/adapter/ProtocolToModelAdapter$SupportedPropertyInvoker
instanceKlass org/gradle/tooling/internal/adapter/ProtocolToModelAdapter$InvocationHandlerImpl
instanceKlass org/gradle/tooling/internal/adapter/ProtocolToModelAdapter$ViewKey
instanceKlass org/gradle/tooling/internal/adapter/WeakIdentityHashMap
instanceKlass org/gradle/tooling/internal/adapter/WeakIdentityHashMap$AbsentValueProvider
instanceKlass org/gradle/tooling/internal/adapter/ProtocolToModelAdapter$ViewGraphDetails
instanceKlass org/gradle/tooling/internal/adapter/ProtocolToModelAdapter$MixInMappingAction
instanceKlass org/gradle/tooling/internal/adapter/ProtocolToModelAdapter$DefaultViewBuilder
instanceKlass org/gradle/internal/cc/impl/models/DefaultToolingModelParameterCarrierFactory$Carrier
instanceKlass org/gradle/tooling/provider/model/internal/ToolingModelParameterCarrier
instanceKlass kotlin/Unit
instanceKlass org/gradle/tooling/internal/consumer/connection/ToolingParameterProxy
instanceKlass  @bci org/jetbrains/kotlin/idea/gradleTooling/AndroidAwareGradleModelProvider populateProjectModels (Lorg/gradle/tooling/BuildController;Lorg/gradle/tooling/model/gradle/BasicGradleProject;Lorg/jetbrains/plugins/gradle/model/ProjectImportModelProvider$GradleModelConsumer;)V 42 <appendix> member <vmtarget> ; # org/jetbrains/kotlin/idea/gradleTooling/AndroidAwareGradleModelProvider$$Lambda+0x00000001018146b0
instanceKlass kotlin/jvm/internal/Lambda
instanceKlass kotlin/jvm/internal/FunctionBase
instanceKlass org/jetbrains/plugins/gradle/tooling/ModelBuilderService$Parameter
instanceKlass org/gradle/tooling/model/internal/Exceptions
instanceKlass  @bci com/intellij/gradle/toolingExtension/impl/model/sourceSetDependencyModel/GradleSourceSetDependencySerialisationService$Companion writeDependencies (Lcom/amazon/ion/IonWriter;Lcom/intellij/gradle/toolingExtension/impl/model/sourceSetDependencyModel/GradleSourceSetDependencySerialisationService$SourceSetDependencyModelWriteContext;Lorg/jetbrains/plugins/gradle/model/GradleSourceSetDependencyModel;)V 37 <appendix> member <vmtarget> ; # com/intellij/gradle/toolingExtension/impl/model/sourceSetDependencyModel/GradleSourceSetDependencySerialisationService$Companion$$Lambda+0x0000000101811888
instanceKlass  @bci com/intellij/gradle/toolingExtension/impl/model/sourceSetDependencyModel/GradleSourceSetDependencySerialisationService$Companion writeDependencies (Lcom/amazon/ion/IonWriter;Lcom/intellij/gradle/toolingExtension/impl/model/sourceSetDependencyModel/GradleSourceSetDependencySerialisationService$SourceSetDependencyModelWriteContext;Lorg/jetbrains/plugins/gradle/model/GradleSourceSetDependencyModel;)V 20 <appendix> member <vmtarget> ; # com/intellij/gradle/toolingExtension/impl/model/sourceSetDependencyModel/GradleSourceSetDependencySerialisationService$Companion$$Lambda+0x00000001018113e8
instanceKlass  @bci com/intellij/gradle/toolingExtension/impl/model/sourceSetDependencyModel/GradleSourceSetDependencySerialisationService$Companion writeSourceSetDependencyModel (Lcom/amazon/ion/IonWriter;Lcom/intellij/gradle/toolingExtension/impl/model/sourceSetDependencyModel/GradleSourceSetDependencySerialisationService$SourceSetDependencyModelWriteContext;Lorg/jetbrains/plugins/gradle/model/GradleSourceSetDependencyModel;)V 7 <appendix> member <vmtarget> ; # com/intellij/gradle/toolingExtension/impl/model/sourceSetDependencyModel/GradleSourceSetDependencySerialisationService$Companion$$Lambda+0x0000000101810f48
instanceKlass  @bci com/intellij/gradle/toolingExtension/impl/model/sourceSetDependencyModel/GradleSourceSetDependencyModelBuilder collectDependencies (Lorg/jetbrains/plugins/gradle/tooling/ModelBuilderContext;Lorg/gradle/api/Project;)Ljava/util/Map; 74 <appendix> member <vmtarget> ; # com/intellij/gradle/toolingExtension/impl/model/sourceSetDependencyModel/GradleSourceSetDependencyModelBuilder$$Lambda+0x0000000101810cf8
instanceKlass org/jetbrains/plugins/gradle/model/FileCollectionDependency
instanceKlass org/jetbrains/plugins/gradle/model/ExternalDependency
instanceKlass org/gradle/internal/impldep/com/google/common/collect/Multimap
instanceKlass com/intellij/gradle/toolingExtension/impl/model/sourceSetDependencyModel/GradleSourceSetDependencyResolver
instanceKlass com/intellij/gradle/toolingExtension/impl/model/sourceSetDependencyModel/DefaultGradleSourceSetDependencyModel
instanceKlass org/gradle/internal/buildtree/IntermediateBuildActionRunner$NestedAction
instanceKlass org/gradle/tooling/internal/consumer/connection/NestedActionAwareBuildControllerAdapter$1
instanceKlass  @bci com/intellij/gradle/toolingExtension/impl/util/GradleModelProviderUtil buildModelsInParallel (Lorg/gradle/tooling/BuildController;Ljava/util/Collection;Ljava/lang/Class;Lorg/jetbrains/plugins/gradle/model/ProjectImportModelProvider$GradleModelConsumer;)V 116 <appendix> member <vmtarget> ; # com/intellij/gradle/toolingExtension/impl/util/GradleModelProviderUtil$$Lambda+0x0000000101809468
instanceKlass  @bci com/intellij/gradle/toolingExtension/impl/model/sourceSetArtifactIndex/GradleSourceSetArtifactIndex <clinit> ()V 0 <appendix> argL0 ; # com/intellij/gradle/toolingExtension/impl/model/sourceSetArtifactIndex/GradleSourceSetArtifactIndex$$Lambda+0x0000000101810000
instanceKlass com/intellij/gradle/toolingExtension/impl/model/sourceSetArtifactIndex/GradleSourceSetArtifactIndex
instanceKlass com/intellij/gradle/toolingExtension/impl/model/sourceSetArtifactIndex/GradleSourceSetArtifactModel
instanceKlass com/intellij/gradle/toolingExtension/impl/model/sourceSetArtifactIndex/GradleSourceSetArtifactBuildRequest
instanceKlass  @bci com/intellij/gradle/toolingExtension/impl/model/dependencyDownloadPolicyModel/GradleDependencyDownloadPolicyCache <clinit> ()V 0 <appendix> argL0 ; # com/intellij/gradle/toolingExtension/impl/model/dependencyDownloadPolicyModel/GradleDependencyDownloadPolicyCache$$Lambda+0x000000010180bb50
instanceKlass com/intellij/gradle/toolingExtension/impl/model/dependencyDownloadPolicyModel/GradleDependencyDownloadPolicyCache
instanceKlass  @bci com/intellij/gradle/toolingExtension/impl/model/dependencyDownloadPolicyModel/GradleDependencyDownloadPolicyBuilder setIdeaPluginDependencyDownloadPolicy (Lorg/gradle/api/Project;Lcom/intellij/gradle/toolingExtension/impl/model/dependencyDownloadPolicyModel/GradleDependencyDownloadPolicy;)V 25 <appendix> member <vmtarget> ; # com/intellij/gradle/toolingExtension/impl/model/dependencyDownloadPolicyModel/GradleDependencyDownloadPolicyBuilder$$Lambda+0x000000010180b6d0
instanceKlass com/intellij/gradle/toolingExtension/impl/model/dependencyDownloadPolicyModel/DefaultGradleDependencyDownloadPolicy
instanceKlass com/intellij/gradle/toolingExtension/impl/util/GradleTreeTraverserUtil
instanceKlass  @bci com/intellij/gradle/toolingExtension/impl/util/GradleModelProviderUtil buildModelsRecursively (Lorg/gradle/tooling/BuildController;Lorg/gradle/tooling/model/gradle/GradleBuild;Ljava/lang/Class;Lorg/jetbrains/plugins/gradle/model/ProjectImportModelProvider$GradleModelConsumer;)V 49 <appendix> member <vmtarget> ; # com/intellij/gradle/toolingExtension/impl/util/GradleModelProviderUtil$$Lambda+0x0000000101787b88
instanceKlass com/intellij/gradle/toolingExtension/impl/model/dependencyDownloadPolicyModel/GradleDependencyDownloadPolicy
instanceKlass com/intellij/openapi/externalSystem/model/project/IExternalSystemSourceType
instanceKlass  @bci com/intellij/gradle/toolingExtension/impl/model/sourceSetModel/GradleSourceSetModelBuilder collectSourceSets (Lorg/gradle/api/Project;Lorg/jetbrains/plugins/gradle/tooling/ModelBuilderContext;)Ljava/util/Map; 60 <appendix> member <vmtarget> ; # com/intellij/gradle/toolingExtension/impl/model/sourceSetModel/GradleSourceSetModelBuilder$$Lambda+0x000000010180ab80
instanceKlass org/gradle/internal/instrumentation/api/groovybytecode/InvocationUtils
instanceKlass  @bci org/gradle/internal/classpath/intercept/DefaultCallSiteDecorator$DecoratingCallSite call (Ljava/lang/Object;[Ljava/lang/Object;)Ljava/lang/Object; 29 <appendix> member <vmtarget> ; # org/gradle/internal/classpath/intercept/DefaultCallSiteDecorator$DecoratingCallSite$$Lambda+0x00000001017de128
instanceKlass  @bci com/intellij/gradle/toolingExtension/impl/model/projectModel/GradleExternalProjectSerializationService writeChildProjects (Lcom/amazon/ion/IonWriter;Lcom/intellij/gradle/toolingExtension/impl/model/projectModel/GradleExternalProjectSerializationService$WriteContext;Lorg/jetbrains/plugins/gradle/model/ExternalProject;)V 40 <appendix> member <vmtarget> ; # com/intellij/gradle/toolingExtension/impl/model/projectModel/GradleExternalProjectSerializationService$$Lambda+0x000000010180a940
instanceKlass  @bci com/intellij/gradle/toolingExtension/impl/model/sourceSetModel/GradleSourceSetSerialisationService$Companion writeSourceSets (Lcom/amazon/ion/IonWriter;Lcom/intellij/gradle/toolingExtension/impl/model/sourceSetModel/GradleSourceSetSerialisationService$SourceSetModelWriteContext;Lorg/jetbrains/plugins/gradle/model/GradleSourceSetModel;)V 26 <appendix> member <vmtarget> ; # com/intellij/gradle/toolingExtension/impl/model/sourceSetModel/GradleSourceSetSerialisationService$Companion$$Lambda+0x000000010180a700
instanceKlass  @bci com/intellij/gradle/toolingExtension/impl/model/sourceSetModel/GradleSourceSetSerialisationService$Companion writeConfigurationArtifacts (Lcom/amazon/ion/IonWriter;Lorg/jetbrains/plugins/gradle/model/GradleSourceSetModel;)V 36 <appendix> member <vmtarget> ; # com/intellij/gradle/toolingExtension/impl/model/sourceSetModel/GradleSourceSetSerialisationService$Companion$$Lambda+0x000000010180a260
instanceKlass  @bci com/intellij/gradle/toolingExtension/impl/model/sourceSetModel/GradleSourceSetSerialisationService$Companion writeConfigurationArtifacts (Lcom/amazon/ion/IonWriter;Lorg/jetbrains/plugins/gradle/model/GradleSourceSetModel;)V 20 <appendix> member <vmtarget> ; # com/intellij/gradle/toolingExtension/impl/model/sourceSetModel/GradleSourceSetSerialisationService$Companion$$Lambda+0x000000010180fb88
instanceKlass  @bci org/jetbrains/plugins/gradle/tooling/serialization/ToolingStreamApiUtils writeFiles (Lcom/amazon/ion/IonWriter;Ljava/lang/String;Ljava/util/Collection;)V 31 <appendix> member <vmtarget> ; # org/jetbrains/plugins/gradle/tooling/serialization/ToolingStreamApiUtils$$Lambda+0x000000010180f6e8
instanceKlass  @bci com/intellij/gradle/toolingExtension/impl/model/sourceSetModel/GradleSourceSetSerialisationService$Companion writeSourceSetModel (Lcom/amazon/ion/IonWriter;Lcom/intellij/gradle/toolingExtension/impl/model/sourceSetModel/GradleSourceSetSerialisationService$SourceSetModelWriteContext;Lorg/jetbrains/plugins/gradle/model/GradleSourceSetModel;)V 25 <appendix> member <vmtarget> ; # com/intellij/gradle/toolingExtension/impl/model/sourceSetModel/GradleSourceSetSerialisationService$Companion$$Lambda+0x000000010180f4a8
instanceKlass org/gradle/internal/impldep/gnu/trove/PrimeFinder
instanceKlass  @bci com/intellij/gradle/toolingExtension/impl/model/projectModel/GradleExternalProjectSerializationService writeProject (Lcom/amazon/ion/IonWriter;Lcom/intellij/gradle/toolingExtension/impl/model/projectModel/GradleExternalProjectSerializationService$WriteContext;Lorg/jetbrains/plugins/gradle/model/ExternalProject;)V 8 <appendix> member <vmtarget> ; # com/intellij/gradle/toolingExtension/impl/model/projectModel/GradleExternalProjectSerializationService$$Lambda+0x000000010180f048
instanceKlass  @cpi com/intellij/gradle/toolingExtension/impl/model/projectModel/GradleExternalProjectSerializationService 198 form vmentry <vmtarget> ; # java/lang/invoke/LambdaForm$DMH+0x0000000101808800
instanceKlass com/amazon/ion/impl/bin/IonRawBinaryWriter$PatchList$1
instanceKlass com/amazon/ion/impl/bin/IonRawBinaryWriter$PatchList$Node
instanceKlass com/amazon/ion/impl/bin/IonRawBinaryWriter$PatchPoint
instanceKlass  @bci com/intellij/gradle/toolingExtension/impl/model/taskModel/GradleTaskSerialisationService$Companion writeTask (Lcom/amazon/ion/IonWriter;Lorg/jetbrains/plugins/gradle/model/ExternalTask;)V 14 <appendix> member <vmtarget> ; # com/intellij/gradle/toolingExtension/impl/model/taskModel/GradleTaskSerialisationService$Companion$$Lambda+0x000000010180e740
instanceKlass com/amazon/ion/impl/bin/utf8/Utf8StringEncoder$Result
instanceKlass  @bci com/intellij/gradle/toolingExtension/impl/model/taskModel/GradleTaskSerialisationService$Companion writeTasks (Lcom/amazon/ion/IonWriter;Lorg/jetbrains/plugins/gradle/model/GradleTaskModel;)V 36 <appendix> member <vmtarget> ; # com/intellij/gradle/toolingExtension/impl/model/taskModel/GradleTaskSerialisationService$Companion$$Lambda+0x000000010180e2c8
instanceKlass  @bci com/intellij/gradle/toolingExtension/impl/model/taskModel/GradleTaskSerialisationService$Companion writeTasks (Lcom/amazon/ion/IonWriter;Lorg/jetbrains/plugins/gradle/model/GradleTaskModel;)V 20 <appendix> member <vmtarget> ; # com/intellij/gradle/toolingExtension/impl/model/taskModel/GradleTaskSerialisationService$Companion$$Lambda+0x000000010180de28
instanceKlass com/intellij/util/ThrowableConsumer
instanceKlass com/amazon/ion/impl/bin/IonRawBinaryWriter$ContainerInfo
instanceKlass org/jetbrains/plugins/gradle/tooling/serialization/ToolingStreamApiUtilsKt
instanceKlass  @bci com/intellij/gradle/toolingExtension/impl/model/taskModel/GradleTaskSerialisationService$Companion writeTaskModel (Lcom/amazon/ion/IonWriter;Lorg/jetbrains/plugins/gradle/model/GradleTaskModel;)V 18 <appendix> member <vmtarget> ; # com/intellij/gradle/toolingExtension/impl/model/taskModel/GradleTaskSerialisationService$Companion$$Lambda+0x000000010180ce98
instanceKlass com/amazon/ion/impl/bin/IonManagedBinaryWriter$ImportDescriptor
instanceKlass com/amazon/ion/impl/bin/IntList
instanceKlass com/amazon/ion/impl/bin/IonRawBinaryWriter$1
instanceKlass com/amazon/ion/impl/_Private_RecyclingStack
instanceKlass com/amazon/ion/impl/bin/IonRawBinaryWriter$PatchList
instanceKlass com/amazon/ion/impl/bin/WriteBuffer
instanceKlass com/amazon/ion/impl/bin/Block
instanceKlass com/amazon/ion/impl/bin/utf8/Poolable
instanceKlass com/amazon/ion/impl/bin/utf8/Utf8StringEncoderPool$1
instanceKlass com/amazon/ion/impl/bin/utf8/Pool$Allocator
instanceKlass com/amazon/ion/impl/bin/utf8/Pool
instanceKlass com/amazon/ion/impl/_Private_SymtabExtendsCache
instanceKlass com/amazon/ion/impl/lite/ContainerlessContext
instanceKlass com/amazon/ion/impl/lite/IonLoaderLite
instanceKlass com/amazon/ion/impl/LocalSymbolTableAsStruct$Factory
instanceKlass com/amazon/ion/IonDatagram
instanceKlass com/amazon/ion/IonLoader
instanceKlass com/amazon/ion/impl/lite/IonContext
instanceKlass com/amazon/ion/impl/_Private_IonContainer
instanceKlass org/gradle/model/internal/inspect/ExtractedRuleSource
instanceKlass org/gradle/model/internal/core/ModelView
instanceKlass org/gradle/model/internal/core/NodePredicate
instanceKlass com/amazon/ion/impl/_Private_IonSymbol
instanceKlass com/amazon/ion/IonNull
instanceKlass com/amazon/ion/impl/lite/IonValueLite
instanceKlass com/amazon/ion/impl/_Private_IonValue
instanceKlass com/amazon/ion/IonInt
instanceKlass com/amazon/ion/IonTimestamp
instanceKlass com/amazon/ion/IonFloat
instanceKlass com/amazon/ion/IonBool
instanceKlass com/amazon/ion/IonSexp
instanceKlass com/amazon/ion/IonClob
instanceKlass com/amazon/ion/IonBlob
instanceKlass com/amazon/ion/IonLob
instanceKlass com/amazon/ion/IonStruct
instanceKlass com/amazon/ion/IonDecimal
instanceKlass com/amazon/ion/IonNumber
instanceKlass com/amazon/ion/IonSymbol
instanceKlass com/amazon/ion/IonList
instanceKlass com/amazon/ion/IonSequence
instanceKlass com/amazon/ion/IonContainer
instanceKlass com/amazon/ion/IonString
instanceKlass com/amazon/ion/IonText
instanceKlass com/amazon/ion/impl/lite/ValueFactoryLite
instanceKlass com/amazon/ion/impl/_Private_ValueFactory
instanceKlass com/amazon/ion/impl/_Private_IonSystem
instanceKlass com/amazon/ion/IonSystem
instanceKlass com/amazon/ion/impl/lite/_Private_LiteDomTrampoline
instanceKlass com/amazon/ion/impl/LocalSymbolTable$Factory
instanceKlass com/amazon/ion/impl/LocalSymbolTable
instanceKlass com/amazon/ion/impl/_Private_LocalSymbolTable
instanceKlass  @bci com/amazon/ion/IonBufferConfiguration$Builder <clinit> ()V 32 <appendix> argL0 ; # com/amazon/ion/IonBufferConfiguration$Builder$$Lambda+0x00000001017f4838
instanceKlass  @bci com/amazon/ion/IonBufferConfiguration$Builder <clinit> ()V 24 <appendix> argL0 ; # com/amazon/ion/IonBufferConfiguration$Builder$$Lambda+0x00000001017f4600
instanceKlass  @cpi com/amazon/ion/IonBufferConfiguration$Builder 157 form vmentry <vmtarget> ; # java/lang/invoke/LambdaForm$DMH+0x00000001017f8400
# instanceKlass java/lang/invoke/LambdaForm$DMH+0x00000001017f8000
instanceKlass com/amazon/ion/BufferConfiguration$DataHandler
instanceKlass  @bci com/amazon/ion/IonBufferConfiguration$Builder <clinit> ()V 16 <appendix> argL0 ; # com/amazon/ion/IonBufferConfiguration$Builder$$Lambda+0x00000001017f41b0
instanceKlass  @bci com/amazon/ion/IonBufferConfiguration$Builder <clinit> ()V 8 <appendix> argL0 ; # com/amazon/ion/IonBufferConfiguration$Builder$$Lambda+0x00000001017f3f78
instanceKlass com/amazon/ion/IonBufferConfiguration$OversizedSymbolTableHandler
instanceKlass  @bci com/amazon/ion/IonBufferConfiguration$Builder <clinit> ()V 0 <appendix> argL0 ; # com/amazon/ion/IonBufferConfiguration$Builder$$Lambda+0x00000001017f3b28
instanceKlass com/amazon/ion/BufferConfiguration$OversizedValueHandler
instanceKlass com/amazon/ion/BufferConfiguration$Builder
instanceKlass com/amazon/ion/BufferConfiguration
instanceKlass com/amazon/ion/system/IonReaderBuilder
instanceKlass com/amazon/ion/IonValue
instanceKlass com/amazon/ion/impl/SharedSymbolTable
instanceKlass com/amazon/ion/util/_Private_FastAppendable
instanceKlass com/amazon/ion/impl/_Private_IonWriterBase
instanceKlass com/amazon/ion/impl/_Private_ReaderWriter
instanceKlass com/intellij/gradle/toolingExtension/impl/model/resourceFilterModel/GradleResourceFilterModelBuilder
instanceKlass com/amazon/ion/system/IonSystemBuilder
instanceKlass com/amazon/ion/system/SimpleCatalog
instanceKlass com/amazon/ion/IonMutableCatalog
instanceKlass org/gradle/api/plugins/JvmTestSuitePlugin
instanceKlass com/amazon/ion/impl/_Private_RecyclingStack$ElementFactory
instanceKlass com/intellij/gradle/toolingExtension/impl/model/sourceSetModel/GradleSourceSetResolutionContext
instanceKlass com/amazon/ion/impl/bin/IonManagedBinaryWriter$ImportedSymbolResolverMode$1$1$1
instanceKlass com/amazon/ion/impl/bin/IonManagedBinaryWriter$SymbolResolver
instanceKlass com/intellij/gradle/toolingExtension/impl/model/sourceSetModel/GradleSourceSetModelBuilder$2
instanceKlass com/amazon/ion/impl/bin/IonManagedBinaryWriter$ImportedSymbolResolverMode$1$1
instanceKlass com/amazon/ion/impl/bin/AbstractSymbolTable
instanceKlass com/intellij/gradle/toolingExtension/impl/model/sourceSetModel/GradleSourceSetModelBuilder$3
instanceKlass com/amazon/ion/impl/SymbolTokenImpl
instanceKlass com/amazon/ion/impl/_Private_SymbolToken
instanceKlass  @bci com/intellij/gradle/toolingExtension/impl/util/collectionUtil/GradleCollectionVisitor accept (Lorg/gradle/api/DomainObjectCollection;Lcom/intellij/gradle/toolingExtension/impl/util/collectionUtil/GradleCollectionVisitor;)V 28 <appendix> member <vmtarget> ; # com/intellij/gradle/toolingExtension/impl/util/collectionUtil/GradleCollectionVisitor$$Lambda+0x00000001017e7480
instanceKlass com/amazon/ion/impl/_Private_Utils$1
instanceKlass com/intellij/gradle/toolingExtension/impl/model/sourceSetModel/GradleSourceSetModelBuilder$1
instanceKlass com/amazon/ion/impl/SymbolTableAsStruct
instanceKlass com/amazon/ion/impl/_Private_Utils
instanceKlass com/amazon/ion/SymbolToken
instanceKlass com/intellij/gradle/toolingExtension/impl/util/javaPluginUtil/ExtensionJavaPluginAccessor
instanceKlass com/amazon/ion/impl/bin/Symbols
instanceKlass com/amazon/ion/impl/bin/IonManagedBinaryWriter$SymbolResolverBuilder
instanceKlass com/intellij/gradle/toolingExtension/impl/util/javaPluginUtil/JavaPluginAccessor
instanceKlass com/intellij/gradle/toolingExtension/impl/util/javaPluginUtil/JavaPluginUtil
instanceKlass com/amazon/ion/impl/bin/IonManagedBinaryWriter$ImportedSymbolContext
instanceKlass com/amazon/ion/impl/bin/_Private_IonRawWriter
instanceKlass org/jetbrains/plugins/gradle/ExternalDependencyId
instanceKlass com/amazon/ion/impl/bin/AbstractIonWriter
instanceKlass com/amazon/ion/impl/_Private_IonWriter
instanceKlass org/jetbrains/plugins/gradle/model/ExternalFilter
instanceKlass com/amazon/ion/impl/_Private_ByteTransferSink
instanceKlass org/jetbrains/plugins/gradle/model/FilePatternSet
instanceKlass org/jetbrains/plugins/gradle/model/ExternalSourceDirectorySet
instanceKlass com/intellij/openapi/externalSystem/model/project/IExternalSystemSourceType
instanceKlass com/amazon/ion/impl/bin/_Private_IonManagedWriter
instanceKlass org/jetbrains/plugins/gradle/model/ExternalSourceSet
instanceKlass org/jetbrains/plugins/gradle/model/DefaultExternalProject
instanceKlass com/amazon/ion/impl/bin/BlockAllocator
instanceKlass com/amazon/ion/impl/bin/IonBinaryWriterAdapter$Factory
instanceKlass com/amazon/ion/IonCatalog
instanceKlass com/amazon/ion/impl/bin/_Private_IonManagedBinaryWriterBuilder
instanceKlass org/gradle/plugins/ide/internal/IdePlugin
instanceKlass com/amazon/ion/impl/bin/BlockAllocatorProvider
instanceKlass com/amazon/ion/SymbolTable
instanceKlass com/amazon/ion/impl/_Private_LocalSymbolTableFactory
instanceKlass com/amazon/ion/IonBinaryWriter
instanceKlass com/amazon/ion/ValueFactory
instanceKlass com/intellij/gradle/toolingExtension/impl/util/GradleIdeaPluginUtil
instanceKlass com/amazon/ion/system/IonWriterBuilder
instanceKlass com/intellij/gradle/toolingExtension/impl/util/GradleObjectUtil
instanceKlass org/jetbrains/plugins/gradle/tooling/serialization/ToolingStreamApiUtils
instanceKlass org/jetbrains/plugins/gradle/model/DefaultExternalTask
instanceKlass org/jetbrains/plugins/gradle/model/ExternalTask
instanceKlass  @bci com/intellij/gradle/toolingExtension/impl/modelSerialization/ToolingSerializerConverter convert (Ljava/lang/Object;)Ljava/lang/Object; 8 <appendix> member <vmtarget> ; # com/intellij/gradle/toolingExtension/impl/modelSerialization/ToolingSerializerConverter$$Lambda+0x0000000101786538
instanceKlass  @bci com/intellij/gradle/toolingExtension/impl/modelAction/GradleDaemonModelHolder$1 consumeModel (Ljava/lang/Object;Lcom/intellij/gradle/toolingExtension/impl/modelAction/GradleModelId;)V 32 <appendix> member <vmtarget> ; # com/intellij/gradle/toolingExtension/impl/modelAction/GradleDaemonModelHolder$1$$Lambda+0x00000001017862f8
instanceKlass com/intellij/gradle/toolingExtension/impl/modelAction/GradleDaemonModelHolder$ConvertedModel
instanceKlass com/intellij/openapi/util/io/FileUtilRt$RepeatableIOOperation
instanceKlass com/intellij/openapi/util/io/FileUtilRt
instanceKlass org/gradle/tooling/model/idea/IdeaModule
instanceKlass com/intellij/gradle/toolingExtension/impl/modelAction/GradleModelId
instanceKlass org/jetbrains/plugins/gradle/model/ExternalTask
instanceKlass org/gradle/util/internal/TextUtil$1
instanceKlass org/gradle/util/internal/TextUtil
instanceKlass org/gradle/util/internal/RelativePathUtil
instanceKlass org/jetbrains/plugins/gradle/tooling/serialization/internal/adapter/InternalBuildIdentifier
instanceKlass org/jetbrains/plugins/gradle/tooling/serialization/internal/adapter/InternalProjectIdentifier
instanceKlass com/intellij/gradle/toolingExtension/impl/util/GradleProjectUtil
instanceKlass  @bci com/intellij/gradle/toolingExtension/impl/model/taskIndex/GradleTaskIndex <clinit> ()V 0 <appendix> argL0 ; # com/intellij/gradle/toolingExtension/impl/model/taskIndex/GradleTaskIndex$$Lambda+0x00000001017729a0
instanceKlass org/jetbrains/plugins/gradle/tooling/ModelBuilderContext$DataProvider
instanceKlass com/intellij/gradle/toolingExtension/impl/model/taskIndex/GradleTaskIndex
instanceKlass  @bci org/gradle/api/internal/artifacts/dsl/DefaultArtifactHandler_Decorated $gradleInit ()V 1 <appendix> member <vmtarget> ; # org/gradle/api/internal/artifacts/dsl/DefaultArtifactHandler_Decorated$$Lambda+0x00000001017aa6f8
instanceKlass org/gradle/api/internal/artifacts/dsl/DefaultArtifactHandler$DynamicMethods
instanceKlass org/gradle/api/internal/artifacts/dsl/DefaultArtifactHandler
instanceKlass org/gradle/api/internal/project/DefaultIsolatedProject
instanceKlass org/gradle/api/internal/file/ant/BaseDirSelector
instanceKlass org/apache/tools/ant/types/selectors/FileSelector
instanceKlass org/apache/tools/ant/types/resources/selectors/ResourceSelector
instanceKlass groovy/ant/AntBuilderLocator
instanceKlass org/apache/tools/ant/helper/AntXMLContext
instanceKlass  @bci org/apache/tools/ant/ComponentHelper updateRestrictedDefinition (Lorg/apache/tools/ant/AntTypeDefinition;)V 20 <appendix> argL0 ; # org/apache/tools/ant/ComponentHelper$$Lambda+0x00000001017da838
instanceKlass org/apache/tools/ant/DefaultDefinitions
instanceKlass org/apache/tools/ant/TypeAdapter
instanceKlass org/apache/tools/ant/AntTypeDefinition
instanceKlass  @bci org/apache/tools/ant/property/ParseProperties parsePropertyName (Ljava/lang/String;Ljava/text/ParsePosition;)Ljava/lang/String; 22 <appendix> argL0 ; # org/apache/tools/ant/property/ParseProperties$$Lambda+0x00000001017d9b70
instanceKlass  @bci org/apache/tools/ant/property/ParseProperties parsePropertyName (Ljava/lang/String;Ljava/text/ParsePosition;)Ljava/lang/String; 12 <appendix> member <vmtarget> ; # org/apache/tools/ant/property/ParseProperties$$Lambda+0x00000001017d9910
instanceKlass org/apache/tools/ant/property/ParseProperties
instanceKlass org/apache/tools/ant/ComponentHelper
instanceKlass org/apache/tools/ant/launch/Locator
instanceKlass  @bci org/apache/tools/ant/Main <clinit> ()V 57 <appendix> argL0 ; # org/apache/tools/ant/Main$$Lambda+0x00000001017d8f58
instanceKlass org/apache/tools/ant/Main
instanceKlass org/apache/tools/ant/launch/AntMain
instanceKlass org/apache/tools/ant/PropertyHelper$PropertySetter
instanceKlass org/apache/tools/ant/PropertyHelper$2
instanceKlass  @bci org/apache/tools/ant/PropertyHelper <clinit> ()V 18 <appendix> argL0 ; # org/apache/tools/ant/PropertyHelper$$Lambda+0x00000001017d8450
instanceKlass  @bci org/apache/tools/ant/PropertyHelper <clinit> ()V 10 <appendix> argL0 ; # org/apache/tools/ant/PropertyHelper$$Lambda+0x00000001017d8218
instanceKlass org/apache/tools/ant/property/ParseNextProperty
instanceKlass java/text/ParsePosition
instanceKlass org/apache/tools/ant/property/PropertyExpander
instanceKlass org/apache/tools/ant/PropertyHelper$1
instanceKlass org/apache/tools/ant/PropertyHelper$PropertyEvaluator
instanceKlass org/apache/tools/ant/PropertyHelper$Delegate
instanceKlass org/apache/tools/ant/PropertyHelper
instanceKlass org/apache/tools/ant/property/GetProperty
instanceKlass  @bci org/apache/tools/ant/util/DeweyDecimal toString ()Ljava/lang/String; 7 <appendix> argL0 ; # org/apache/tools/ant/util/DeweyDecimal$$Lambda+0x00000001017d6f40
instanceKlass java/util/Spliterators$IntArraySpliterator
instanceKlass org/apache/tools/ant/util/DeweyDecimal
instanceKlass org/apache/tools/ant/util/JavaEnvUtils
instanceKlass org/apache/tools/ant/util/StringUtils
instanceKlass org/apache/tools/ant/DefaultLogger
instanceKlass org/apache/tools/ant/Target
instanceKlass org/apache/tools/ant/TaskContainer
instanceKlass  @bci org/apache/tools/ant/ProjectHelperRepository getHelpers ()Ljava/util/Iterator; 55 <appendix> member <vmtarget> ; # org/apache/tools/ant/ProjectHelperRepository$$Lambda+0x00000001017d4de8
instanceKlass  @bci org/apache/tools/ant/ProjectHelperRepository getHelpers ()Ljava/util/Iterator; 38 <appendix> argL0 ; # org/apache/tools/ant/ProjectHelperRepository$$Lambda+0x00000001017d4b90
instanceKlass  @bci org/apache/tools/ant/ProjectHelperRepository getHelpers ()Ljava/util/Iterator; 14 <appendix> member <vmtarget> ; # org/apache/tools/ant/ProjectHelperRepository$$Lambda+0x00000001017d4940
instanceKlass org/xml/sax/DTDHandler
instanceKlass org/xml/sax/EntityResolver
instanceKlass org/xml/sax/ContentHandler
instanceKlass org/apache/tools/ant/helper/ProjectHelper2$AntHandler
instanceKlass org/apache/tools/ant/util/LoaderUtils
instanceKlass org/apache/tools/ant/ProjectHelperRepository
instanceKlass  @bci org/apache/tools/ant/ProjectHelper <clinit> ()V 21 <appendix> argL0 ; # org/apache/tools/ant/ProjectHelper$$Lambda+0x0000000100a3f408
instanceKlass  @bci org/apache/tools/ant/ProjectHelper <clinit> ()V 10 <appendix> argL0 ; # org/apache/tools/ant/ProjectHelper$$Lambda+0x0000000100a3f1d0
instanceKlass org/apache/tools/ant/ProjectHelper
instanceKlass org/apache/tools/ant/input/DefaultInputHandler
instanceKlass  @bci org/apache/tools/ant/Project <init> ()V 102 <appendix> argL0 ; # org/apache/tools/ant/Project$$Lambda+0x0000000100a3e848
instanceKlass org/apache/tools/ant/types/FilterSetCollection
instanceKlass org/apache/tools/ant/types/EnumeratedAttribute
instanceKlass org/apache/tools/ant/Location
instanceKlass org/apache/tools/ant/input/InputHandler
instanceKlass org/apache/tools/ant/Project
instanceKlass org/gradle/api/internal/project/ant/AntLoggingAdapter
instanceKlass org/gradle/api/internal/project/ant/DefaultAntLoggingAdapterFactory
instanceKlass org/gradle/api/internal/project/DefaultAntBuilderFactory
instanceKlass  @bci org/gradle/api/internal/project/DefaultCrossProjectModelAccess getChildProjects (Lorg/gradle/api/internal/project/ProjectInternal;Lorg/gradle/api/internal/project/ProjectInternal;)Ljava/util/Map; 23 <appendix> member <vmtarget> ; # org/gradle/api/internal/project/DefaultCrossProjectModelAccess$$Lambda+0x00000001017d26a8
instanceKlass  @bci org/gradle/api/internal/project/DefaultCrossProjectModelAccess getChildProjects (Lorg/gradle/api/internal/project/ProjectInternal;Lorg/gradle/api/internal/project/ProjectInternal;)Ljava/util/Map; 16 <appendix> argL0 ; # org/gradle/api/internal/project/DefaultCrossProjectModelAccess$$Lambda+0x00000001017d2450
instanceKlass  @bci java/util/TreeMap$EntrySpliterator getComparator ()Ljava/util/Comparator; 21 <appendix> argL0 ; # java/util/TreeMap$EntrySpliterator$$Lambda+0x00000001014c5148
instanceKlass org/jetbrains/kotlin/gradle/plugin/statistics/KotlinBuildStatsService$Companion$getOrCreateInstance$1$1$1
instanceKlass org/gradle/tooling/events/internal/BaseProgressEvent
instanceKlass org/gradle/tooling/events/task/internal/TaskExecutionDetails
instanceKlass org/gradle/tooling/events/internal/DefaultOperationSuccessResult
instanceKlass org/gradle/tooling/events/task/TaskSuccessResult
instanceKlass org/gradle/tooling/events/SuccessResult
instanceKlass org/gradle/tooling/events/task/TaskExecutionResult
instanceKlass org/gradle/tooling/Failure
instanceKlass org/gradle/tooling/events/problems/ContextualLabel
instanceKlass org/gradle/tooling/events/problems/ProblemGroup
instanceKlass org/gradle/tooling/events/test/TestOperationResult
instanceKlass org/gradle/tooling/events/problems/ProblemId
instanceKlass org/gradle/tooling/events/PluginIdentifier
instanceKlass org/gradle/tooling/events/transform/TransformOperationResult
instanceKlass org/gradle/tooling/events/problems/FailureContainer
instanceKlass org/gradle/tooling/events/work/WorkItemOperationResult
instanceKlass org/gradle/tooling/events/problems/Details
instanceKlass org/gradle/tooling/events/problems/AdditionalData
instanceKlass org/gradle/tooling/events/test/TestStartEvent
instanceKlass org/gradle/tooling/events/problems/ProblemAggregation
instanceKlass org/gradle/tooling/events/problems/ProblemEvent
instanceKlass org/gradle/tooling/events/test/TestOperationDescriptor
instanceKlass org/gradle/tooling/events/task/TaskFinishEvent
instanceKlass org/gradle/tooling/events/test/TestFinishEvent
instanceKlass org/gradle/tooling/events/task/TaskStartEvent
instanceKlass org/gradle/tooling/events/configuration/ProjectConfigurationFinishEvent
instanceKlass org/gradle/tooling/events/configuration/ProjectConfigurationOperationResult
instanceKlass org/gradle/tooling/events/configuration/ProjectConfigurationOperationDescriptor
instanceKlass org/gradle/tooling/events/configuration/ProjectConfigurationStartEvent
instanceKlass org/gradle/tooling/events/configuration/ProjectConfigurationProgressEvent
instanceKlass org/gradle/tooling/events/task/TaskProgressEvent
instanceKlass org/gradle/tooling/events/download/FileDownloadResult
instanceKlass org/gradle/tooling/events/work/WorkItemFinishEvent
instanceKlass org/gradle/tooling/events/transform/TransformOperationDescriptor
instanceKlass  @bci org/codehaus/groovy/vmplugin/v9/Java9 concealedPackageList (Ljava/lang/Module;)Ljava/util/Set; 7 <appendix> argL0 ; # org/codehaus/groovy/vmplugin/v9/Java9$$Lambda+0x00000001017ca430
instanceKlass org/gradle/tooling/events/test/TestOutputDescriptor
instanceKlass org/gradle/tooling/events/transform/TransformStartEvent
instanceKlass org/gradle/tooling/events/download/FileDownloadOperationDescriptor
instanceKlass org/gradle/tooling/events/work/WorkItemOperationDescriptor
instanceKlass org/gradle/tooling/events/download/FileDownloadFinishEvent
instanceKlass org/gradle/tooling/events/problems/ProblemDefinition
instanceKlass org/gradle/tooling/events/test/TestProgressEvent
instanceKlass org/gradle/tooling/events/download/FileDownloadStartEvent
instanceKlass org/gradle/tooling/events/download/FileDownloadProgressEvent
instanceKlass  @bci org/gradle/api/internal/project/DefaultDynamicLookupRoutine getProperties (Lorg/gradle/internal/metaobject/DynamicObject;)Ljava/util/Map; 1 <appendix> member <vmtarget> ; # org/gradle/api/internal/project/DefaultDynamicLookupRoutine$$Lambda+0x00000001017cee70
instanceKlass org/gradle/tooling/events/work/WorkItemStartEvent
instanceKlass org/gradle/tooling/events/work/WorkItemProgressEvent
instanceKlass org/gradle/tooling/events/transform/TransformFinishEvent
instanceKlass org/gradle/tooling/events/transform/TransformProgressEvent
instanceKlass org/gradle/tooling/events/problems/DocumentationLink
instanceKlass com/intellij/gradle/toolingExtension/impl/util/GradleModelProviderUtil
instanceKlass org/gradle/tooling/events/test/TestOutputEvent
instanceKlass org/gradle/tooling/events/lifecycle/BuildPhaseStartEvent
instanceKlass org/gradle/tooling/events/StartEvent
instanceKlass org/gradle/tooling/events/lifecycle/BuildPhaseFinishEvent
instanceKlass org/gradle/tooling/events/lifecycle/BuildPhaseProgressEvent
instanceKlass com/intellij/gradle/toolingExtension/impl/model/taskIndex/GradleTaskRequest
instanceKlass org/gradle/tooling/events/task/java/JavaCompileTaskOperationResult$AnnotationProcessorResult
instanceKlass org/gradle/tooling/events/task/TaskOperationResult
instanceKlass org/gradle/tooling/events/OperationResult
instanceKlass org/gradle/tooling/internal/consumer/parameters/BuildProgressListenerAdapter
instanceKlass org/gradle/tooling/internal/protocol/InternalBuildProgressListener
instanceKlass  @bci org/gradle/execution/plan/DefaultExecutionPlan close ()V 85 <appendix> argL0 ; # org/gradle/execution/plan/DefaultExecutionPlan$$Lambda+0x00000001017ccc80
instanceKlass  @bci java/util/concurrent/ConcurrentLinkedQueue clear ()V 1 <appendix> argL0 ; # java/util/concurrent/ConcurrentLinkedQueue$$Lambda+0x00000001014c4c58
instanceKlass java/util/concurrent/ConcurrentLinkedQueue$Itr
instanceKlass com/google/common/cache/LocalCache$WriteThroughEntry
instanceKlass com/google/common/cache/LocalCache$HashIterator
instanceKlass org/gradle/tooling/events/task/internal/DefaultTaskOperationDescriptor$1
instanceKlass org/gradle/tooling/events/internal/DefaultOperationDescriptor
instanceKlass  @bci org/gradle/execution/plan/DefaultPlanExecutor$MergedQueues removeFinishedPlans ()V 13 <appendix> argL0 ; # org/gradle/execution/plan/DefaultPlanExecutor$MergedQueues$$Lambda+0x00000001017c7670
instanceKlass  @bci org/gradle/execution/plan/DefaultPlanExecutor awaitCompletion (Lorg/gradle/execution/plan/WorkSource;Lorg/gradle/internal/work/WorkerLeaseRegistry$WorkerLease;Ljava/util/Collection;)V 8 <appendix> member <vmtarget> ; # org/gradle/execution/plan/DefaultPlanExecutor$$Lambda+0x00000001017c7430
instanceKlass org/gradle/internal/logging/events/StyledTextOutputEvent$Span
instanceKlass org/gradle/internal/logging/events/operations/StyledTextBuildOperationProgressDetails$Span
instanceKlass org/gradle/internal/operations/logging/StyledTextBuildOperationProgressDetails$Span
instanceKlass org/gradle/api/internal/tasks/execution/ExecuteTaskBuildOperationResult
instanceKlass org/gradle/api/internal/tasks/execution/ExecuteTaskBuildOperationType$Result
instanceKlass org/gradle/api/internal/tasks/TaskExecuterResult$1
instanceKlass org/gradle/internal/build/event/types/DefaultTaskDescriptor
instanceKlass org/gradle/tooling/internal/protocol/events/InternalTaskWithExtraInfoDescriptor
instanceKlass org/gradle/tooling/internal/protocol/events/InternalTaskDescriptor
instanceKlass  @bci org/gradle/tooling/internal/provider/runner/OperationDependenciesResolver lookupExistingOperationDescriptor (Lorg/gradle/execution/plan/Node;)Lorg/gradle/tooling/internal/protocol/events/InternalOperationDescriptor; 20 <appendix> argL0 ; # org/gradle/tooling/internal/provider/runner/OperationDependenciesResolver$$Lambda+0x00000001017a9ba8
instanceKlass  @bci org/gradle/tooling/internal/provider/runner/OperationDependenciesResolver lookupExistingOperationDescriptor (Lorg/gradle/execution/plan/Node;)Lorg/gradle/tooling/internal/protocol/events/InternalOperationDescriptor; 10 <appendix> member <vmtarget> ; # org/gradle/tooling/internal/provider/runner/OperationDependenciesResolver$$Lambda+0x00000001017a9948
instanceKlass  @bci java/util/stream/Collectors toCollection (Ljava/util/function/Supplier;)Ljava/util/stream/Collector; 10 <appendix> argL0 ; # java/util/stream/Collectors$$Lambda+0x00000001014c4780
instanceKlass  @bci java/util/stream/Collectors toCollection (Ljava/util/function/Supplier;)Ljava/util/stream/Collector; 5 <appendix> argL0 ; # java/util/stream/Collectors$$Lambda+0x00000001014c4538
instanceKlass  @bci org/gradle/tooling/internal/provider/runner/OperationDependenciesResolver resolveDependencies (Lorg/gradle/execution/plan/Node;)Ljava/util/Set; 30 <appendix> argL0 ; # org/gradle/tooling/internal/provider/runner/OperationDependenciesResolver$$Lambda+0x00000001017a9710
instanceKlass  @bci org/gradle/tooling/internal/provider/runner/OperationDependenciesResolver resolveDependencies (Lorg/gradle/execution/plan/Node;)Ljava/util/Set; 20 <appendix> argL0 ; # org/gradle/tooling/internal/provider/runner/OperationDependenciesResolver$$Lambda+0x00000001017a94a8
instanceKlass  @bci org/gradle/tooling/internal/provider/runner/OperationDependenciesResolver resolveDependencies (Lorg/gradle/execution/plan/Node;)Ljava/util/Set; 10 <appendix> member <vmtarget> ; # org/gradle/tooling/internal/provider/runner/OperationDependenciesResolver$$Lambda+0x00000001017a9248
instanceKlass java/util/TreeMap$TreeMapSpliterator
instanceKlass org/gradle/api/internal/tasks/execution/EventFiringTaskExecuter$1
instanceKlass org/gradle/api/internal/tasks/execution/EventFiringTaskExecuter
instanceKlass org/gradle/api/internal/tasks/execution/CatchExceptionTaskExecuter
instanceKlass org/gradle/api/internal/tasks/execution/SkipOnlyIfTaskExecuter
instanceKlass org/gradle/api/internal/tasks/execution/SkipTaskWithNoActionsExecuter
instanceKlass org/gradle/api/internal/tasks/execution/ResolveTaskExecutionModeExecuter
instanceKlass org/gradle/api/internal/tasks/execution/FinalizePropertiesTaskExecuter
instanceKlass org/gradle/api/internal/tasks/TaskExecuterResult
instanceKlass org/gradle/api/internal/tasks/execution/ExecuteActionsTaskExecuter
# instanceKlass java/lang/invoke/LambdaForm$MH+0x00000001017c4c00
# instanceKlass java/lang/invoke/LambdaForm$MH+0x00000001017c4800
# instanceKlass java/lang/invoke/LambdaForm$MH+0x00000001017c4400
# instanceKlass java/lang/invoke/LambdaForm$MH+0x00000001017c4000
# instanceKlass java/lang/invoke/LambdaForm$MH+0x00000001017c3c00
# instanceKlass java/lang/invoke/LambdaForm$MH+0x00000001017c3800
# instanceKlass java/lang/invoke/LambdaForm$MH+0x00000001017c3400
# instanceKlass java/lang/invoke/LambdaForm$MH+0x00000001017c3000
# instanceKlass java/lang/invoke/LambdaForm$MH+0x00000001017c2c00
# instanceKlass java/lang/invoke/LambdaForm$MH+0x00000001017c2800
# instanceKlass java/lang/invoke/LambdaForm$MH+0x00000001017c2400
# instanceKlass java/lang/invoke/LambdaForm$MH+0x00000001017c2000
# instanceKlass java/lang/invoke/LambdaForm$MH+0x00000001017c1c00
# instanceKlass java/lang/invoke/LambdaForm$MH+0x00000001017c1800
# instanceKlass java/lang/invoke/LambdaForm$MH+0x00000001017c1400
# instanceKlass java/lang/invoke/LambdaForm$MH+0x00000001017c1000
# instanceKlass java/lang/invoke/LambdaForm$MH+0x00000001017c0c00
# instanceKlass java/lang/invoke/LambdaForm$MH+0x00000001017c0800
# instanceKlass java/lang/invoke/LambdaForm$MH+0x00000001017c0400
# instanceKlass java/lang/invoke/LambdaForm$DMH+0x00000001017c0000
instanceKlass  @bci org/gradle/normalization/internal/DefaultRuntimeClasspathNormalization$DefaultPropertiesFileFilter getFilters ()Ljava/util/Map; 16 <appendix> member <vmtarget> ; # org/gradle/normalization/internal/DefaultRuntimeClasspathNormalization$DefaultPropertiesFileFilter$$Lambda+0x00000001017bd7d8
instanceKlass  @bci org/gradle/normalization/internal/DefaultRuntimeClasspathNormalization$EvaluatableFilter lambda$new$1 (Ljava/util/function/Function;Ljava/lang/Object;)Ljava/lang/Object; 10 <appendix> argL0 ; # org/gradle/normalization/internal/DefaultRuntimeClasspathNormalization$EvaluatableFilter$$Lambda+0x00000001017bd570
instanceKlass  @bci org/gradle/normalization/internal/DefaultInputNormalizationHandler_Decorated $gradleInit ()V 1 <appendix> member <vmtarget> ; # org/gradle/normalization/internal/DefaultInputNormalizationHandler_Decorated$$Lambda+0x00000001017bd330
instanceKlass org/gradle/normalization/internal/InputNormalizationHandlerInternal$CachedState
instanceKlass org/gradle/normalization/internal/DefaultInputNormalizationHandler
instanceKlass  @bci org/gradle/normalization/internal/DefaultRuntimeClasspathNormalization_Decorated $gradleInit ()V 1 <appendix> member <vmtarget> ; # org/gradle/normalization/internal/DefaultRuntimeClasspathNormalization_Decorated$$Lambda+0x00000001017bc800
instanceKlass  @bci org/gradle/normalization/internal/DefaultRuntimeClasspathNormalization$DefaultPropertiesFileFilter <init> ()V 21 <appendix> argL0 ; # org/gradle/normalization/internal/DefaultRuntimeClasspathNormalization$DefaultPropertiesFileFilter$$Lambda+0x00000001017bc5a8
instanceKlass  @bci org/gradle/normalization/internal/DefaultRuntimeClasspathNormalization <init> ()V 32 <appendix> argL0 ; # org/gradle/normalization/internal/DefaultRuntimeClasspathNormalization$$Lambda+0x00000001017bc350
instanceKlass org/gradle/api/internal/changedetection/state/IgnoringResourceEntryFilter
instanceKlass  @bci org/gradle/normalization/internal/DefaultRuntimeClasspathNormalization$EvaluatableFilter <init> (Ljava/util/function/Function;Ljava/lang/Object;)V 15 <appendix> member <vmtarget> ; # org/gradle/normalization/internal/DefaultRuntimeClasspathNormalization$EvaluatableFilter$$Lambda+0x00000001017bbea8
instanceKlass  @bci org/gradle/normalization/internal/DefaultRuntimeClasspathNormalization <init> ()V 17 <appendix> argL0 ; # org/gradle/normalization/internal/DefaultRuntimeClasspathNormalization$$Lambda+0x00000001017bbc50
instanceKlass org/gradle/api/internal/changedetection/state/IgnoringResourceFilter
instanceKlass org/gradle/normalization/internal/DefaultRuntimeClasspathNormalization$RuntimeMetaInfNormalization
instanceKlass org/gradle/normalization/PropertiesFileNormalization
instanceKlass org/gradle/normalization/internal/DefaultRuntimeClasspathNormalization$DefaultPropertiesFileFilter
instanceKlass org/gradle/normalization/internal/DefaultRuntimeClasspathNormalization$EvaluatableFilter
instanceKlass org/gradle/normalization/internal/RuntimeClasspathNormalizationInternal$CachedState
instanceKlass org/gradle/normalization/MetaInfNormalization
instanceKlass org/gradle/normalization/internal/DefaultRuntimeClasspathNormalization
instanceKlass org/gradle/api/internal/changedetection/changes/DefaultTaskExecutionModeResolver
instanceKlass org/gradle/api/internal/tasks/execution/DefaultTaskCacheabilityResolver
instanceKlass  @bci org/gradle/internal/file/DefaultReservedFileSystemLocationRegistry <init> (Ljava/util/List;)V 24 <appendix> argL0 ; # org/gradle/internal/file/DefaultReservedFileSystemLocationRegistry$$Lambda+0x00000001017b9798
instanceKlass  @bci org/gradle/internal/file/DefaultReservedFileSystemLocationRegistry <init> (Ljava/util/List;)V 11 <appendix> argL0 ; # org/gradle/internal/file/DefaultReservedFileSystemLocationRegistry$$Lambda+0x00000001017b9540
instanceKlass org/gradle/internal/file/DefaultReservedFileSystemLocationRegistry
instanceKlass org/gradle/internal/execution/workspace/MutableWorkspaceProvider
instanceKlass org/gradle/api/internal/artifacts/DefaultDependencyManagementServices$DependencyResolutionScopeServices$1
instanceKlass  @bci org/gradle/api/internal/artifacts/DefaultDependencyManagementServices$DependencyResolutionScopeServices createTransformWorkspaceServices (Lorg/gradle/api/file/ProjectLayout;Lorg/gradle/internal/execution/history/ExecutionHistoryStore;)Lorg/gradle/api/internal/artifacts/transform/MutableTransformWorkspaceServices; 28 <appendix> member <vmtarget> ; # org/gradle/api/internal/artifacts/DefaultDependencyManagementServices$DependencyResolutionScopeServices$$Lambda+0x00000001017a8d90
instanceKlass  @bci org/gradle/api/internal/artifacts/DefaultDependencyManagementServices$DependencyResolutionScopeServices createTransformWorkspaceServices (Lorg/gradle/api/file/ProjectLayout;Lorg/gradle/internal/execution/history/ExecutionHistoryStore;)Lorg/gradle/api/internal/artifacts/transform/MutableTransformWorkspaceServices; 13 <appendix> argL0 ; # org/gradle/api/internal/artifacts/DefaultDependencyManagementServices$DependencyResolutionScopeServices$$Lambda+0x00000001017a8b58
instanceKlass org/gradle/internal/snapshot/impl/ImplementationSnapshotSerializer
instanceKlass org/gradle/internal/execution/history/impl/FileSystemSnapshotSerializer
instanceKlass org/gradle/internal/execution/history/impl/FileCollectionFingerprintSerializer
instanceKlass org/gradle/internal/execution/history/impl/DefaultExecutionHistoryStore
instanceKlass org/gradle/api/internal/changedetection/state/DefaultExecutionHistoryCacheAccess
instanceKlass  @bci org/gradle/execution/plan/LocalTaskNodeExecutor execute (Lorg/gradle/execution/plan/Node;Lorg/gradle/api/internal/tasks/NodeExecutionContext;)Z 56 <appendix> member <vmtarget> ; # org/gradle/execution/plan/LocalTaskNodeExecutor$$Lambda+0x00000001017b1be0
instanceKlass org/gradle/api/internal/tasks/TaskExecutionContext$ValidationAction
instanceKlass org/gradle/api/internal/tasks/execution/DefaultTaskExecutionContext
instanceKlass  @bci org/gradle/api/internal/tasks/DefaultTaskRequiredServices getElements (Z)Ljava/util/Set; 77 <appendix> member <vmtarget> ; # org/gradle/api/internal/tasks/DefaultTaskRequiredServices$$Lambda+0x00000001017b1268
instanceKlass  @bci org/gradle/api/internal/tasks/DefaultTaskRequiredServices getElements (Z)Ljava/util/Set; 61 <appendix> argL0 ; # org/gradle/api/internal/tasks/DefaultTaskRequiredServices$$Lambda+0x00000001017b1000
instanceKlass  @bci org/gradle/api/internal/tasks/DefaultTaskRequiredServices getElements (Z)Ljava/util/Set; 51 <appendix> argL0 ; # org/gradle/api/internal/tasks/DefaultTaskRequiredServices$$Lambda+0x00000001017b3be8
instanceKlass  @bci org/gradle/execution/plan/DefaultFinalizedExecutionPlan unlockSharedResourcesFor (Lorg/gradle/execution/plan/Node;)V 4 <appendix> argL0 ; # org/gradle/execution/plan/DefaultFinalizedExecutionPlan$$Lambda+0x00000001017b39a0
instanceKlass  @bci org/gradle/execution/plan/DefaultFinalizedExecutionPlan finishedExecuting (Lorg/gradle/execution/plan/Node;Ljava/lang/Throwable;)V 129 <appendix> member <vmtarget> ; # org/gradle/execution/plan/DefaultFinalizedExecutionPlan$$Lambda+0x00000001017b3750
instanceKlass  @bci org/gradle/execution/plan/DefaultFinalizedExecutionPlan updateAllDependenciesCompleteForPredecessors (Lorg/gradle/execution/plan/Node;)V 3 <appendix> member <vmtarget> ; # org/gradle/execution/plan/DefaultFinalizedExecutionPlan$$Lambda+0x00000001017b3500
instanceKlass  @bci org/gradle/execution/plan/DefaultFinalizedExecutionPlan finishedExecuting (Lorg/gradle/execution/plan/Node;Ljava/lang/Throwable;)V 81 <appendix> member <vmtarget> ; # org/gradle/execution/plan/DefaultFinalizedExecutionPlan$$Lambda+0x00000001017b32b0
instanceKlass  @bci org/gradle/execution/plan/DefaultPlanExecutor$ExecutorWorker markFinished (Ljava/lang/Object;Lorg/gradle/execution/plan/WorkSource;Ljava/lang/Throwable;)V 17 <appendix> member <vmtarget> ; # org/gradle/execution/plan/DefaultPlanExecutor$ExecutorWorker$$Lambda+0x00000001017b3070
instanceKlass  @bci org/gradle/execution/plan/DefaultNodeValidator getUniqueErrors (Ljava/util/List;)Ljava/util/Set; 16 <appendix> argL0 ; # org/gradle/execution/plan/DefaultNodeValidator$$Lambda+0x00000001017b2e18
instanceKlass org/gradle/internal/reflect/validation/TypeValidationProblemRenderer
instanceKlass  @bci org/gradle/execution/plan/DefaultNodeValidator getUniqueErrors (Ljava/util/List;)Ljava/util/Set; 6 <appendix> argL0 ; # org/gradle/execution/plan/DefaultNodeValidator$$Lambda+0x00000001017b2bb0
instanceKlass  @bci org/gradle/execution/plan/DefaultNodeValidator logWarnings (Ljava/util/List;)V 16 <appendix> argL0 ; # org/gradle/execution/plan/DefaultNodeValidator$$Lambda+0x00000001017b2968
instanceKlass  @bci org/gradle/execution/plan/DefaultNodeValidator logWarnings (Ljava/util/List;)V 6 <appendix> argL0 ; # org/gradle/execution/plan/DefaultNodeValidator$$Lambda+0x00000001017b2700
instanceKlass  @bci org/gradle/api/internal/AbstractTask acceptServiceReferences (Ljava/util/Set;)V 24 <appendix> member <vmtarget> ; # org/gradle/api/internal/AbstractTask$$Lambda+0x00000001017b24a0
instanceKlass  @bci org/gradle/execution/plan/LocalTaskNode addDestroyablesToMutations (Lorg/gradle/api/file/FileCollection;)V 2 <appendix> member <vmtarget> ; # org/gradle/execution/plan/LocalTaskNode$$Lambda+0x00000001017b2250
instanceKlass  @bci org/gradle/execution/plan/LocalTaskNode addLocalStateFilesToMutations (Lorg/gradle/api/file/FileCollection;)V 7 <appendix> member <vmtarget> ; # org/gradle/execution/plan/LocalTaskNode$$Lambda+0x00000001017b2000
instanceKlass  @bci org/gradle/execution/plan/LocalTaskNode addOutputFilesToMutations (Ljava/util/Set;)V 7 <appendix> member <vmtarget> ; # org/gradle/execution/plan/LocalTaskNode$$Lambda+0x00000001017b7b78
instanceKlass org/gradle/api/internal/tasks/properties/OutputFilePropertySpec
instanceKlass org/gradle/api/internal/tasks/properties/CompositePropertyVisitor
instanceKlass org/gradle/api/internal/tasks/properties/DefaultTaskProperties$GetDestroyablesVisitor
instanceKlass org/gradle/api/internal/tasks/properties/DefaultTaskProperties$GetLocalStateVisitor
instanceKlass org/gradle/api/internal/tasks/properties/OutputUnpacker$UnpackedOutputConsumer$1
instanceKlass org/gradle/api/internal/tasks/properties/OutputUnpacker
instanceKlass org/gradle/api/internal/tasks/properties/OutputFilesCollector
instanceKlass org/gradle/api/internal/tasks/properties/ValidationAction
instanceKlass org/gradle/api/internal/tasks/properties/DefaultTaskProperties$ValidationVisitor
instanceKlass org/gradle/api/internal/tasks/properties/GetServiceReferencesVisitor
instanceKlass org/gradle/api/internal/tasks/properties/GetInputFilesVisitor
instanceKlass org/gradle/api/internal/tasks/properties/GetInputPropertiesVisitor
instanceKlass org/gradle/api/internal/tasks/properties/DefaultTaskProperties
instanceKlass org/gradle/api/internal/tasks/properties/TaskProperties
instanceKlass org/gradle/execution/plan/ResolveMutationsNode$ResolveTaskMutationsDetails
instanceKlass org/gradle/api/internal/tasks/execution/ResolveTaskMutationsBuildOperationType$Details
instanceKlass org/gradle/execution/plan/ResolveMutationsNode$1
instanceKlass org/gradle/execution/plan/MissingTaskDependencyDetector
instanceKlass org/gradle/api/execution/TaskActionListener
instanceKlass org/gradle/api/internal/tasks/execution/TaskCacheabilityResolver
instanceKlass org/gradle/api/internal/changedetection/TaskExecutionModeResolver
instanceKlass org/gradle/internal/file/ReservedFileSystemLocationRegistry
instanceKlass org/gradle/api/internal/tasks/TaskExecuter
instanceKlass org/gradle/execution/ProjectExecutionServices
instanceKlass org/gradle/execution/ProjectExecutionServiceRegistry$DefaultNodeExecutionContext
instanceKlass  @bci org/gradle/execution/taskgraph/DefaultTaskExecutionGraph$BuildOperationAwareExecutionAction execute (Lorg/gradle/execution/plan/Node;)V 9 <appendix> member <vmtarget> ; # org/gradle/execution/taskgraph/DefaultTaskExecutionGraph$BuildOperationAwareExecutionAction$$Lambda+0x00000001017af980
instanceKlass org/gradle/execution/plan/DefaultPlanExecutor$WorkItem
instanceKlass org/gradle/execution/plan/WorkSource$Selection
instanceKlass  @bci org/gradle/execution/plan/DefaultFinalizedExecutionPlan attemptToStart (Lorg/gradle/execution/plan/Node;Ljava/util/List;)Z 45 <appendix> member <vmtarget> ; # org/gradle/execution/plan/DefaultFinalizedExecutionPlan$$Lambda+0x00000001017aec20
instanceKlass org/gradle/execution/plan/edges/DependencyPredecessorsOnlyNodeSet
instanceKlass org/gradle/execution/plan/edges/DependencySuccessorsOnlyNodeSet
instanceKlass  @bci org/gradle/execution/plan/DefaultFinalizedExecutionPlan selectNext ()Lorg/gradle/execution/plan/WorkSource$Selection; 144 <appendix> member <vmtarget> ; # org/gradle/execution/plan/DefaultFinalizedExecutionPlan$$Lambda+0x00000001017ae478
# instanceKlass org/gradle/execution/plan/DefaultPlanExecutor$ExecutorWorker$$Lambda+0x00000001017addc8
# instanceKlass org/gradle/execution/plan/DefaultPlanExecutor$ExecutorWorker$$Lambda+0x00000001017ad948
# instanceKlass org/gradle/execution/plan/DefaultPlanExecutor$ExecutorWorker$$Lambda+0x00000001017adb88
instanceKlass  @bci org/gradle/execution/plan/DefaultPlanExecutor$ExecutorWorker getNextItem (Lorg/gradle/internal/work/WorkerLeaseRegistry$WorkerLease;)Lorg/gradle/execution/plan/DefaultPlanExecutor$WorkItem; 20 <appendix> member <vmtarget> ; # org/gradle/execution/plan/DefaultPlanExecutor$ExecutorWorker$$Lambda+0x00000001017ad708
# instanceKlass org/gradle/execution/plan/DefaultPlanExecutor$ExecutorWorker$$Lambda+0x00000001017ad4c8
# instanceKlass org/gradle/execution/plan/DefaultPlanExecutor$ExecutorWorker$$Lambda+0x00000001017ad288
instanceKlass org/gradle/execution/plan/DefaultPlanExecutor$ExecutorState$WorkerState
instanceKlass org/gradle/execution/plan/DefaultPlanExecutor$ExecutorWorker
instanceKlass  @bci org/gradle/execution/plan/DefaultPlanExecutor maybeStartWorkers (Lorg/gradle/execution/plan/DefaultPlanExecutor$MergedQueues;Ljava/util/concurrent/Executor;)V 18 <adapter> ; # java/lang/invoke/LambdaForm$MH+0x00000001017b0800
instanceKlass  @bci org/gradle/execution/plan/DefaultPlanExecutor maybeStartWorkers (Lorg/gradle/execution/plan/DefaultPlanExecutor$MergedQueues;Ljava/util/concurrent/Executor;)V 18 <appendix> form vmentry <vmtarget> ; # java/lang/invoke/LambdaForm$DMH+0x00000001017b0400
instanceKlass  @bci org/gradle/execution/plan/DefaultPlanExecutor maybeStartWorkers (Lorg/gradle/execution/plan/DefaultPlanExecutor$MergedQueues;Ljava/util/concurrent/Executor;)V 18 <appendix> member <vmtarget> ; # org/gradle/execution/plan/DefaultPlanExecutor$$Lambda+0x00000001017ac6b8
instanceKlass  @cpi org/gradle/execution/plan/DefaultPlanExecutor 295 form vmentry <vmtarget> ; # java/lang/invoke/LambdaForm$DMH+0x00000001017b0000
instanceKlass  @bci org/gradle/execution/plan/DefaultPlanExecutor$MergedQueues add (Lorg/gradle/execution/plan/DefaultPlanExecutor$PlanDetails;)V 6 <appendix> member <vmtarget> ; # org/gradle/execution/plan/DefaultPlanExecutor$MergedQueues$$Lambda+0x00000001017ac478
instanceKlass org/gradle/execution/plan/DefaultPlanExecutor$PlanDetails
instanceKlass org/gradle/execution/taskgraph/DefaultTaskExecutionGraph$InvokeNodeExecutorsAction
instanceKlass org/gradle/execution/taskgraph/DefaultTaskExecutionGraph$BuildOperationAwareExecutionAction
instanceKlass  @bci org/gradle/execution/ProjectExecutionServiceRegistry <init> (Lorg/gradle/internal/service/ServiceRegistry;)V 29 <appendix> member <vmtarget> ; # org/gradle/execution/ProjectExecutionServiceRegistry$$Lambda+0x00000001017a7958
instanceKlass org/gradle/execution/ProjectExecutionServiceRegistry
instanceKlass  @bci org/gradle/execution/SelectedTaskExecutionAction bindAllReferencesOfProject (Lorg/gradle/execution/plan/FinalizedExecutionPlan;)V 20 <appendix> member <vmtarget> ; # org/gradle/execution/SelectedTaskExecutionAction$$Lambda+0x00000001017a7270
instanceKlass org/gradle/execution/RunRootBuildWorkBuildOperationType$Details
instanceKlass org/gradle/execution/BuildOperationFiringBuildWorkerExecutor$ExecuteTasks
instanceKlass  @bci org/gradle/internal/model/StateTransitionController tryTransition (Lorg/gradle/internal/model/StateTransitionController$State;Lorg/gradle/internal/model/StateTransitionController$State;Ljava/util/function/Supplier;)Lorg/gradle/internal/build/ExecutionResult; 8 <appendix> member <vmtarget> ; # org/gradle/internal/model/StateTransitionController$$Lambda+0x00000001017a6b98
instanceKlass  @bci org/gradle/internal/build/DefaultBuildLifecycleController executeTasks (Lorg/gradle/execution/plan/BuildWorkPlan;)Lorg/gradle/internal/build/ExecutionResult; 29 <appendix> member <vmtarget> ; # org/gradle/internal/build/DefaultBuildLifecycleController$$Lambda+0x00000001017a6958
instanceKlass  @bci org/gradle/composite/internal/DefaultBuildController doRun ()Lorg/gradle/internal/build/ExecutionResult; 13 <appendix> member <vmtarget> ; # org/gradle/composite/internal/DefaultBuildController$$Lambda+0x00000001017a8918
instanceKlass  @bci org/gradle/composite/internal/DefaultBuildController$BuildOpRunnable run ()V 8 <appendix> member <vmtarget> ; # org/gradle/composite/internal/DefaultBuildController$BuildOpRunnable$$Lambda+0x00000001017a86d8
instanceKlass  @bci org/gradle/composite/internal/DefaultBuildControllers awaitCompletion (Ljava/util/concurrent/CountDownLatch;)V 15 <appendix> member <vmtarget> ; # org/gradle/composite/internal/DefaultBuildControllers$$Lambda+0x00000001017a8498
instanceKlass org/gradle/composite/internal/DefaultBuildController$BuildOpRunnable
instanceKlass  @bci org/gradle/composite/internal/DefaultBuildControllers execute ()Lorg/gradle/internal/build/ExecutionResult; 70 <appendix> member <vmtarget> ; # org/gradle/composite/internal/DefaultBuildControllers$$Lambda+0x00000001017a8000
instanceKlass org/gradle/internal/buildtree/BuildOperationFiringBuildTreeWorkExecutor$2
instanceKlass org/gradle/composite/internal/DefaultIncludedBuildTaskGraph$DefaultBuildTreeWorkGraph$1$1
instanceKlass org/gradle/internal/taskgraph/CalculateTreeTaskGraphBuildOperationType$Result
instanceKlass org/gradle/api/internal/provider/ValueSupplier$TaskProducer
instanceKlass org/gradle/api/internal/project/taskfactory/StandardTaskAction
instanceKlass org/gradle/api/internal/project/taskfactory/DefaultTaskClassInfoStore$IncrementalTaskActionFactory
instanceKlass org/gradle/api/internal/project/taskfactory/DefaultTaskClassInfoStore$StandardTaskActionFactory
instanceKlass org/gradle/internal/extensibility/ConventionAwareHelper$MappedPropertyImpl
instanceKlass org/gradle/api/internal/ConventionMapping$MappedProperty
instanceKlass  @bci org/gradle/api/internal/ConventionTask getConventionMapping ()Lorg/gradle/api/internal/ConventionMapping; 8 <appendix> member <vmtarget> ; # org/gradle/api/internal/ConventionTask$$Lambda+0x00000001017a4f70
instanceKlass  @bci org/gradle/api/tasks/Delete_Decorated $gradleInit ()V 1 <appendix> member <vmtarget> ; # org/gradle/api/tasks/Delete_Decorated$$Lambda+0x00000001017a4d30
instanceKlass org/gradle/execution/taskgraph/NotifyTaskGraphWhenReadyBuildOperationType$1
instanceKlass org/gradle/execution/taskgraph/NotifyTaskGraphWhenReadyBuildOperationType$Result
instanceKlass org/gradle/execution/taskgraph/NotifyTaskGraphWhenReadyBuildOperationType
instanceKlass  @bci org/gradle/configuration/internal/DefaultListenerBuildOperationDecorator$BuildOperationEmittingInvocationHandler$1 run (Lorg/gradle/internal/operations/BuildOperationContext;)V 17 <appendix> member <vmtarget> ; # org/gradle/configuration/internal/DefaultListenerBuildOperationDecorator$BuildOperationEmittingInvocationHandler$1$$Lambda+0x00000001017a3408
instanceKlass org/gradle/execution/taskgraph/DefaultTaskExecutionGraph$NotifyTaskGraphWhenReadyDetails
instanceKlass org/gradle/execution/taskgraph/NotifyTaskGraphWhenReadyBuildOperationType$Details
instanceKlass org/gradle/execution/taskgraph/DefaultTaskExecutionGraph$NotifyTaskGraphWhenReady
instanceKlass  @bci org/gradle/execution/taskgraph/DefaultTaskExecutionGraph fireWhenReady ()V 15 <appendix> member <vmtarget> ; # org/gradle/execution/taskgraph/DefaultTaskExecutionGraph$$Lambda+0x00000001017a2898
instanceKlass  @bci org/gradle/execution/plan/DefaultFinalizedExecutionPlan <init> (Ljava/lang/String;Lorg/gradle/execution/plan/OrdinalNodeAccess;Lorg/gradle/execution/plan/ExecutionNodeAccessHierarchy;Lorg/gradle/execution/plan/ExecutionNodeAccessHierarchy;Lorg/gradle/internal/resources/ResourceLockCoordinationService;Ljava/util/List;ZLorg/gradle/execution/plan/QueryableExecutionPlan;Ljava/util/function/Consumer;)V 217 <appendix> member <vmtarget> ; # org/gradle/execution/plan/DefaultFinalizedExecutionPlan$$Lambda+0x00000001017a2658
instanceKlass  @bci org/gradle/execution/plan/DefaultFinalizedExecutionPlan <init> (Ljava/lang/String;Lorg/gradle/execution/plan/OrdinalNodeAccess;Lorg/gradle/execution/plan/ExecutionNodeAccessHierarchy;Lorg/gradle/execution/plan/ExecutionNodeAccessHierarchy;Lorg/gradle/internal/resources/ResourceLockCoordinationService;Ljava/util/List;ZLorg/gradle/execution/plan/QueryableExecutionPlan;Ljava/util/function/Consumer;)V 50 <appendix> member <vmtarget> ; # org/gradle/execution/plan/DefaultFinalizedExecutionPlan$$Lambda+0x00000001017a2418
instanceKlass org/gradle/execution/plan/DefaultFinalizedExecutionPlan$ExecutionQueue
instanceKlass org/gradle/execution/plan/DefaultFinalizedExecutionPlan$1
instanceKlass org/gradle/execution/plan/DefaultFinalizedExecutionPlan
instanceKlass org/gradle/execution/plan/WorkSource
instanceKlass  @bci org/gradle/execution/plan/DefaultExecutionPlan onComplete (Ljava/util/function/Consumer;)V 8 <appendix> member <vmtarget> ; # org/gradle/execution/plan/DefaultExecutionPlan$$Lambda+0x00000001017a1730
instanceKlass  @bci org/gradle/internal/build/DefaultBuildLifecycleController finalizeWorkGraph (Lorg/gradle/execution/plan/BuildWorkPlan;)V 26 <appendix> member <vmtarget> ; # org/gradle/internal/build/DefaultBuildLifecycleController$$Lambda+0x00000001017a14f0
instanceKlass org/gradle/internal/build/BuildOperationFiringBuildWorkPreparer$PopulateWorkGraph$CalculateTaskGraphResult
instanceKlass org/gradle/internal/taskgraph/CalculateTaskGraphBuildOperationType$Result
instanceKlass org/gradle/execution/plan/ToPlannedTaskConverter$PlannedTaskIdentity
instanceKlass org/gradle/initialization/DefaultPlannedTask
instanceKlass org/gradle/internal/taskgraph/CalculateTaskGraphBuildOperationType$PlannedTask
instanceKlass org/gradle/internal/build/PlannedNodeGraph
instanceKlass  @bci org/gradle/internal/build/PlannedNodeGraph$Collector findNodeDependencies (Lorg/gradle/execution/plan/Node;)Ljava/util/List; 6 <appendix> member <vmtarget> ; # org/gradle/internal/build/PlannedNodeGraph$Collector$$Lambda+0x00000001017a0450
instanceKlass org/gradle/internal/build/PlannedNodeGraph$IdentityProvider
instanceKlass  @bci org/gradle/internal/build/PlannedNodeGraph$Collector findNodeDependencies (Lorg/gradle/execution/plan/Node;)Ljava/util/List; 0 <appendix> argL0 ; # org/gradle/internal/build/PlannedNodeGraph$Collector$$Lambda+0x00000001017a0000
instanceKlass org/gradle/internal/build/PlannedNodeGraph$DependencyTraverser
instanceKlass  @bci org/gradle/execution/plan/ToPlannedNodeConverterRegistry getConverter (Lorg/gradle/execution/plan/Node;)Lorg/gradle/execution/plan/ToPlannedNodeConverter; 11 <appendix> member <vmtarget> ; # org/gradle/execution/plan/ToPlannedNodeConverterRegistry$$Lambda+0x0000000101799a50
instanceKlass  @bci org/gradle/internal/build/BuildOperationFiringBuildWorkPreparer$PopulateWorkGraph computePlannedNodeGraph (Lorg/gradle/execution/plan/QueryableExecutionPlan$ScheduledNodes;)Lorg/gradle/internal/build/PlannedNodeGraph; 14 <appendix> member <vmtarget> ; # org/gradle/internal/build/BuildOperationFiringBuildWorkPreparer$PopulateWorkGraph$$Lambda+0x0000000101799800
instanceKlass  @bci org/gradle/execution/plan/ToPlannedNodeConverterRegistry getConvertedNodeTypes ()Ljava/util/Set; 9 <appendix> argL0 ; # org/gradle/execution/plan/ToPlannedNodeConverterRegistry$$Lambda+0x000000010179b628
instanceKlass org/gradle/internal/build/PlannedNodeGraph$Collector
instanceKlass org/gradle/execution/plan/ScheduledWork
instanceKlass org/gradle/execution/plan/DetermineExecutionPlanAction$TaskClassifier
instanceKlass  @bci org/gradle/execution/plan/DetermineExecutionPlanAction removeShouldRunAfterSuccessorsIfTheyImposeACycle (Lorg/gradle/execution/plan/TaskNode;I)V 6 <appendix> member <vmtarget> ; # org/gradle/execution/plan/DetermineExecutionPlanAction$$Lambda+0x000000010179a228
instanceKlass  @cpi org/gradle/execution/plan/DetermineExecutionPlanAction 436 form vmentry <vmtarget> ; # java/lang/invoke/LambdaForm$DMH+0x0000000101799400
instanceKlass org/gradle/execution/plan/DetermineExecutionPlanAction$NodeInVisitingSegment
instanceKlass org/gradle/execution/plan/DetermineExecutionPlanAction
instanceKlass com/google/common/collect/AbstractMapBasedMultimap$Itr
instanceKlass  @bci org/gradle/internal/reflect/annotations/impl/DefaultTypeAnnotationMetadataStore convertMethodToPropertyBuilders (Ljava/util/Map;)Lcom/google/common/collect/ImmutableList; 120 <appendix> member <vmtarget> ; # org/gradle/internal/reflect/annotations/impl/DefaultTypeAnnotationMetadataStore$$Lambda+0x000000010179f098
instanceKlass  @bci org/gradle/internal/reflect/validation/ReplayingTypeValidationContext visitTypeProblem (Lorg/gradle/api/Action;)V 5 <appendix> member <vmtarget> ; # org/gradle/internal/reflect/validation/ReplayingTypeValidationContext$$Lambda+0x000000010179ee48
instanceKlass  @bci org/gradle/internal/reflect/annotations/impl/DefaultTypeAnnotationMetadataStore validateNotAnnotated (Lorg/gradle/internal/reflect/annotations/impl/DefaultTypeAnnotationMetadataStore$MethodKind;Ljava/lang/reflect/Method;Ljava/util/Set;Lorg/gradle/internal/reflect/validation/TypeValidationContext;)V 13 <appendix> member <vmtarget> ; # org/gradle/internal/reflect/annotations/impl/DefaultTypeAnnotationMetadataStore$$Lambda+0x000000010179ec08
instanceKlass org/gradle/internal/reflect/validation/TypeAwareProblemBuilder
instanceKlass  @bci org/gradle/internal/reflect/annotations/impl/DefaultTypeAnnotationMetadataStore isSetterProhibitedForType (Ljava/lang/Class;)Z 8 <appendix> member <vmtarget> ; # org/gradle/internal/reflect/annotations/impl/DefaultTypeAnnotationMetadataStore$$Lambda+0x000000010179e780
instanceKlass org/gradle/internal/reflect/validation/TypeValidationContext$1
instanceKlass org/gradle/api/internal/tasks/TaskPropertyUtils
instanceKlass org/gradle/api/internal/tasks/DefaultTaskInputs$1
instanceKlass org/gradle/execution/plan/ResolveMutationsNode$2
instanceKlass org/gradle/api/internal/tasks/execution/ResolveTaskMutationsBuildOperationType$Result
instanceKlass org/gradle/execution/plan/NodeSets
instanceKlass org/gradle/execution/plan/MutationInfo
instanceKlass org/gradle/execution/plan/edges/DependentNodesSet$1
instanceKlass org/gradle/execution/plan/edges/DependentNodesSet
instanceKlass org/gradle/execution/plan/edges/DependencyNodesSet$1
instanceKlass org/gradle/execution/plan/edges/DependencyNodesSet
instanceKlass  @bci org/gradle/execution/plan/TaskNodeFactory$DefaultTypeOriginInspectorFactory forTask (Lorg/gradle/api/Task;)Lorg/gradle/execution/plan/TaskNodeFactory$DefaultTypeOriginInspectorFactory$ProjectScopedTypeOriginInspector; 11 <appendix> member <vmtarget> ; # org/gradle/execution/plan/TaskNodeFactory$DefaultTypeOriginInspectorFactory$$Lambda+0x000000010179c000
instanceKlass org/gradle/execution/plan/TaskNodeFactory$DefaultTypeOriginInspectorFactory$ProjectScopedTypeOriginInspector
instanceKlass org/gradle/execution/plan/NodeGroup
instanceKlass  @bci org/gradle/execution/plan/TaskNodeFactory getOrCreateNode (Lorg/gradle/api/Task;)Lorg/gradle/execution/plan/TaskNode; 6 <appendix> member <vmtarget> ; # org/gradle/execution/plan/TaskNodeFactory$$Lambda+0x0000000101797170
instanceKlass org/gradle/execution/plan/NodeComparator
instanceKlass org/gradle/execution/TaskNameResolver$FixedTaskSelectionResult
instanceKlass  @bci org/gradle/api/internal/project/taskfactory/AnnotationProcessingTaskFactory process (Lorg/gradle/api/Task;)Lorg/gradle/api/Task; 98 <appendix> member <vmtarget> ; # org/gradle/api/internal/project/taskfactory/AnnotationProcessingTaskFactory$$Lambda+0x0000000101796a18
instanceKlass org/gradle/api/tasks/TaskAction
instanceKlass  @bci org/gradle/api/internal/project/taskfactory/DefaultTaskClassInfoStore createTaskClassInfo (Ljava/lang/Class;)Lorg/gradle/api/internal/project/taskfactory/TaskClassInfo; 19 <appendix> argL0 ; # org/gradle/api/internal/project/taskfactory/DefaultTaskClassInfoStore$$Lambda+0x00000001017965a8
instanceKlass  @bci org/gradle/api/internal/project/taskfactory/DefaultTaskClassInfoStore getTaskClassInfo (Ljava/lang/Class;)Lorg/gradle/api/internal/project/taskfactory/TaskClassInfo; 5 <appendix> argL0 ; # org/gradle/api/internal/project/taskfactory/DefaultTaskClassInfoStore$$Lambda+0x0000000101796350
instanceKlass org/gradle/api/internal/project/taskfactory/TaskClassInfo
instanceKlass  @bci org/gradle/api/DefaultTask_Decorated $gradleInit ()V 1 <appendix> member <vmtarget> ; # org/gradle/api/DefaultTask_Decorated$$Lambda+0x0000000101795ed0
instanceKlass org/gradle/internal/cc/impl/AbstractTaskProjectAccessChecker
instanceKlass org/gradle/internal/cc/impl/ConfigurationCacheServices$TaskExecutionAccessCheckerProvider$workGraphLoadingStateFrom$1
# instanceKlass java/lang/invoke/LambdaForm$MH+0x0000000101799000
# instanceKlass java/lang/invoke/LambdaForm$MH+0x0000000101798c00
# instanceKlass java/lang/invoke/LambdaForm$MH+0x0000000101798800
# instanceKlass java/lang/invoke/LambdaForm$MH+0x0000000101798400
# instanceKlass java/lang/invoke/LambdaForm$MH+0x0000000101798000
# instanceKlass java/lang/invoke/LambdaForm$MH+0x0000000101789400
instanceKlass org/gradle/internal/execution/DefaultWorkExecutionTracker$OperationListener
instanceKlass org/gradle/internal/execution/DefaultWorkExecutionTracker
instanceKlass org/gradle/internal/cc/impl/BuildTreeConfigurationCache
instanceKlass org/gradle/api/internal/tasks/DefaultTaskRequiredServices
instanceKlass org/gradle/api/internal/tasks/DefaultTaskLocalState
instanceKlass org/gradle/api/internal/tasks/DefaultTaskDestroyables
instanceKlass org/gradle/api/internal/tasks/TaskDestroyablesInternal
instanceKlass org/gradle/api/tasks/TaskOutputFilePropertyBuilder
instanceKlass org/gradle/api/internal/tasks/properties/OutputUnpacker$UnpackedOutputConsumer
instanceKlass org/gradle/api/internal/tasks/DefaultTaskOutputs
instanceKlass org/gradle/api/internal/TaskOutputsEnterpriseInternal
instanceKlass org/gradle/api/internal/tasks/TaskInputsDeprecationSupport
instanceKlass org/gradle/api/internal/FilePropertyContainer
instanceKlass org/gradle/api/internal/tasks/TaskInputFilePropertyRegistration
instanceKlass org/gradle/api/internal/tasks/TaskInputFilePropertyBuilderInternal
instanceKlass org/gradle/api/internal/tasks/TaskFilePropertyBuilderInternal
instanceKlass org/gradle/api/internal/tasks/TaskPropertyRegistration
instanceKlass org/gradle/api/tasks/TaskInputPropertyBuilder
instanceKlass org/gradle/api/tasks/TaskInputFilePropertyBuilder
instanceKlass org/gradle/api/tasks/TaskFilePropertyBuilder
instanceKlass org/gradle/api/tasks/TaskPropertyBuilder
instanceKlass org/gradle/api/internal/tasks/DefaultTaskInputs
instanceKlass org/gradle/internal/logging/slf4j/DefaultContextAwareTaskLogger
instanceKlass org/gradle/api/internal/tasks/execution/SelfDescribingSpec
instanceKlass org/gradle/api/internal/AbstractTask$10
instanceKlass org/gradle/api/internal/tasks/properties/ServiceReferenceSpec
instanceKlass org/gradle/api/specs/CompositeSpec
instanceKlass org/gradle/api/internal/tasks/TaskMutator
instanceKlass org/gradle/api/internal/tasks/TaskStateInternal
instanceKlass org/gradle/api/internal/AbstractTask$TaskInfo
instanceKlass org/gradle/api/internal/project/taskfactory/TaskFactory$1
instanceKlass org/gradle/api/internal/tasks/DefaultTaskContainer$RealizeDetails
instanceKlass org/gradle/api/internal/tasks/DefaultTaskContainer$TaskCreatingProvider$1
instanceKlass org/gradle/execution/TaskNameResolver$MultiProjectTaskSelectionResult
instanceKlass org/gradle/execution/selection/DefaultBuildTaskSelector$ProjectResolutionResult
instanceKlass  @bci org/gradle/initialization/DefaultTaskExecutionPreparer scheduleRequestedTasks (Lorg/gradle/api/internal/GradleInternal;Lorg/gradle/execution/EntryTaskSelector;Lorg/gradle/execution/plan/ExecutionPlan;)V 15 <appendix> member <vmtarget> ; # org/gradle/initialization/DefaultTaskExecutionPreparer$$Lambda+0x000000010178a4a8
instanceKlass  @bci org/gradle/initialization/VintageBuildModelController scheduleRequestedTasks (Lorg/gradle/execution/EntryTaskSelector;Lorg/gradle/execution/plan/ExecutionPlan;)V 10 <appendix> member <vmtarget> ; # org/gradle/initialization/VintageBuildModelController$$Lambda+0x000000010178a268
instanceKlass org/gradle/internal/build/DefaultBuildLifecycleController$DefaultWorkGraphBuilder
instanceKlass org/gradle/internal/build/BuildOperationFiringBuildWorkPreparer$PopulateWorkGraph$1
instanceKlass org/gradle/internal/taskgraph/CalculateTaskGraphBuildOperationType$Details
instanceKlass org/gradle/internal/build/BuildOperationFiringBuildWorkPreparer$PopulateWorkGraph
instanceKlass  @bci org/gradle/internal/build/DefaultBuildLifecycleController lambda$populateWorkGraph$8 (Lorg/gradle/internal/build/DefaultBuildLifecycleController$DefaultBuildWorkPlan;Ljava/util/function/Consumer;)V 14 <appendix> member <vmtarget> ; # org/gradle/internal/build/DefaultBuildLifecycleController$$Lambda+0x000000010178f668
instanceKlass  @bci org/gradle/internal/build/DefaultBuildLifecycleController populateWorkGraph (Lorg/gradle/execution/plan/BuildWorkPlan;Ljava/util/function/Consumer;)V 22 <appendix> member <vmtarget> ; # org/gradle/internal/build/DefaultBuildLifecycleController$$Lambda+0x000000010178f428
instanceKlass  @bci org/gradle/internal/build/DefaultBuildWorkGraphController$DefaultBuildWorkGraph createPlan ()V 28 <appendix> member <vmtarget> ; # org/gradle/internal/build/DefaultBuildWorkGraphController$DefaultBuildWorkGraph$$Lambda+0x000000010178f1d8
instanceKlass org/gradle/internal/build/DefaultBuildLifecycleController$DefaultBuildWorkPlan
instanceKlass org/gradle/execution/plan/OrdinalNodeAccess
instanceKlass  @bci org/gradle/execution/plan/DefaultExecutionPlan <init> (Ljava/lang/String;Lorg/gradle/execution/plan/TaskNodeFactory;Lorg/gradle/execution/plan/OrdinalGroupFactory;Lorg/gradle/execution/plan/TaskDependencyResolver;Lorg/gradle/execution/plan/ExecutionNodeAccessHierarchy;Lorg/gradle/execution/plan/ExecutionNodeAccessHierarchy;Lorg/gradle/internal/resources/ResourceLockCoordinationService;)V 57 <appendix> argL0 ; # org/gradle/execution/plan/DefaultExecutionPlan$$Lambda+0x000000010178e610
instanceKlass org/gradle/execution/plan/QueryableExecutionPlan$ScheduledNodes
instanceKlass org/gradle/execution/plan/DefaultExecutionPlan
instanceKlass org/gradle/execution/plan/QueryableExecutionPlan
instanceKlass org/gradle/internal/build/DefaultBuildWorkGraphController$DefaultBuildWorkGraph
instanceKlass org/gradle/composite/internal/DefaultBuildController
instanceKlass  @bci org/gradle/internal/buildtree/DefaultBuildTreeWorkPreparer lambda$scheduleRequestedTasks$1 (Lorg/gradle/execution/EntryTaskSelector;Lorg/gradle/internal/buildtree/BuildTreeWorkGraph$Builder;)V 31 <appendix> member <vmtarget> ; # org/gradle/internal/buildtree/DefaultBuildTreeWorkPreparer$$Lambda+0x000000010178d578
instanceKlass org/gradle/internal/build/BuildLifecycleController$WorkGraphBuilder
instanceKlass org/gradle/composite/internal/TaskIdentifier
instanceKlass org/gradle/composite/internal/DefaultIncludedBuildTaskGraph$DefaultBuildTreeWorkGraphBuilder
instanceKlass org/gradle/composite/internal/DefaultIncludedBuildTaskGraph$DefaultBuildTreeWorkGraph$1$2
instanceKlass org/gradle/internal/taskgraph/CalculateTreeTaskGraphBuildOperationType$Details
instanceKlass org/gradle/composite/internal/DefaultIncludedBuildTaskGraph$DefaultBuildTreeWorkGraph$1
instanceKlass  @bci org/gradle/internal/buildtree/DefaultBuildTreeWorkPreparer scheduleRequestedTasks (Lorg/gradle/internal/buildtree/BuildTreeWorkGraph;Lorg/gradle/execution/EntryTaskSelector;)Lorg/gradle/internal/buildtree/BuildTreeWorkGraph$FinalizedGraph; 12 <appendix> member <vmtarget> ; # org/gradle/internal/buildtree/DefaultBuildTreeWorkPreparer$$Lambda+0x000000010178cce0
instanceKlass org/gradle/internal/buildtree/BuildTreeWorkGraph$Builder
instanceKlass  @bci org/gradle/internal/model/StateTransitionController maybeTransition (Lorg/gradle/internal/model/StateTransitionController$State;Lorg/gradle/internal/model/StateTransitionController$State;Ljava/lang/Runnable;)V 8 <appendix> member <vmtarget> ; # org/gradle/internal/model/StateTransitionController$$Lambda+0x000000010178c888
instanceKlass  @bci org/gradle/internal/build/DefaultBuildLifecycleController prepareToScheduleTasks ()V 11 <appendix> member <vmtarget> ; # org/gradle/internal/build/DefaultBuildLifecycleController$$Lambda+0x000000010178c648
instanceKlass  @bci org/gradle/composite/internal/DefaultBuildControllers idComparator ()Ljava/util/Comparator; 0 <appendix> argL0 ; # org/gradle/composite/internal/DefaultBuildControllers$$Lambda+0x00000001017462a8
instanceKlass org/gradle/composite/internal/BuildController
instanceKlass org/gradle/composite/internal/DefaultBuildControllers
instanceKlass org/gradle/composite/internal/BuildControllers
instanceKlass org/gradle/composite/internal/DefaultIncludedBuildTaskGraph$DefaultBuildTreeWorkGraph
instanceKlass org/gradle/internal/buildtree/BuildTreeWorkGraph$FinalizedGraph
instanceKlass org/gradle/internal/buildtree/BuildTreeWorkGraph
instanceKlass org/gradle/internal/cc/impl/VintageBuildTreeWorkController$scheduleAndRunRequestedTasks$1
instanceKlass  @bci org/gradle/tooling/internal/provider/runner/ClientProvidedPhasedActionRunner$ClientActionImpl collectActionResult (Lorg/gradle/tooling/internal/provider/serialization/SerializedPayload;Lorg/gradle/tooling/internal/protocol/PhasedActionResult$Phase;)V 29 <appendix> member <vmtarget> ; # org/gradle/tooling/internal/provider/runner/ClientProvidedPhasedActionRunner$ClientActionImpl$$Lambda+0x0000000101745248
instanceKlass org/gradle/internal/buildtree/BuildTreeModelSideEffect
instanceKlass org/gradle/tooling/internal/provider/PhasedBuildActionResult
instanceKlass org/gradle/internal/serialize/ExceptionReplacingObjectOutputStream$1
instanceKlass org/gradle/tooling/internal/provider/serialization/WellKnownClassLoaderRegistry$1
instanceKlass org/gradle/tooling/internal/provider/serialization/DefaultPayloadClassLoaderRegistry$1
instanceKlass com/intellij/gradle/toolingExtension/impl/model/utilTurnOffDefaultTasksModel/DefaultTurnOffDefaultTasks
instanceKlass com/intellij/gradle/toolingExtension/impl/model/utilTurnOffDefaultTasksModel/TurnOffDefaultTasks
instanceKlass  @bci com/intellij/gradle/toolingExtension/impl/modelAction/GradleModelFetchAction doExecute (Lorg/gradle/tooling/BuildController;Ljava/util/concurrent/ExecutorService;Lcom/intellij/gradle/toolingExtension/impl/telemetry/GradleOpenTelemetry;)Lcom/intellij/gradle/toolingExtension/impl/modelAction/GradleModelHolderState; 117 <appendix> member <vmtarget> ; # com/intellij/gradle/toolingExtension/impl/modelAction/GradleModelFetchAction$$Lambda+0x0000000101784938
instanceKlass  @bci com/intellij/gradle/toolingExtension/impl/modelAction/GradleModelFetchAction sendPendingState (Lorg/gradle/tooling/BuildController;Lcom/intellij/gradle/toolingExtension/impl/telemetry/GradleOpenTelemetry;Lcom/intellij/gradle/toolingExtension/impl/modelAction/GradleDaemonModelHolder;Lcom/intellij/gradle/toolingExtension/modelAction/GradleModelFetchPhase;)V 46 <appendix> member <vmtarget> ; # com/intellij/gradle/toolingExtension/impl/modelAction/GradleModelFetchAction$$Lambda+0x00000001017846e8
instanceKlass  @bci com/intellij/gradle/toolingExtension/impl/modelAction/GradleModelFetchAction lambda$populateModels$15 (Ljava/util/Collection;Ljava/util/Collection;Lcom/intellij/gradle/toolingExtension/impl/telemetry/GradleOpenTelemetry;Lorg/gradle/tooling/BuildController;Lorg/jetbrains/plugins/gradle/model/ProjectImportModelProvider$GradleModelConsumer;Lio/opentelemetry/api/trace/Span;)V 230 <appendix> member <vmtarget> ; # com/intellij/gradle/toolingExtension/impl/modelAction/GradleModelFetchAction$$Lambda+0x0000000101784498
instanceKlass org/gradle/internal/DefaultTaskExecutionRequest
instanceKlass  @bci com/intellij/gradle/toolingExtension/impl/modelAction/GradleModelFetchAction lambda$populateModels$15 (Ljava/util/Collection;Ljava/util/Collection;Lcom/intellij/gradle/toolingExtension/impl/telemetry/GradleOpenTelemetry;Lorg/gradle/tooling/BuildController;Lorg/jetbrains/plugins/gradle/model/ProjectImportModelProvider$GradleModelConsumer;Lio/opentelemetry/api/trace/Span;)V 172 <appendix> member <vmtarget> ; # com/intellij/gradle/toolingExtension/impl/modelAction/GradleModelFetchAction$$Lambda+0x0000000101784248
instanceKlass org/jetbrains/kotlin/commonizer/CommonizerTarget
instanceKlass org/jetbrains/kotlin/commonizer/KonanDistribution
instanceKlass org/jetbrains/kotlin/gradle/targets/native/internal/KotlinNativePlatformDependenciesKt
instanceKlass org/jetbrains/kotlin/idea/gradleTooling/PrepareKotlinIdeaImportTaskModelBuilder$KotlinNativePlatformDependenciesKt
instanceKlass org/jetbrains/kotlin/gradle/model/KotlinProject
instanceKlass com/android/ide/gradle/model/LegacyAndroidGradlePluginProperties
instanceKlass com/android/builder/model/v2/models/ProjectSyncIssues
instanceKlass com/android/builder/model/v2/models/VariantDependenciesFlatList
instanceKlass com/android/builder/model/v2/models/VariantDependenciesAdjacencyList
instanceKlass com/android/builder/model/v2/models/VariantDependencies
instanceKlass com/android/builder/model/v2/models/ProjectGraph
instanceKlass com/android/builder/model/v2/models/AndroidDsl
instanceKlass com/android/builder/model/v2/models/AndroidProject
instanceKlass com/android/builder/model/v2/models/BasicAndroidProject
instanceKlass com/android/builder/model/v2/models/Versions
instanceKlass org/jetbrains/kotlin/idea/gradleTooling/PrepareKotlinIdeaImportTaskModelBuilder$Messages
instanceKlass org/gradle/tooling/internal/build/DefaultBuildEnvironment$2
instanceKlass org/jetbrains/plugins/gradle/tooling/serialization/internal/adapter/Suppliers$SupplierOfInstance
instanceKlass org/jetbrains/plugins/gradle/tooling/serialization/internal/adapter/Suppliers
instanceKlass  @bci org/gradle/internal/build/DefaultBuildLifecycleController configureProjects ()V 16 <appendix> member <vmtarget> ; # org/gradle/internal/build/DefaultBuildLifecycleController$$Lambda+0x000000010176ed78
instanceKlass  @bci org/jetbrains/plugins/gradle/tooling/serialization/internal/adapter/InternalBuildEnvironment convertBuildEnvironment (Lorg/gradle/tooling/model/build/BuildEnvironment;)Lorg/gradle/tooling/model/build/BuildEnvironment; 30 <appendix> member <vmtarget> ; # org/jetbrains/plugins/gradle/tooling/serialization/internal/adapter/InternalBuildEnvironment$$Lambda+0x000000010177f890
instanceKlass org/jetbrains/plugins/gradle/tooling/serialization/internal/adapter/InternalJavaEnvironment
instanceKlass  @bci org/gradle/internal/buildtree/DefaultBuildTreeModelCreator$DefaultBuildTreeModelController locateBuilderForTarget (Lorg/gradle/api/internal/project/ProjectState;Ljava/lang/String;Z)Lorg/gradle/tooling/provider/model/internal/ToolingModelScope; 9 <appendix> member <vmtarget> ; # org/gradle/internal/buildtree/DefaultBuildTreeModelCreator$DefaultBuildTreeModelController$$Lambda+0x000000010176eb18
instanceKlass  @bci org/jetbrains/plugins/gradle/tooling/serialization/internal/adapter/InternalBuildEnvironment convertBuildEnvironment (Lorg/gradle/tooling/model/build/BuildEnvironment;)Lorg/gradle/tooling/model/build/BuildEnvironment; 24 <appendix> member <vmtarget> ; # org/jetbrains/plugins/gradle/tooling/serialization/internal/adapter/InternalBuildEnvironment$$Lambda+0x000000010177f408
instanceKlass org/jetbrains/plugins/gradle/tooling/serialization/internal/adapter/InternalGradleEnvironment
instanceKlass  @bci org/jetbrains/plugins/gradle/tooling/serialization/internal/adapter/InternalBuildEnvironment convertBuildEnvironment (Lorg/gradle/tooling/model/build/BuildEnvironment;)Lorg/gradle/tooling/model/build/BuildEnvironment; 18 <appendix> member <vmtarget> ; # org/jetbrains/plugins/gradle/tooling/serialization/internal/adapter/InternalBuildEnvironment$$Lambda+0x000000010177ef80
instanceKlass org/jetbrains/plugins/gradle/tooling/serialization/internal/adapter/InternalBuildIdentifier
instanceKlass org/jetbrains/plugins/gradle/tooling/serialization/internal/adapter/InternalBuildEnvironment
instanceKlass  @bci org/gradle/tooling/internal/provider/runner/DefaultBuildController findBuild (Lorg/gradle/tooling/internal/gradle/GradleBuildIdentity;)Lorg/gradle/internal/build/BuildState; 14 <appendix> member <vmtarget> ; # org/gradle/tooling/internal/provider/runner/DefaultBuildController$$Lambda+0x0000000101744ff8
instanceKlass  @bci org/jetbrains/plugins/gradle/model/DefaultGradleLightBuild convertGradleBuild (Lorg/gradle/tooling/model/gradle/GradleBuild;)Lorg/jetbrains/plugins/gradle/model/DefaultGradleLightBuild; 71 <appendix> argL0 ; # org/jetbrains/plugins/gradle/model/DefaultGradleLightBuild$$Lambda+0x000000010177e890
instanceKlass  @bci org/jetbrains/plugins/gradle/model/DefaultGradleLightBuild convertGradleBuild (Lorg/gradle/tooling/model/gradle/GradleBuild;)Lorg/jetbrains/plugins/gradle/model/DefaultGradleLightBuild; 66 <appendix> argL0 ; # org/jetbrains/plugins/gradle/model/DefaultGradleLightBuild$$Lambda+0x000000010177e638
instanceKlass  @bci com/intellij/gradle/toolingExtension/impl/modelAction/GradleModelFetchAction lambda$populateModels$15 (Ljava/util/Collection;Ljava/util/Collection;Lcom/intellij/gradle/toolingExtension/impl/telemetry/GradleOpenTelemetry;Lorg/gradle/tooling/BuildController;Lorg/jetbrains/plugins/gradle/model/ProjectImportModelProvider$GradleModelConsumer;Lio/opentelemetry/api/trace/Span;)V 113 <appendix> member <vmtarget> ; # com/intellij/gradle/toolingExtension/impl/modelAction/GradleModelFetchAction$$Lambda+0x000000010177e3e8
instanceKlass  @bci org/jetbrains/plugins/gradle/model/DefaultGradleLightBuild convertGradleBuild (Lorg/gradle/tooling/model/gradle/GradleBuild;)Lorg/jetbrains/plugins/gradle/model/DefaultGradleLightBuild; 61 <appendix> member <vmtarget> ; # org/jetbrains/plugins/gradle/model/DefaultGradleLightBuild$$Lambda+0x000000010177e188
instanceKlass  @bci com/intellij/gradle/toolingExtension/impl/modelAction/GradleModelFetchAction populateModels (Lorg/gradle/tooling/BuildController;Lcom/intellij/gradle/toolingExtension/impl/telemetry/GradleOpenTelemetry;Lorg/jetbrains/plugins/gradle/model/ProjectImportModelProvider$GradleModelConsumer;Ljava/util/Collection;Ljava/util/Collection;)V 56 <appendix> member <vmtarget> ; # com/intellij/gradle/toolingExtension/impl/modelAction/GradleModelFetchAction$$Lambda+0x000000010177df38
instanceKlass  @bci com/intellij/gradle/toolingExtension/impl/telemetry/GradleOpenTelemetry runWithSpan (Ljava/lang/String;Ljava/util/function/Consumer;)V 21 <appendix> member <vmtarget> ; # com/intellij/gradle/toolingExtension/impl/telemetry/GradleOpenTelemetry$$Lambda+0x000000010177da90
instanceKlass  @bci com/intellij/gradle/toolingExtension/impl/modelAction/GradleModelFetchAction lambda$executeAction$11 (Lcom/intellij/gradle/toolingExtension/impl/telemetry/GradleOpenTelemetry;Lorg/gradle/tooling/BuildController;Lorg/jetbrains/plugins/gradle/model/ProjectImportModelProvider$GradleModelConsumer;Ljava/util/Collection;Lcom/intellij/gradle/toolingExtension/impl/modelAction/GradleDaemonModelHolder;Lcom/intellij/gradle/toolingExtension/modelAction/GradleModelFetchPhase;)V 16 <appendix> member <vmtarget> ; # com/intellij/gradle/toolingExtension/impl/modelAction/GradleModelFetchAction$$Lambda+0x000000010177d840
instanceKlass  @cpi com/intellij/gradle/toolingExtension/impl/modelAction/GradleModelFetchAction 729 form vmentry <vmtarget> ; # java/lang/invoke/LambdaForm$DMH+0x0000000101780000
instanceKlass java/util/TreeMap$NavigableSubMap$SubMapIterator
instanceKlass  @bci org/jetbrains/plugins/gradle/model/DefaultGradleLightBuild convertGradleBuild (Lorg/gradle/tooling/model/gradle/GradleBuild;)Lorg/jetbrains/plugins/gradle/model/DefaultGradleLightBuild; 35 <appendix> argL0 ; # org/jetbrains/plugins/gradle/model/DefaultGradleLightBuild$$Lambda+0x000000010177d5e8
instanceKlass org/jetbrains/plugins/gradle/model/DefaultGradleLightProject
instanceKlass  @bci org/jetbrains/plugins/gradle/model/DefaultGradleLightBuild convertGradleBuild (Lorg/gradle/tooling/model/gradle/GradleBuild;)Lorg/jetbrains/plugins/gradle/model/DefaultGradleLightBuild; 30 <appendix> argL0 ; # org/jetbrains/plugins/gradle/model/DefaultGradleLightBuild$$Lambda+0x000000010177d118
instanceKlass  @bci com/intellij/gradle/toolingExtension/impl/modelAction/GradleModelFetchAction executeAction (Lorg/gradle/tooling/BuildController;Ljava/util/concurrent/ExecutorService;Lcom/intellij/gradle/toolingExtension/impl/telemetry/GradleOpenTelemetry;Lcom/intellij/gradle/toolingExtension/impl/modelAction/GradleDaemonModelHolder;)V 74 <appendix> member <vmtarget> ; # com/intellij/gradle/toolingExtension/impl/modelAction/GradleModelFetchAction$$Lambda+0x000000010177cec8
instanceKlass  @bci org/jetbrains/plugins/gradle/model/DefaultGradleLightBuild convertGradleBuild (Lorg/gradle/tooling/model/gradle/GradleBuild;)Lorg/jetbrains/plugins/gradle/model/DefaultGradleLightBuild; 20 <appendix> argL0 ; # org/jetbrains/plugins/gradle/model/DefaultGradleLightBuild$$Lambda+0x000000010177cc70
instanceKlass com/intellij/openapi/util/Pair
instanceKlass org/jetbrains/plugins/gradle/model/GradleLightProject
instanceKlass org/jetbrains/plugins/gradle/model/ProjectImportModelProvider$GradleModelConsumer$1
instanceKlass com/intellij/gradle/toolingExtension/impl/modelAction/GradleDaemonModelHolder$1
instanceKlass org/jetbrains/plugins/gradle/model/DefaultBuildController
instanceKlass  @bci com/intellij/gradle/toolingExtension/impl/modelAction/GradleDaemonModelHolder <init> (Ljava/util/concurrent/ExecutorService;Lcom/intellij/gradle/toolingExtension/impl/modelSerialization/ToolingSerializerConverter;Lorg/gradle/tooling/model/gradle/GradleBuild;Ljava/util/Collection;Lorg/gradle/tooling/model/build/BuildEnvironment;)V 147 <appendix> member <vmtarget> ; # com/intellij/gradle/toolingExtension/impl/modelAction/GradleDaemonModelHolder$$Lambda+0x000000010177bbc8
instanceKlass  @bci com/intellij/gradle/toolingExtension/impl/modelAction/GradleDaemonModelHolder <init> (Ljava/util/concurrent/ExecutorService;Lcom/intellij/gradle/toolingExtension/impl/modelSerialization/ToolingSerializerConverter;Lorg/gradle/tooling/model/gradle/GradleBuild;Ljava/util/Collection;Lorg/gradle/tooling/model/build/BuildEnvironment;)V 133 <appendix> member <vmtarget> ; # com/intellij/gradle/toolingExtension/impl/modelAction/GradleDaemonModelHolder$$Lambda+0x000000010177b988
instanceKlass  @bci io/opentelemetry/context/Context wrap (Ljava/util/concurrent/Callable;)Ljava/util/concurrent/Callable; 2 <appendix> member <vmtarget> ; # io/opentelemetry/context/Context$$Lambda+0x000000010177b748
instanceKlass io/opentelemetry/context/ForwardingExecutorService
instanceKlass  @bci com/intellij/gradle/toolingExtension/impl/modelAction/GradleDaemonModelHolder <init> (Ljava/util/concurrent/ExecutorService;Lcom/intellij/gradle/toolingExtension/impl/modelSerialization/ToolingSerializerConverter;Lorg/gradle/tooling/model/gradle/GradleBuild;Ljava/util/Collection;Lorg/gradle/tooling/model/build/BuildEnvironment;)V 118 <appendix> member <vmtarget> ; # com/intellij/gradle/toolingExtension/impl/modelAction/GradleDaemonModelHolder$$Lambda+0x000000010177aeb8
instanceKlass org/jetbrains/plugins/gradle/model/DefaultGradleLightBuild
instanceKlass org/jetbrains/plugins/gradle/model/GradleLightBuild
instanceKlass  @bci com/intellij/gradle/toolingExtension/impl/modelAction/GradleModelFetchAction initAction (Lorg/gradle/tooling/BuildController;Ljava/util/concurrent/ExecutorService;Lcom/intellij/gradle/toolingExtension/impl/telemetry/GradleOpenTelemetry;)Lcom/intellij/gradle/toolingExtension/impl/modelAction/GradleDaemonModelHolder; 108 <appendix> member <vmtarget> ; # com/intellij/gradle/toolingExtension/impl/modelAction/GradleModelFetchAction$$Lambda+0x000000010177a7c8
instanceKlass org/jetbrains/plugins/gradle/tooling/serialization/KotlinDslScriptsModelSerializationService
instanceKlass org/jetbrains/plugins/gradle/tooling/serialization/ProjectDependenciesSerializationService$ReadContext
instanceKlass org/jetbrains/plugins/gradle/tooling/serialization/ProjectDependenciesSerializationService$WriteContext
instanceKlass org/jetbrains/plugins/gradle/tooling/serialization/ProjectDependenciesSerializationService
instanceKlass org/jetbrains/plugins/gradle/tooling/serialization/AnnotationProcessingModelSerializationService$ReadContext
instanceKlass org/jetbrains/plugins/gradle/tooling/serialization/AnnotationProcessingModelSerializationService$WriteContext
instanceKlass org/jetbrains/plugins/gradle/tooling/serialization/AnnotationProcessingModelSerializationService
instanceKlass org/jetbrains/plugins/gradle/tooling/serialization/ExternalTestsSerializationService$ReadContext
instanceKlass org/jetbrains/plugins/gradle/tooling/serialization/ExternalTestsSerializationService$WriteContext
instanceKlass org/jetbrains/plugins/gradle/tooling/serialization/ExternalTestsSerializationService
instanceKlass org/jetbrains/plugins/gradle/tooling/serialization/GradleExtensionsSerializationService$ReadContext
instanceKlass org/jetbrains/plugins/gradle/tooling/serialization/GradleExtensionsSerializationService$WriteContext
instanceKlass org/jetbrains/plugins/gradle/model/GradleProperty
instanceKlass org/jetbrains/plugins/gradle/tooling/serialization/GradleExtensionsSerializationService
instanceKlass org/jetbrains/plugins/gradle/tooling/serialization/RepositoriesModelSerializationService$ReadContext
instanceKlass org/jetbrains/plugins/gradle/tooling/serialization/RepositoriesModelSerializationService$WriteContext
instanceKlass org/jetbrains/plugins/gradle/tooling/serialization/RepositoriesModelSerializationService
instanceKlass org/jetbrains/plugins/gradle/tooling/serialization/internal/IdeaProjectSerializationService$ReadContext
instanceKlass org/jetbrains/plugins/gradle/tooling/serialization/internal/IdeaProjectSerializationService$WriteContext$8
instanceKlass org/jetbrains/plugins/gradle/tooling/serialization/internal/IdeaProjectSerializationService$WriteContext$7
instanceKlass org/jetbrains/plugins/gradle/tooling/serialization/internal/IdeaProjectSerializationService$WriteContext$6
instanceKlass org/jetbrains/plugins/gradle/tooling/serialization/internal/IdeaProjectSerializationService$WriteContext$5
instanceKlass org/jetbrains/plugins/gradle/tooling/serialization/internal/IdeaProjectSerializationService$WriteContext$4
instanceKlass org/jetbrains/plugins/gradle/tooling/serialization/internal/IdeaProjectSerializationService$WriteContext$3
instanceKlass org/jetbrains/plugins/gradle/tooling/serialization/internal/IdeaProjectSerializationService$WriteContext$2
instanceKlass org/jetbrains/plugins/gradle/tooling/serialization/internal/IdeaProjectSerializationService$WriteContext$1
instanceKlass org/jetbrains/plugins/gradle/tooling/serialization/internal/IdeaProjectSerializationService$WriteContext
instanceKlass org/jetbrains/plugins/gradle/tooling/serialization/internal/adapter/Supplier
instanceKlass org/jetbrains/plugins/gradle/tooling/serialization/internal/IdeaProjectSerializationService
instanceKlass org/jetbrains/plugins/gradle/model/GradleSourceSetDependencyModel
instanceKlass com/intellij/gradle/toolingExtension/impl/model/sourceSetDependencyModel/GradleSourceSetDependencySerialisationService$SourceSetDependencyModelReadContext
instanceKlass com/intellij/gradle/toolingExtension/impl/model/sourceSetDependencyModel/GradleSourceSetDependencySerialisationService$SourceSetDependencyModelWriteContext
instanceKlass com/intellij/gradle/toolingExtension/impl/model/sourceSetDependencyModel/GradleSourceSetDependencySerialisationService$Companion
instanceKlass com/intellij/gradle/toolingExtension/impl/model/sourceSetDependencyModel/GradleSourceSetDependencySerialisationService
instanceKlass org/jetbrains/plugins/gradle/model/GradleSourceSetModel
instanceKlass com/intellij/gradle/toolingExtension/impl/model/sourceSetModel/GradleSourceSetSerialisationService$Companion
instanceKlass com/intellij/gradle/toolingExtension/impl/model/sourceSetModel/GradleSourceSetSerialisationService
instanceKlass com/intellij/gradle/toolingExtension/impl/model/dependencyModel/DependencyReadContext
instanceKlass com/intellij/gradle/toolingExtension/impl/model/sourceSetModel/GradleSourceSetSerialisationService$SourceSetModelReadContext
instanceKlass com/intellij/gradle/toolingExtension/impl/model/projectModel/GradleExternalProjectSerializationService$ReadContext
instanceKlass com/intellij/gradle/toolingExtension/impl/model/dependencyModel/DependencyWriteContext
instanceKlass com/intellij/gradle/toolingExtension/impl/model/sourceSetModel/GradleSourceSetSerialisationService$SourceSetModelWriteContext
instanceKlass com/intellij/gradle/toolingExtension/impl/model/projectModel/GradleExternalProjectSerializationService$WriteContext
instanceKlass org/jetbrains/plugins/gradle/model/ExternalProject
instanceKlass com/intellij/gradle/toolingExtension/impl/model/projectModel/GradleExternalProjectSerializationService
instanceKlass org/jetbrains/plugins/gradle/model/GradleTaskModel
instanceKlass com/intellij/gradle/toolingExtension/impl/model/taskModel/GradleTaskSerialisationService$Companion
instanceKlass com/intellij/gradle/toolingExtension/impl/model/taskModel/GradleTaskSerialisationService
instanceKlass org/jetbrains/plugins/gradle/tooling/util/IntObjectMap$1
instanceKlass com/intellij/util/containers/IntObjectHashMap
instanceKlass com/intellij/util/containers/IntObjectHashMap$ArrayProducer
instanceKlass org/jetbrains/plugins/gradle/tooling/util/IntObjectMap
instanceKlass com/intellij/gradle/toolingExtension/impl/model/buildScriptClasspathModel/GradleBuildScriptClasspathSerializationService$ReadContext
instanceKlass org/gradle/internal/impldep/gnu/trove/TObjectHash$NULL
instanceKlass org/gradle/internal/impldep/gnu/trove/TObjectIntProcedure
instanceKlass org/gradle/internal/impldep/gnu/trove/THash
instanceKlass org/gradle/internal/impldep/gnu/trove/TObjectCanonicalHashingStrategy
instanceKlass org/gradle/internal/impldep/gnu/trove/TObjectIdentityHashingStrategy
instanceKlass org/gradle/internal/impldep/gnu/trove/TObjectHashingStrategy
instanceKlass org/gradle/internal/impldep/gnu/trove/Equality
instanceKlass org/jetbrains/plugins/gradle/tooling/util/ObjectCollector
instanceKlass com/intellij/gradle/toolingExtension/impl/model/buildScriptClasspathModel/GradleBuildScriptClasspathSerializationService$WriteContext
instanceKlass org/jetbrains/plugins/gradle/model/ClasspathEntryModel
instanceKlass org/jetbrains/plugins/gradle/model/GradleBuildScriptClasspathModel
instanceKlass org/jetbrains/plugins/gradle/tooling/util/IntObjectMap$ObjectFactory
instanceKlass org/jetbrains/plugins/gradle/tooling/util/ObjectCollector$Processor
instanceKlass com/intellij/gradle/toolingExtension/impl/model/buildScriptClasspathModel/GradleBuildScriptClasspathSerializationService
instanceKlass org/gradle/tooling/model/kotlin/dsl/KotlinDslScriptsModel
instanceKlass org/jetbrains/plugins/gradle/tooling/serialization/KotlinDslScriptsModelSerializationService
instanceKlass org/jetbrains/plugins/gradle/tooling/serialization/ProjectDependenciesSerializationService$ReadContext
instanceKlass org/jetbrains/plugins/gradle/tooling/serialization/ProjectDependenciesSerializationService$WriteContext
instanceKlass org/jetbrains/plugins/gradle/tooling/serialization/ProjectDependenciesSerializationService
instanceKlass org/jetbrains/plugins/gradle/tooling/serialization/AnnotationProcessingModelSerializationService$ReadContext
instanceKlass org/jetbrains/plugins/gradle/tooling/serialization/AnnotationProcessingModelSerializationService$WriteContext
instanceKlass org/jetbrains/plugins/gradle/model/AnnotationProcessingConfig
instanceKlass org/jetbrains/plugins/gradle/tooling/serialization/AnnotationProcessingModelSerializationService
instanceKlass org/jetbrains/plugins/gradle/tooling/serialization/ExternalTestsSerializationService$ReadContext
instanceKlass org/jetbrains/plugins/gradle/tooling/serialization/ExternalTestsSerializationService$WriteContext
instanceKlass org/jetbrains/plugins/gradle/tooling/serialization/ExternalTestsSerializationService
instanceKlass org/jetbrains/plugins/gradle/tooling/serialization/GradleExtensionsSerializationService$ReadContext
instanceKlass org/jetbrains/plugins/gradle/tooling/serialization/GradleExtensionsSerializationService$WriteContext
instanceKlass org/jetbrains/plugins/gradle/model/GradleProperty
instanceKlass org/jetbrains/plugins/gradle/tooling/serialization/GradleExtensionsSerializationService
instanceKlass org/jetbrains/plugins/gradle/tooling/serialization/RepositoriesModelSerializationService$ReadContext
instanceKlass org/jetbrains/plugins/gradle/tooling/serialization/RepositoriesModelSerializationService$WriteContext
instanceKlass org/jetbrains/plugins/gradle/tooling/serialization/RepositoriesModelSerializationService
instanceKlass org/jetbrains/plugins/gradle/tooling/serialization/internal/IdeaProjectSerializationService$ReadContext
instanceKlass org/jetbrains/plugins/gradle/tooling/serialization/internal/IdeaProjectSerializationService$WriteContext$8
instanceKlass org/jetbrains/plugins/gradle/tooling/serialization/internal/IdeaProjectSerializationService$WriteContext$7
instanceKlass org/jetbrains/plugins/gradle/tooling/serialization/internal/IdeaProjectSerializationService$WriteContext$6
instanceKlass org/jetbrains/plugins/gradle/tooling/serialization/internal/IdeaProjectSerializationService$WriteContext$5
instanceKlass org/jetbrains/plugins/gradle/tooling/serialization/internal/IdeaProjectSerializationService$WriteContext$4
instanceKlass org/jetbrains/plugins/gradle/tooling/serialization/internal/IdeaProjectSerializationService$WriteContext$3
instanceKlass org/jetbrains/plugins/gradle/tooling/serialization/internal/IdeaProjectSerializationService$WriteContext$2
instanceKlass org/jetbrains/plugins/gradle/tooling/serialization/internal/IdeaProjectSerializationService$WriteContext$1
instanceKlass org/gradle/tooling/internal/adapter/CollectionMapper
instanceKlass org/gradle/tooling/internal/adapter/TypeInspector
instanceKlass org/gradle/tooling/internal/adapter/ProtocolToModelAdapter$MethodInvocationCache
instanceKlass org/gradle/tooling/internal/adapter/ProtocolToModelAdapter$ReflectionMethodInvoker
instanceKlass org/gradle/tooling/internal/adapter/MethodInvoker
instanceKlass org/gradle/tooling/internal/adapter/ProtocolToModelAdapter$1
instanceKlass org/gradle/tooling/internal/adapter/ProtocolToModelAdapter$NoOpDecoration
instanceKlass org/gradle/tooling/internal/adapter/ViewBuilder
instanceKlass org/gradle/tooling/internal/adapter/TargetTypeProvider
instanceKlass org/gradle/tooling/internal/adapter/ProtocolToModelAdapter$ViewDecoration
instanceKlass org/gradle/tooling/internal/adapter/ProtocolToModelAdapter
instanceKlass org/gradle/tooling/internal/adapter/ObjectGraphAdapter
instanceKlass org/jetbrains/plugins/gradle/tooling/serialization/internal/IdeaProjectSerializationService$WriteContext
instanceKlass org/gradle/tooling/model/idea/IdeaModuleDependency
instanceKlass org/gradle/tooling/model/idea/IdeaDependency
instanceKlass org/gradle/tooling/model/Dependency
instanceKlass org/gradle/tooling/model/DomainObjectSet
instanceKlass org/jetbrains/plugins/gradle/tooling/serialization/internal/adapter/Supplier
instanceKlass org/gradle/tooling/model/idea/IdeaProject
instanceKlass org/gradle/tooling/model/HierarchicalElement
instanceKlass org/gradle/tooling/model/Element
instanceKlass org/jetbrains/plugins/gradle/tooling/serialization/internal/IdeaProjectSerializationService
instanceKlass com/intellij/gradle/toolingExtension/impl/model/sourceSetDependencyModel/GradleSourceSetDependencySerialisationService$SourceSetDependencyModelReadContext
instanceKlass com/intellij/gradle/toolingExtension/impl/model/sourceSetDependencyModel/GradleSourceSetDependencySerialisationService$SourceSetDependencyModelWriteContext
instanceKlass com/intellij/gradle/toolingExtension/impl/model/sourceSetDependencyModel/GradleSourceSetDependencySerialisationService$Companion
instanceKlass com/intellij/gradle/toolingExtension/impl/model/sourceSetDependencyModel/GradleSourceSetDependencySerialisationService
instanceKlass com/intellij/gradle/toolingExtension/impl/model/sourceSetModel/DefaultGradleSourceSetModel
instanceKlass com/intellij/gradle/toolingExtension/impl/model/sourceSetModel/GradleSourceSetSerialisationService$Companion
instanceKlass com/intellij/gradle/toolingExtension/impl/model/sourceSetModel/GradleSourceSetSerialisationService
instanceKlass com/intellij/gradle/toolingExtension/impl/model/dependencyModel/DependencyReadContext
instanceKlass com/intellij/gradle/toolingExtension/impl/model/sourceSetModel/GradleSourceSetSerialisationService$SourceSetModelReadContext
instanceKlass com/intellij/gradle/toolingExtension/impl/model/projectModel/GradleExternalProjectSerializationService$ReadContext
instanceKlass com/intellij/gradle/toolingExtension/impl/model/dependencyModel/DependencyWriteContext
instanceKlass com/intellij/gradle/toolingExtension/impl/model/sourceSetModel/GradleSourceSetSerialisationService$SourceSetModelWriteContext
instanceKlass com/intellij/gradle/toolingExtension/impl/model/projectModel/GradleExternalProjectSerializationService$WriteContext
instanceKlass com/intellij/gradle/toolingExtension/impl/model/projectModel/GradleExternalProjectSerializationService
instanceKlass com/intellij/gradle/toolingExtension/impl/model/taskModel/DefaultGradleTaskModel
instanceKlass com/amazon/ion/IonReader
instanceKlass com/amazon/ion/IonWriter
instanceKlass com/amazon/ion/facet/Faceted
instanceKlass com/intellij/gradle/toolingExtension/impl/model/taskModel/GradleTaskSerialisationService$Companion
instanceKlass com/intellij/gradle/toolingExtension/impl/model/taskModel/GradleTaskSerialisationService
instanceKlass com/intellij/gradle/toolingExtension/impl/modelSerialization/ToolingSerializer$1
instanceKlass org/jetbrains/plugins/gradle/tooling/util/IntObjectMap$1
instanceKlass com/intellij/util/containers/IntObjectHashMap
instanceKlass com/intellij/util/containers/IntObjectHashMap$ArrayProducer
instanceKlass org/jetbrains/plugins/gradle/tooling/util/IntObjectMap
instanceKlass com/intellij/gradle/toolingExtension/impl/model/buildScriptClasspathModel/GradleBuildScriptClasspathSerializationService$ReadContext
instanceKlass org/gradle/internal/impldep/gnu/trove/TObjectHash$NULL
instanceKlass org/gradle/internal/impldep/gnu/trove/TObjectIntProcedure
instanceKlass org/gradle/internal/impldep/gnu/trove/THash
instanceKlass org/gradle/internal/impldep/gnu/trove/TObjectCanonicalHashingStrategy
instanceKlass org/gradle/internal/impldep/gnu/trove/TObjectIdentityHashingStrategy
instanceKlass org/gradle/internal/impldep/gnu/trove/TObjectHashingStrategy
instanceKlass org/gradle/internal/impldep/gnu/trove/Equality
instanceKlass org/jetbrains/plugins/gradle/tooling/util/ObjectCollector
instanceKlass com/intellij/gradle/toolingExtension/impl/model/buildScriptClasspathModel/GradleBuildScriptClasspathSerializationService$WriteContext
instanceKlass org/jetbrains/plugins/gradle/tooling/util/IntObjectMap$ObjectFactory
instanceKlass org/jetbrains/plugins/gradle/tooling/util/ObjectCollector$Processor
instanceKlass com/intellij/gradle/toolingExtension/impl/model/buildScriptClasspathModel/GradleBuildScriptClasspathSerializationService
instanceKlass org/jetbrains/plugins/gradle/tooling/serialization/SerializationService
instanceKlass org/jetbrains/plugins/gradle/tooling/util/ClassMap
instanceKlass com/intellij/gradle/toolingExtension/impl/modelSerialization/DefaultSerializationService
instanceKlass org/jetbrains/plugins/gradle/tooling/serialization/SerializationService
instanceKlass com/intellij/gradle/toolingExtension/impl/modelSerialization/ToolingSerializer
instanceKlass com/intellij/gradle/toolingExtension/impl/model/utilDummyModel/DefaultDummyModel
instanceKlass org/jetbrains/plugins/gradle/tooling/MessageReportBuilder
instanceKlass com/intellij/gradle/toolingExtension/impl/modelBuilder/DefaultMessageReporter
instanceKlass org/jetbrains/plugins/gradle/tooling/MessageReporter
instanceKlass  @bci com/intellij/gradle/toolingExtension/impl/modelBuilder/ExtraModelBuilder buildAll (Ljava/lang/String;Lorg/jetbrains/plugins/gradle/tooling/ModelBuilderService$Parameter;Lorg/gradle/api/Project;)Ljava/lang/Object; 21 <appendix> member <vmtarget> ; # com/intellij/gradle/toolingExtension/impl/modelBuilder/ExtraModelBuilder$$Lambda+0x000000010097bcb8
instanceKlass  @bci org/gradle/tooling/provider/model/internal/DefaultToolingModelBuilderRegistry$UserCodeAssigningBuilder build (Ljava/lang/Object;)Ljava/lang/Object; 6 <appendix> member <vmtarget> ; # org/gradle/tooling/provider/model/internal/DefaultToolingModelBuilderRegistry$UserCodeAssigningBuilder$$Lambda+0x000000010175bc40
instanceKlass org/gradle/tooling/provider/model/internal/DefaultToolingModelBuilderRegistry$BuilderWithParameter
instanceKlass  @bci com/intellij/gradle/toolingExtension/impl/modelSerialization/ToolingSerializerConverter <init> (Lorg/gradle/tooling/BuildController;Lcom/intellij/gradle/toolingExtension/impl/telemetry/GradleOpenTelemetry;)V 32 <appendix> member <vmtarget> ; # com/intellij/gradle/toolingExtension/impl/modelSerialization/ToolingSerializerConverter$$Lambda+0x00000001009773e8
instanceKlass com/intellij/gradle/toolingExtension/impl/model/utilDummyModel/DummyModel
instanceKlass  @bci com/intellij/gradle/toolingExtension/impl/modelAction/GradleModelFetchAction initAction (Lorg/gradle/tooling/BuildController;Ljava/util/concurrent/ExecutorService;Lcom/intellij/gradle/toolingExtension/impl/telemetry/GradleOpenTelemetry;)Lcom/intellij/gradle/toolingExtension/impl/modelAction/GradleDaemonModelHolder; 84 <appendix> member <vmtarget> ; # com/intellij/gradle/toolingExtension/impl/modelAction/GradleModelFetchAction$$Lambda+0x0000000100976cf8
instanceKlass com/intellij/gradle/toolingExtension/util/GradleVersionUtil
instanceKlass org/gradle/api/Action
instanceKlass org/gradle/internal/IoActions
instanceKlass org/gradle/internal/Cast
instanceKlass org/gradle/tooling/internal/build/DefaultBuildEnvironment$1
instanceKlass org/gradle/internal/impldep/com/google/common/base/Preconditions
instanceKlass org/gradle/internal/impldep/com/google/common/base/Optional
instanceKlass org/gradle/tooling/internal/adapter/ProtocolToModelAdapter$MethodInvocationCache$MethodInvocationKey
instanceKlass org/gradle/tooling/internal/adapter/MethodInvocation
instanceKlass  @bci com/intellij/gradle/toolingExtension/impl/modelAction/GradleModelFetchAction initAction (Lorg/gradle/tooling/BuildController;Ljava/util/concurrent/ExecutorService;Lcom/intellij/gradle/toolingExtension/impl/telemetry/GradleOpenTelemetry;)Lcom/intellij/gradle/toolingExtension/impl/modelAction/GradleDaemonModelHolder; 66 <appendix> member <vmtarget> ; # com/intellij/gradle/toolingExtension/impl/modelAction/GradleModelFetchAction$$Lambda+0x0000000100974820
instanceKlass org/gradle/tooling/model/build/GradleEnvironment
instanceKlass org/gradle/tooling/model/build/JavaEnvironment
instanceKlass org/gradle/tooling/model/build/GradleEnvironment
instanceKlass org/gradle/tooling/model/build/JavaEnvironment
instanceKlass org/gradle/tooling/internal/build/DefaultBuildEnvironment
instanceKlass org/gradle/tooling/internal/protocol/InternalBuildEnvironment
instanceKlass org/gradle/internal/instrumentation/agent/AgentUtils
instanceKlass  @bci org/gradle/process/internal/CurrentProcess inferJvmOptions (Lorg/gradle/api/internal/file/FileCollectionFactory;Ljava/util/List;)Lorg/gradle/process/internal/JvmOptions; 16 <appendix> argL0 ; # org/gradle/process/internal/CurrentProcess$$Lambda+0x000000010175a7f8
instanceKlass org/gradle/process/internal/DefaultJavaDebugOptions
instanceKlass org/gradle/process/internal/JvmOptions
instanceKlass org/gradle/process/internal/CurrentProcess
instanceKlass  @bci org/gradle/tooling/provider/model/internal/DefaultToolingModelBuilderRegistry$LockSingleProjectBuilder build (Ljava/lang/Object;)Ljava/lang/Object; 6 <appendix> member <vmtarget> ; # org/gradle/tooling/provider/model/internal/DefaultToolingModelBuilderRegistry$LockSingleProjectBuilder$$Lambda+0x0000000101754cb0
instanceKlass org/gradle/tooling/provider/model/internal/DefaultToolingModelBuilderRegistry$BuilderWithNoParameter
instanceKlass com/android/ide/gradle/model/artifacts/AdditionalClassifierArtifactsModel
instanceKlass com/android/ide/gradle/model/GradlePropertiesModel
instanceKlass com/android/ide/gradle/model/LegacyV1AgpVersionModel
instanceKlass com/android/ide/gradle/model/composites/BuildMap
instanceKlass com/android/ide/gradle/model/GradlePluginModel
instanceKlass org/jetbrains/kotlin/com/intellij/util/containers/LinkedCustomHashMap$LinkedHashIterator
instanceKlass  @bci jdk/internal/reflect/MethodHandleObjectFieldAccessorImpl set (Ljava/lang/Object;Ljava/lang/Object;)V 29 <adapter> ; # java/lang/invoke/LambdaForm$MH+0x0000000101754400
instanceKlass org/jetbrains/kotlin/kotlinx/collections/immutable/implementations/immutableMap/TrieNodeBaseIterator
instanceKlass org/jetbrains/kotlin/kotlinx/collections/immutable/implementations/immutableMap/PersistentHashMapBaseIterator
instanceKlass org/gradle/initialization/ProjectsEvaluatedNotifier$NotifyProjectsEvaluatedListeners$1
instanceKlass org/gradle/initialization/NotifyProjectsEvaluatedBuildOperationType$Details
instanceKlass org/gradle/initialization/ProjectsEvaluatedNotifier$NotifyProjectsEvaluatedListeners
instanceKlass org/gradle/initialization/ProjectsEvaluatedNotifier$1
instanceKlass org/gradle/initialization/NotifyProjectsEvaluatedBuildOperationType$Result
instanceKlass org/gradle/initialization/ProjectsEvaluatedNotifier
instanceKlass org/jetbrains/kotlin/gradle/plugin/diagnostics/RenderReportedDiagnosticsKt
instanceKlass org/jetbrains/kotlin/gradle/plugin/KotlinPluginLifecycle$ProjectConfigurationResult
instanceKlass org/gradle/api/internal/provider/OrElseValueProducer
instanceKlass  @bci org/gradle/api/internal/component/DefaultSoftwareComponentContainer_Decorated $gradleInit ()V 1 <appendix> member <vmtarget> ; # org/gradle/api/internal/component/DefaultSoftwareComponentContainer_Decorated$$Lambda+0x0000000101733bf8
# instanceKlass java/lang/invoke/LambdaForm$MH+0x0000000101754000
# instanceKlass java/lang/invoke/LambdaForm$MH+0x0000000101749c00
instanceKlass org/gradle/api/internal/component/SoftwareComponentContainerInternal
instanceKlass org/jetbrains/kotlin/gradle/internal/Kapt3KotlinGradleSubpluginKt
instanceKlass  @bci org/gradle/api/internal/collections/AbstractIterationOrderRetainingElementSource cachingElement (Lorg/gradle/api/internal/provider/CollectionProviderInternal;)Lorg/gradle/api/internal/collections/AbstractIterationOrderRetainingElementSource$Element; 19 <appendix> member <vmtarget> ; # org/gradle/api/internal/collections/AbstractIterationOrderRetainingElementSource$$Lambda+0x0000000101733450
instanceKlass org/jetbrains/kotlin/gradle/utils/ProviderApiUtilsKt$sam$i$java_util_concurrent_Callable$0
instanceKlass org/jetbrains/kotlin/gradle/plugin/mpp/compilationImpl/KotlinCompilationAssociatorKt$addAllDependenciesFromOtherConfigurations$1
instanceKlass org/jetbrains/kotlin/gradle/plugin/mpp/compilationImpl/KotlinCompilationAssociatorKt
instanceKlass org/jetbrains/kotlin/gradle/plugin/SubpluginEnvironment$Companion
instanceKlass org/jetbrains/kotlin/gradle/plugin/SubpluginEnvironment
instanceKlass org/jetbrains/kotlin/gradle/plugin/AndroidProjectHandler$wireKotlinTasks$4
instanceKlass org/jetbrains/kotlin/gradle/plugin/AndroidProjectHandler$wireKotlinTasks$3
instanceKlass org/jetbrains/kotlin/gradle/plugin/AndroidTestedVariantArtifactsFilter
instanceKlass com/android/build/gradle/internal/dependency/ArtifactCollectionWithExtraArtifact
instanceKlass com/android/build/gradle/internal/variant/BaseVariantData$sam$org_gradle_api_specs_Spec$0
instanceKlass com/android/build/api/component/impl/ComponentUtils
instanceKlass org/jetbrains/kotlin/gradle/tasks/configuration/KaptGenerateStubsConfig$Companion
instanceKlass org/jetbrains/kotlin/gradle/plugin/AndroidProjectHandler$wireKotlinTasks$1
instanceKlass org/jetbrains/kotlin/gradle/plugin/AndroidProjectHandler$wireKotlinTasks$preJavaKotlinOutput$1
instanceKlass org/jetbrains/kotlin/gradle/plugin/AndroidProjectHandler$postprocessVariant$2$1
instanceKlass com/android/build/api/variant/impl/FlatSourceDirectoriesImpl$sam$org_gradle_api_Transformer$0
instanceKlass org/jetbrains/kotlin/gradle/plugin/mpp/pm20/util/TargetsKt
instanceKlass org/jetbrains/kotlin/gradle/plugin/KotlinPluginLifecycleImpl$executeCurrentStageAndScheduleNext$3
instanceKlass org/jetbrains/kotlin/gradle/plugin/mpp/pm20/util/ConfigurationUtilsKt
instanceKlass org/jetbrains/kotlin/gradle/plugin/mpp/ApplyUserDefinedAttributesKt$applyUserDefinedAttributes$1$3
instanceKlass com/android/build/gradle/api/LibraryVariant
instanceKlass org/gradle/configuration/internal/ExecuteListenerBuildOperationType$1
instanceKlass org/gradle/configuration/internal/ExecuteListenerBuildOperationType$Result
instanceKlass org/gradle/configuration/internal/ExecuteListenerBuildOperationType
instanceKlass com/android/build/api/variant/impl/ArtifactMetadataProcessor$sam$org_gradle_api_Action$0
instanceKlass com/android/build/api/variant/impl/ArtifactMetadataProcessor$Companion
instanceKlass com/android/build/api/variant/impl/ArtifactMetadataProcessor
instanceKlass  @bci org/gradle/api/internal/artifacts/publish/DecoratingPublishArtifact_Decorated $gradleInit ()V 1 <appendix> member <vmtarget> ; # org/gradle/api/internal/artifacts/publish/DecoratingPublishArtifact_Decorated$$Lambda+0x0000000101731410
instanceKlass  @bci org/gradle/api/internal/artifacts/dsl/LazyPublishArtifact getBuildDependencies ()Lorg/gradle/api/tasks/TaskDependency; 5 <appendix> member <vmtarget> ; # org/gradle/api/internal/artifacts/dsl/LazyPublishArtifact$$Lambda+0x0000000101744da8
instanceKlass org/gradle/api/internal/artifacts/dsl/LazyPublishArtifact
instanceKlass org/gradle/api/internal/artifacts/publish/AbstractPublishArtifact
instanceKlass org/gradle/api/internal/artifacts/PublishArtifactInternal
instanceKlass  @bci org/gradle/api/internal/artifacts/configurations/DefaultVariant_Decorated $gradleInit ()V 1 <appendix> member <vmtarget> ; # org/gradle/api/internal/artifacts/configurations/DefaultVariant_Decorated$$Lambda+0x0000000101744890
# instanceKlass java/lang/invoke/LambdaForm$MH+0x0000000101749800
# instanceKlass java/lang/invoke/LambdaForm$MH+0x0000000101749400
# instanceKlass java/lang/invoke/LambdaForm$MH+0x0000000101749000
# instanceKlass java/lang/invoke/LambdaForm$MH+0x0000000101748c00
# instanceKlass java/lang/invoke/LambdaForm$MH+0x0000000101748800
# instanceKlass java/lang/invoke/LambdaForm$MH+0x0000000101748400
# instanceKlass java/lang/invoke/LambdaForm$MH+0x0000000101748000
instanceKlass org/gradle/api/internal/artifacts/configurations/DefaultVariant
instanceKlass org/gradle/api/internal/artifacts/ConfigurationVariantInternal
instanceKlass com/android/build/gradle/internal/dependency/AndroidAttributes$toAttributeMapString$$inlined$sortedBy$2
instanceKlass com/android/build/gradle/internal/dependency/AndroidAttributes$toAttributeMapString$$inlined$sortedBy$1
instanceKlass com/android/build/gradle/internal/scope/ArtifactPublishingUtil$sam$org_gradle_api_Action$0
instanceKlass com/android/build/gradle/internal/scope/BuildArtifactSpec$Companion
instanceKlass com/android/build/gradle/internal/scope/BuildArtifactSpec
instanceKlass com/android/build/gradle/internal/publishing/VariantPublishingSpecImpl
instanceKlass com/android/build/gradle/internal/publishing/PublishingSpecs$VariantSpec
instanceKlass com/android/build/gradle/internal/publishing/PublishingSpecsKt
instanceKlass com/android/build/gradle/internal/publishing/OutputSpecImpl
instanceKlass com/android/build/gradle/internal/publishing/PublishingSpecs$OutputSpec
instanceKlass com/android/build/gradle/internal/publishing/VariantSpecBuilderImpl
instanceKlass com/android/build/gradle/internal/publishing/PublishingSpecs$VariantSpecBuilder
instanceKlass com/android/build/gradle/internal/publishing/PublishingSpecs$Companion
instanceKlass com/android/build/gradle/internal/publishing/PublishingSpecs
instanceKlass com/android/build/gradle/internal/scope/ArtifactPublishingUtil
instanceKlass  @bci org/apache/commons/io/IOUtils <clinit> ()V 53 <appendix> argL0 ; # org/apache/commons/io/IOUtils$$Lambda+0x00000001017369c0
instanceKlass  @bci org/apache/commons/io/IOUtils <clinit> ()V 36 <appendix> argL0 ; # org/apache/commons/io/IOUtils$$Lambda+0x0000000101736788
instanceKlass org/apache/commons/io/IOUtils
instanceKlass android/databinding/tool/util/Preconditions
instanceKlass android/databinding/tool/DataBindingBuilder$Versions
instanceKlass org/jetbrains/kotlin/gradle/tooling/IncludeKotlinToolingMetadataInApkKt$includeKotlinToolingMetadataInApk$1$1$1
instanceKlass  @bci com/android/build/gradle/internal/api/UnitTestVariantImpl_Decorated $gradleInit ()V 1 <appendix> member <vmtarget> ; # com/android/build/gradle/internal/api/UnitTestVariantImpl_Decorated$$Lambda+0x000000010172d418
# instanceKlass java/lang/invoke/LambdaForm$MH+0x0000000101734c00
# instanceKlass java/lang/invoke/LambdaForm$MH+0x0000000101734800
# instanceKlass java/lang/invoke/LambdaForm$MH+0x0000000101734400
# instanceKlass java/lang/invoke/LambdaForm$MH+0x0000000101734000
instanceKlass org/jetbrains/kotlin/gradle/plugin/mpp/KotlinCompilationsKt$moduleNameForCompilation$1
instanceKlass org/jetbrains/kotlin/gradle/plugin/mpp/InternalKotlinTargetKt
instanceKlass org/jetbrains/kotlin/gradle/internal/KotlinTestDependencyManagementKt$maybeAddTestDependencyCapability$1
instanceKlass org/jetbrains/kotlin/gradle/internal/StdlibDependencyManagementKt$addStdlibDependency$1$1$1
instanceKlass org/jetbrains/kotlin/gradle/plugin/sources/KotlinDependencyScopeKt$WhenMappings
instanceKlass org/jetbrains/kotlin/gradle/plugin/sources/KotlinDependencyScopeKt
instanceKlass org/jetbrains/kotlin/gradle/plugin/sources/KotlinDependencyScope$Companion
instanceKlass org/jetbrains/kotlin/gradle/plugin/mpp/InternalKotlinCompilationKt
instanceKlass org/jetbrains/kotlin/gradle/plugin/AndroidProjectHandler$preprocessVariant$2
instanceKlass org/jetbrains/kotlin/gradle/tasks/configuration/BaseKotlinCompileConfig$2$1
instanceKlass org/jetbrains/kotlin/gradle/tasks/configuration/BaseKotlinCompileConfig$1$3
instanceKlass org/jetbrains/kotlin/gradle/tasks/configuration/BaseKotlinCompileConfig$1$1
instanceKlass org/jetbrains/kotlin/gradle/tasks/configuration/BaseKotlinCompileConfig$1$classpathConfiguration$1
instanceKlass org/jetbrains/kotlin/gradle/tasks/configuration/BaseKotlinCompileConfig$registerOldTransformations$2
instanceKlass org/jetbrains/kotlin/build/report/metrics/BuildMetricsReporter
instanceKlass  @bci org/jetbrains/kotlin/gradle/internal/transforms/ClasspathEntrySnapshotTransform$Parameters_Decorated $gradleInit ()V 1 <appendix> member <vmtarget> ; # org/jetbrains/kotlin/gradle/internal/transforms/ClasspathEntrySnapshotTransform$Parameters_Decorated$$Lambda+0x0000000101728880
instanceKlass org/jetbrains/kotlin/gradle/internal/transforms/ClasspathEntrySnapshotTransform$Parameters
instanceKlass org/jetbrains/kotlin/gradle/tasks/configuration/BaseKotlinCompileConfig$registerOldTransformations$1
instanceKlass org/jetbrains/kotlin/gradle/internal/transforms/ClasspathEntrySnapshotTransform
instanceKlass org/jetbrains/kotlin/gradle/tasks/configuration/BaseKotlinCompileConfig$1$classpathConfiguration$jvmToolchain$1
instanceKlass org/jetbrains/kotlin/statistics/metrics/ConcatMetricContainer$Companion
instanceKlass org/jetbrains/kotlin/statistics/metrics/ConcatMetricContainer
instanceKlass org/jetbrains/kotlin/cli/common/CompilerSystemProperties$Companion
instanceKlass org/jetbrains/kotlin/gradle/tasks/configuration/TaskConfigAction$sam$org_gradle_api_Action$0
instanceKlass org/jetbrains/kotlin/gradle/plugin/KotlinCompilationWithResources
instanceKlass org/jetbrains/kotlin/gradle/plugin/internal/BuildIdService$Companion$registerIfAbsent$1$1
instanceKlass org/jetbrains/kotlin/gradle/plugin/internal/BuildIdService$Companion
instanceKlass org/jetbrains/kotlin/gradle/plugin/internal/BuildIdService
instanceKlass org/jetbrains/kotlin/gradle/internal/ClassLoadersCachingBuildService$Companion$registerIfAbsent$1$1$1
instanceKlass org/jetbrains/kotlin/gradle/internal/ClassLoadersCachingBuildService$Companion
instanceKlass org/jetbrains/kotlin/gradle/internal/ClassLoadersCachingBuildService
instanceKlass org/jetbrains/kotlin/gradle/plugin/BuildFinishedListenerService$Companion$registerIfAbsent$2$1$1
instanceKlass org/jetbrains/kotlin/gradle/plugin/BuildFinishedListenerService$Companion$registerIfAbsent$1
instanceKlass org/jetbrains/kotlin/gradle/plugin/BuildFinishedListenerService$Companion
instanceKlass org/jetbrains/kotlin/gradle/plugin/BuildFinishedListenerService
instanceKlass org/jetbrains/kotlin/compilerRunner/CompilerSystemPropertiesService$Companion$registerIfAbsent$2$1$1
instanceKlass  @bci org/jetbrains/kotlin/compilerRunner/CompilerSystemPropertiesService$Parameters_Decorated $gradleInit ()V 1 <appendix> member <vmtarget> ; # org/jetbrains/kotlin/compilerRunner/CompilerSystemPropertiesService$Parameters_Decorated$$Lambda+0x0000000101722dc0
instanceKlass org/jetbrains/kotlin/compilerRunner/CompilerSystemPropertiesService$Parameters_Decorated
instanceKlass org/jetbrains/kotlin/compilerRunner/CompilerSystemPropertiesService$Parameters
instanceKlass org/jetbrains/kotlin/compilerRunner/CompilerSystemPropertiesService$Companion$registerIfAbsent$1
instanceKlass org/jetbrains/kotlin/compilerRunner/CompilerSystemPropertiesService$Companion
instanceKlass org/jetbrains/kotlin/compilerRunner/CompilerSystemPropertiesService
instanceKlass org/jetbrains/kotlin/gradle/plugin/KotlinCompilationInfo
instanceKlass org/jetbrains/kotlin/gradle/plugin/KotlinCompilationInfoKt
instanceKlass org/jetbrains/kotlin/gradle/tasks/configuration/BaseKotlinCompileConfig$Companion
instanceKlass org/jetbrains/kotlin/gradle/tasks/configuration/TaskConfigAction
instanceKlass org/jetbrains/kotlin/gradle/ExternalKotlinTargetApi
instanceKlass org/jetbrains/kotlin/gradle/plugin/hierarchy/KotlinSourceSetTreeClassifierKt
instanceKlass org/jetbrains/kotlin/gradle/plugin/hierarchy/KotlinSourceSetTreeClassifier$Property
instanceKlass org/jetbrains/kotlin/gradle/plugin/hierarchy/KotlinSourceSetTreeClassifier
instanceKlass org/jetbrains/kotlin/gradle/plugin/mpp/KotlinJvmAndroidCompilationFactory$WhenMappings
instanceKlass  @bci org/jetbrains/kotlin/gradle/plugin/mpp/KotlinJvmAndroidCompilation_Decorated $gradleInit ()V 1 <appendix> member <vmtarget> ; # org/jetbrains/kotlin/gradle/plugin/mpp/KotlinJvmAndroidCompilation_Decorated$$Lambda+0x000000010171f700
instanceKlass org/jetbrains/kotlin/gradle/plugin/KotlinCompilation$Companion
instanceKlass org/jetbrains/kotlin/gradle/dsl/KotlinJvmCompile
instanceKlass org/jetbrains/kotlin/gradle/tasks/KotlinJvmCompile
instanceKlass org/jetbrains/kotlin/gradle/tasks/KotlinCompilationTask
instanceKlass org/jetbrains/kotlin/gradle/tasks/K2MultiplatformCompilationTask
instanceKlass org/jetbrains/kotlin/gradle/dsl/KotlinCompile
instanceKlass org/jetbrains/kotlin/gradle/plugin/mpp/compilationImpl/factory/KotlinCompilationImplFactory$create$1
instanceKlass org/jetbrains/kotlin/gradle/plugin/KotlinCompilation$DefaultImpls
instanceKlass org/jetbrains/kotlin/gradle/plugin/mpp/InternalKotlinCompilation$DefaultImpls
instanceKlass org/jetbrains/kotlin/gradle/plugin/mpp/compilationImpl/KotlinCompilationK2MultiplatformConfigurator$configure$1
instanceKlass org/jetbrains/kotlin/gradle/plugin/mpp/KotlinCompilationsKt$addSourcesToKotlinCompileTask$1
instanceKlass org/jetbrains/kotlin/gradle/tasks/BaseKotlinCompile
instanceKlass org/jetbrains/kotlin/gradle/plugin/internal/UsesBuildIdProviderService
instanceKlass org/jetbrains/kotlin/gradle/internal/UsesClassLoadersCachingBuildService
instanceKlass org/jetbrains/kotlin/gradle/plugin/UsesBuildFinishedListenerService
instanceKlass org/jetbrains/kotlin/compilerRunner/UsesCompilerSystemPropertiesService
instanceKlass org/jetbrains/kotlin/gradle/incremental/UsesIncrementalModuleInfoBuildService
instanceKlass org/jetbrains/kotlin/gradle/report/UsesBuildMetricsService
instanceKlass org/jetbrains/kotlin/gradle/tasks/CompileUsingKotlinDaemonWithNormalization
instanceKlass org/jetbrains/kotlin/gradle/tasks/CompileUsingKotlinDaemon
instanceKlass org/jetbrains/kotlin/gradle/plugin/sources/DefaultKotlinSourceSet$special$$inlined$Iterable$1
instanceKlass org/jetbrains/kotlin/tooling/core/Extras$Entry$Companion
instanceKlass org/jetbrains/kotlin/tooling/core/Extras$Entry
instanceKlass org/jetbrains/kotlin/gradle/plugin/mpp/DefaultKotlinCompilationOutput$allOutputs$1$1
instanceKlass org/jetbrains/kotlin/gradle/plugin/mpp/compilationImpl/factory/DefaultKotlinCompilationOutputFactory$create$1
instanceKlass org/jetbrains/kotlin/gradle/plugin/mpp/DefaultKotlinCompilationOutput
instanceKlass org/jetbrains/kotlin/gradle/plugin/KotlinCompilationOutput
instanceKlass org/jetbrains/kotlin/gradle/plugin/mpp/compilationImpl/KotlinCompilationTaskNamesContainer
instanceKlass org/jetbrains/kotlin/gradle/plugin/mpp/compilationImpl/DefaultKotlinCompilationConfigurationsContainer
instanceKlass org/jetbrains/kotlin/gradle/plugin/mpp/compilationImpl/KotlinCompilationConfigurationsContainer
instanceKlass org/jetbrains/kotlin/gradle/targets/js/dsl/KotlinWasmSubTargetContainerDsl
instanceKlass org/jetbrains/kotlin/gradle/targets/js/dsl/KotlinWasmWasiTargetDsl
instanceKlass org/jetbrains/kotlin/gradle/targets/js/dsl/KotlinWasmJsTargetDsl
instanceKlass org/jetbrains/kotlin/gradle/targets/js/dsl/KotlinWasmTargetDsl
instanceKlass kotlin/text/MatchGroup
instanceKlass org/jetbrains/kotlin/gradle/utils/ParsedGradleVersion$Companion
instanceKlass org/jetbrains/kotlin/gradle/utils/ParsedGradleVersion
instanceKlass org/jetbrains/kotlin/gradle/utils/ParsedGradleVersionKt
instanceKlass org/jetbrains/kotlin/gradle/plugin/KotlinTargetConfiguratorKt$WhenMappings
instanceKlass org/jetbrains/kotlin/gradle/plugin/ProjectLocalConfigurationsKt
instanceKlass org/jetbrains/kotlin/gradle/plugin/mpp/compilationImpl/factory/ConfigurationNaming$Default
instanceKlass org/jetbrains/kotlin/gradle/plugin/mpp/compilationImpl/factory/ConfigurationNaming
instanceKlass org/jetbrains/kotlin/gradle/plugin/mpp/compilationImpl/factory/KotlinCompilationDependencyConfigurationsFactoriesKt
instanceKlass org/jetbrains/kotlin/gradle/plugin/sources/InternalKotlinSourceSetKt
instanceKlass org/jetbrains/kotlin/gradle/plugin/mpp/compilationImpl/DefaultKotlinCompilationSourceSetsContainer
instanceKlass org/jetbrains/kotlin/gradle/plugin/mpp/compilationImpl/KotlinCompilationSourceSetsContainer
instanceKlass org/jetbrains/kotlin/gradle/plugin/mpp/compilationImpl/KotlinCompilationSourceSetsContainerKt
instanceKlass org/jetbrains/kotlin/gradle/plugin/sources/android/KotlinAndroidSourceSetNaming$DefaultImpls
instanceKlass org/jetbrains/kotlin/gradle/plugin/mpp/compilationImpl/KotlinCompilationImpl$Params
instanceKlass org/jetbrains/kotlin/gradle/plugin/mpp/compilationImpl/KotlinCompilationImpl
instanceKlass org/jetbrains/kotlin/gradle/plugin/mpp/compilationImpl/factory/KotlinCompilationImplFactory$KotlinCompilerOptionsFactory$Options
instanceKlass org/jetbrains/kotlin/gradle/plugin/mpp/compilationImpl/factory/KotlinJvmCompilerOptionsFactory$create$kotlinOptions$1
instanceKlass org/jetbrains/kotlin/gradle/plugin/mpp/compilationImpl/factory/KotlinJvmCompilerOptionsFactory$create$compilerOptions$1
instanceKlass org/jetbrains/kotlin/gradle/plugin/HasCompilerOptions
instanceKlass org/jetbrains/kotlin/gradle/plugin/mpp/KotlinCompilationFactory$DefaultImpls
instanceKlass org/jetbrains/kotlin/gradle/plugin/AndroidProjectHandlerKt
instanceKlass org/jetbrains/kotlin/gradle/plugin/mpp/compilationImpl/factory/CompositePostConfigure
instanceKlass org/jetbrains/kotlin/gradle/plugin/mpp/compilationImpl/KotlinCompilationCompilerOptionsFromTargetConfigurator
instanceKlass org/jetbrains/kotlin/gradle/plugin/mpp/compilationImpl/KotlinCompilationRegisterInSourceSetsConfigurator
instanceKlass org/jetbrains/kotlin/gradle/plugin/mpp/compilationImpl/factory/KotlinCompilationImplFactory$PostConfigure$Companion
instanceKlass org/jetbrains/kotlin/gradle/plugin/mpp/compilationImpl/factory/KotlinCompilationImplFactory$PostConfigure
instanceKlass org/jetbrains/kotlin/gradle/plugin/mpp/compilationImpl/DefaultKotlinCompilationPostConfigureKt
instanceKlass org/jetbrains/kotlin/gradle/plugin/mpp/compilationImpl/factory/CompositePreConfigure
instanceKlass org/jetbrains/kotlin/gradle/plugin/mpp/compilationImpl/KotlinCompilationLanguageSettingsConfigurator
instanceKlass org/jetbrains/kotlin/gradle/plugin/mpp/compilationImpl/KotlinCompilationK2MultiplatformConfigurator
instanceKlass org/jetbrains/kotlin/gradle/plugin/mpp/compilationImpl/factory/KotlinCompilationImplFactory$PreConfigure$Companion
instanceKlass org/jetbrains/kotlin/gradle/plugin/mpp/compilationImpl/factory/KotlinCompilationImplFactory$PreConfigure
instanceKlass org/jetbrains/kotlin/gradle/plugin/mpp/compilationImpl/DefautlKotlinCompilationPreConfigureKt
instanceKlass org/jetbrains/kotlin/gradle/plugin/mpp/compilationImpl/factory/DefaultProcessResourcesTaskNameFactory
instanceKlass org/jetbrains/kotlin/gradle/plugin/mpp/compilationImpl/factory/KotlinCompilationImplFactory$ProcessResourcesTaskNameFactory
instanceKlass org/jetbrains/kotlin/gradle/plugin/mpp/compilationImpl/factory/DefaultKotlinCompilationTaskNamesContainerFactory
instanceKlass org/jetbrains/kotlin/gradle/plugin/mpp/compilationImpl/factory/KotlinCompilationImplFactory$KotlinCompilationTaskNamesContainerFactory
instanceKlass org/jetbrains/kotlin/gradle/plugin/mpp/compilationImpl/factory/DefaultKotlinCompilationOutputFactory
instanceKlass org/jetbrains/kotlin/gradle/plugin/mpp/compilationImpl/factory/KotlinCompilationImplFactory$KotlinCompilationOutputFactory
instanceKlass org/jetbrains/kotlin/gradle/plugin/mpp/compilationImpl/KotlinCompilationSourceSetInclusion$DefaultAddSourcesToCompileTask
instanceKlass org/jetbrains/kotlin/gradle/plugin/mpp/compilationImpl/KotlinCompilationSourceSetInclusion$AddSourcesToCompileTask
instanceKlass org/jetbrains/kotlin/tooling/core/ExtrasPropertyKt$extrasFactoryProperty$1
instanceKlass org/jetbrains/kotlin/tooling/core/ExtrasFactoryProperty
instanceKlass kotlin/reflect/jvm/internal/impl/descriptors/runtime/structure/ReflectJavaAnnotationOwnerKt
instanceKlass org/jetbrains/kotlin/gradle/plugin/mpp/compilationImpl/KotlinCompilationSourceSetInclusion$Companion
instanceKlass org/jetbrains/kotlin/gradle/plugin/mpp/compilationImpl/KotlinCompilationSourceSetInclusion
instanceKlass org/jetbrains/kotlin/gradle/plugin/mpp/compilationImpl/factory/DefaultKotlinCompilationDependencyConfigurationsFactory
instanceKlass org/jetbrains/kotlin/gradle/plugin/mpp/compilationImpl/factory/KotlinCompilationImplFactory$KotlinCompilationDependencyConfigurationsFactory
instanceKlass org/jetbrains/kotlin/gradle/plugin/mpp/compilationImpl/factory/KotlinCompilationImplFactory
instanceKlass org/jetbrains/kotlin/gradle/plugin/mpp/compilationImpl/factory/AndroidCompilationSourceSetsContainerFactory
instanceKlass org/jetbrains/kotlin/gradle/plugin/mpp/compilationImpl/factory/KotlinCompilationImplFactory$KotlinCompilationSourceSetsContainerFactory
instanceKlass org/jetbrains/kotlin/gradle/plugin/mpp/compilationImpl/KotlinAndroidCompilationAssociator
instanceKlass org/jetbrains/kotlin/gradle/plugin/mpp/compilationImpl/KotlinCompilationAssociator
instanceKlass org/jetbrains/kotlin/gradle/plugin/mpp/compilationImpl/DefaultKotlinCompilationFriendPathsResolver$CompositeFriendArtifactResolver
instanceKlass org/jetbrains/kotlin/gradle/plugin/mpp/compilationImpl/DefaultKotlinCompilationFriendPathsResolver$AdditionalAndroidFriendArtifactResolver
instanceKlass org/jetbrains/kotlin/gradle/plugin/mpp/compilationImpl/DefaultKotlinCompilationFriendPathsResolver$DefaultFriendArtifactResolver
instanceKlass org/jetbrains/kotlin/gradle/plugin/mpp/compilationImpl/DefaultKotlinCompilationFriendPathsResolver$FriendArtifactResolver$Companion
instanceKlass org/jetbrains/kotlin/gradle/plugin/mpp/compilationImpl/DefaultKotlinCompilationFriendPathsResolver$FriendArtifactResolver
instanceKlass org/jetbrains/kotlin/gradle/plugin/mpp/compilationImpl/DefaultKotlinCompilationFriendPathsResolver
instanceKlass org/jetbrains/kotlin/gradle/plugin/mpp/compilationImpl/KotlinCompilationFriendPathsResolver
instanceKlass org/jetbrains/kotlin/gradle/plugin/mpp/compilationImpl/factory/KotlinJvmCompilerOptionsFactory
instanceKlass org/jetbrains/kotlin/gradle/plugin/mpp/compilationImpl/factory/KotlinCompilationImplFactory$KotlinCompilerOptionsFactory
instanceKlass org/jetbrains/kotlin/gradle/plugin/mpp/KotlinJvmAndroidCompilationFactory
instanceKlass org/jetbrains/kotlin/gradle/plugin/mpp/KotlinCompilationFactory
instanceKlass  @bci org/gradle/api/internal/DefaultNamedDomainObjectCollection$ExistingNamedDomainObjectProvider_Decorated $gradleInit ()V 1 <appendix> member <vmtarget> ; # org/gradle/api/internal/DefaultNamedDomainObjectCollection$ExistingNamedDomainObjectProvider_Decorated$$Lambda+0x0000000101672dd0
instanceKlass  @bci com/android/build/gradle/internal/api/ApkVariantOutputImpl_Decorated $gradleInit ()V 1 <appendix> member <vmtarget> ; # com/android/build/gradle/internal/api/ApkVariantOutputImpl_Decorated$$Lambda+0x000000010170e0d8
# instanceKlass java/lang/invoke/LambdaForm$MH+0x000000010170a400
instanceKlass org/gradle/model/Managed
instanceKlass com/android/build/gradle/internal/ide/FilterDataImpl
instanceKlass com/android/build/gradle/internal/scope/GradleAwareFilterData
instanceKlass com/android/build/FilterData
instanceKlass com/android/build/api/variant/FilterConfiguration
instanceKlass  @bci com/android/build/gradle/internal/ApiObjectFactory createVariantOutput (Lcom/android/build/gradle/internal/component/ComponentCreationConfig;Lcom/android/build/gradle/internal/api/BaseVariantImpl;)V 67 <appendix> member <vmtarget> ; # com/android/build/gradle/internal/ApiObjectFactory$$Lambda+0x000000010170d048
instanceKlass com/android/build/api/component/impl/OldVariantApiLegacySupportImpl$sam$org_gradle_api_Transformer$0
instanceKlass com/android/build/gradle/internal/api/BaseVariantOutputImpl
instanceKlass com/android/build/gradle/api/ApkVariantOutput
instanceKlass com/android/build/gradle/internal/dsl/VariantOutputFactory
instanceKlass  @bci com/android/build/gradle/internal/api/TestVariantImpl_Decorated $gradleInit ()V 1 <appendix> member <vmtarget> ; # com/android/build/gradle/internal/api/TestVariantImpl_Decorated$$Lambda+0x0000000101707cb0
# instanceKlass java/lang/invoke/LambdaForm$MH+0x000000010170a000
# instanceKlass java/lang/invoke/LambdaForm$MH+0x0000000101709c00
# instanceKlass java/lang/invoke/LambdaForm$MH+0x0000000101709800
# instanceKlass java/lang/invoke/LambdaForm$MH+0x0000000101709400
# instanceKlass java/lang/invoke/LambdaForm$MH+0x0000000101709000
instanceKlass  @bci com/android/build/gradle/internal/api/ApplicationVariantImpl_Decorated $gradleInit ()V 1 <appendix> member <vmtarget> ; # com/android/build/gradle/internal/api/ApplicationVariantImpl_Decorated$$Lambda+0x00000001017070d0
# instanceKlass java/lang/invoke/LambdaForm$MH+0x0000000101708c00
# instanceKlass java/lang/invoke/LambdaForm$MH+0x0000000101708800
# instanceKlass java/lang/invoke/LambdaForm$MH+0x0000000101708400
# instanceKlass java/lang/invoke/LambdaForm$MH+0x0000000101708000
instanceKlass com/android/build/gradle/internal/api/BaseVariantImpl
instanceKlass com/android/build/gradle/internal/ApiObjectFactory
instanceKlass com/android/build/gradle/internal/dependency/RecalculateStackFramesTransform$sam$java_util_function_BiConsumer$0
instanceKlass  @bci com/android/build/gradle/internal/dependency/RecalculateStackFramesTransform$Parameters_Decorated $gradleInit ()V 1 <appendix> member <vmtarget> ; # com/android/build/gradle/internal/dependency/RecalculateStackFramesTransform$Parameters_Decorated$$Lambda+0x00000001016ffc60
instanceKlass com/android/build/gradle/internal/dependency/RecalculateStackFramesTransform$Parameters_Decorated
instanceKlass com/android/build/gradle/internal/dependency/RecalculateStackFramesTransform$Parameters
instanceKlass com/android/build/gradle/internal/dependency/RecalculateStackFramesTransform$sam$org_gradle_api_Action$0
instanceKlass com/android/build/gradle/internal/dependency/AgpVersionCompatibilityRule
instanceKlass com/android/build/gradle/internal/dependency/ModelArtifactCompatibilityRule$sam$org_gradle_api_Action$0
instanceKlass com/android/build/gradle/internal/dependency/ModelArtifactCompatibilityRule$Companion
instanceKlass com/android/build/gradle/internal/dependency/ModelArtifactCompatibilityRule
instanceKlass com/android/build/gradle/internal/dependency/DexingOutputSplitTransformKt$registerTransformWithOutputType$1$WhenMappings
instanceKlass  @bci com/android/build/gradle/internal/dependency/DexingOutputSplitTransform$Parameters_Decorated $gradleInit ()V 1 <appendix> member <vmtarget> ; # com/android/build/gradle/internal/dependency/DexingOutputSplitTransform$Parameters_Decorated$$Lambda+0x00000001016fc898
instanceKlass com/android/build/gradle/internal/dependency/DexingOutputSplitTransform$Parameters_Decorated
instanceKlass com/android/build/gradle/internal/dependency/DexingOutputSplitTransform$Parameters
instanceKlass com/android/build/gradle/internal/dependency/DexingOutputSplitTransformKt$sam$org_gradle_api_Action$0
instanceKlass com/android/build/gradle/internal/dependency/DexingOutputSplitTransform
instanceKlass com/android/build/gradle/internal/dependency/DexingOutputSplitTransformKt
instanceKlass com/android/build/gradle/internal/dependency/EnumerateClassesTransform
instanceKlass  @bci com/android/build/gradle/internal/utils/D8BackportedMethodsGenerator$Parameters_Decorated $gradleInit ()V 1 <appendix> member <vmtarget> ; # com/android/build/gradle/internal/utils/D8BackportedMethodsGenerator$Parameters_Decorated$$Lambda+0x00000001016ea0c0
instanceKlass com/android/build/gradle/internal/utils/D8BackportedMethodsGenerator$Parameters_Decorated
instanceKlass com/android/build/gradle/internal/utils/D8BackportedMethodsGenerator$Parameters
instanceKlass com/android/build/gradle/internal/utils/D8BackportedMethodsGenerator
instanceKlass com/android/builder/files/SerializableFileChanges
instanceKlass com/android/build/gradle/internal/dependency/DesugarGraph
instanceKlass com/android/builder/dexing/DependencyGraphUpdater
instanceKlass  @bci com/android/build/gradle/internal/dependency/DexingRegistration$ComponentSpecificParameters toString ()Ljava/lang/String; 48 <adapter> ; # java/lang/invoke/LambdaForm$MH+0x00000001016fa400
# instanceKlass java/lang/invoke/LambdaForm$DMH+0x00000001016fa000
instanceKlass  @bci com/android/build/gradle/internal/dependency/DexingRegistration$ComponentSpecificParameters toString ()Ljava/lang/String; 48 <appendix> form vmentry <vmtarget> ; # java/lang/invoke/LambdaForm$MH+0x00000001016f9c00
# instanceKlass java/lang/invoke/LambdaForm$MH+0x00000001016f9800
instanceKlass  @bci com/android/build/gradle/internal/dependency/DexingRegistration$ComponentSpecificParameters toString ()Ljava/lang/String; 48 <appendix> form names 17 function resolvedHandle form vmentry <vmtarget> ; # java/lang/invoke/LambdaForm$DMH+0x00000001016f9400
instanceKlass  @bci com/android/build/gradle/internal/dependency/DexingRegistration$ComponentSpecificParameters toString ()Ljava/lang/String; 48 <appendix> argL7 form vmentry <vmtarget> ; # java/lang/invoke/LambdaForm$MH+0x00000001016f9000
# instanceKlass java/lang/invoke/LambdaForm$MH+0x00000001016f8c00
instanceKlass  @bci com/android/build/gradle/internal/dependency/DexingRegistration$ComponentSpecificParameters toString ()Ljava/lang/String; 48 <appendix> argL7 form names 7 function resolvedHandle form vmentry <vmtarget> ; # java/lang/invoke/LambdaForm$DMH+0x00000001016f8800
instanceKlass  @bci com/android/build/gradle/internal/dependency/DexingRegistration$ComponentSpecificParameters toString ()Ljava/lang/String; 48 <appendix> argL7 argL2 form vmentry <vmtarget> ; # java/lang/invoke/LambdaForm$MH+0x00000001016f8400
# instanceKlass java/lang/invoke/LambdaForm$MH+0x00000001016f8000
# instanceKlass java/lang/invoke/LambdaForm$MH+0x00000001016f7c00
# instanceKlass java/lang/invoke/LambdaForm$MH+0x00000001016f7800
instanceKlass  @bci com/android/build/gradle/internal/dependency/DexingRegistration$ComponentSpecificParameters toString ()Ljava/lang/String; 48 <appendix> form names 19 function resolvedHandle form vmentry <vmtarget> ; # java/lang/invoke/LambdaForm$DMH+0x00000001016f7400
instanceKlass  @bci com/android/build/gradle/internal/dependency/DexingRegistration$ComponentSpecificParameters toString ()Ljava/lang/String; 48 <appendix> argL6 form vmentry <vmtarget> ; # java/lang/invoke/LambdaForm$MH+0x00000001016f7000
instanceKlass  @bci com/android/build/gradle/internal/dependency/DexingRegistration$ComponentSpecificParameters toString ()Ljava/lang/String; 48 <appendix> argL6 argL2 form vmentry <vmtarget> ; # java/lang/invoke/LambdaForm$MH+0x00000001016f6c00
# instanceKlass java/lang/invoke/LambdaForm$MH+0x00000001016f6800
# instanceKlass java/lang/invoke/LambdaForm$MH+0x00000001016f6400
# instanceKlass java/lang/invoke/LambdaForm$MH+0x00000001016f6000
instanceKlass  @bci com/android/build/gradle/internal/dependency/DexingRegistration$ComponentSpecificParameters toString ()Ljava/lang/String; 48 <appendix> form names 21 function resolvedHandle form vmentry <vmtarget> ; # java/lang/invoke/LambdaForm$DMH+0x00000001016f5c00
instanceKlass  @bci com/android/build/gradle/internal/dependency/DexingRegistration$ComponentSpecificParameters toString ()Ljava/lang/String; 48 <appendix> argL5 form vmentry <vmtarget> ; # java/lang/invoke/LambdaForm$MH+0x00000001016f5800
instanceKlass  @bci com/android/build/gradle/internal/dependency/DexingRegistration$ComponentSpecificParameters toString ()Ljava/lang/String; 48 <appendix> argL5 form names 7 function resolvedHandle form vmentry <vmtarget> ; # java/lang/invoke/LambdaForm$DMH+0x00000001016f5400
# instanceKlass java/lang/invoke/LambdaForm$MH+0x00000001016f5000
instanceKlass  @bci com/android/build/gradle/internal/dependency/DexingRegistration$ComponentSpecificParameters toString ()Ljava/lang/String; 48 <appendix> argL5 argL2 form vmentry <vmtarget> ; # java/lang/invoke/LambdaForm$MH+0x00000001016f4c00
# instanceKlass java/lang/invoke/LambdaForm$MH+0x00000001016f4800
# instanceKlass java/lang/invoke/LambdaForm$MH+0x00000001016f4400
# instanceKlass java/lang/invoke/LambdaForm$MH+0x00000001016f4000
instanceKlass  @bci com/android/build/gradle/internal/dependency/DexingRegistration$ComponentSpecificParameters toString ()Ljava/lang/String; 48 <appendix> form names 25 function resolvedHandle form vmentry <vmtarget> ; # java/lang/invoke/LambdaForm$DMH+0x00000001016f3c00
instanceKlass  @bci com/android/build/gradle/internal/dependency/DexingRegistration$ComponentSpecificParameters toString ()Ljava/lang/String; 48 <appendix> argL3 form vmentry <vmtarget> ; # java/lang/invoke/LambdaForm$MH+0x00000001016f3800
instanceKlass  @bci com/android/build/gradle/internal/dependency/DexingRegistration$ComponentSpecificParameters toString ()Ljava/lang/String; 48 <appendix> argL3 argL1 form vmentry <vmtarget> ; # java/lang/invoke/LambdaForm$MH+0x00000001016f3400
# instanceKlass java/lang/invoke/LambdaForm$MH+0x00000001016f3000
# instanceKlass java/lang/invoke/LambdaForm$MH+0x00000001016f2c00
# instanceKlass java/lang/invoke/LambdaForm$MH+0x00000001016f2800
# instanceKlass java/lang/invoke/LambdaForm$MH+0x00000001016f2400
# instanceKlass java/lang/invoke/LambdaForm$MH+0x00000001016f2000
instanceKlass  @bci com/android/build/gradle/internal/dependency/DexingRegistration$ComponentSpecificParameters toString ()Ljava/lang/String; 48 <appendix> form names 27 function resolvedHandle form vmentry <vmtarget> ; # java/lang/invoke/LambdaForm$DMH+0x00000001016f1c00
instanceKlass  @bci com/android/build/gradle/internal/dependency/DexingRegistration$ComponentSpecificParameters toString ()Ljava/lang/String; 48 <appendix> argL2 form vmentry <vmtarget> ; # java/lang/invoke/LambdaForm$MH+0x00000001016f1800
instanceKlass  @bci com/android/build/gradle/internal/dependency/DexingRegistration$ComponentSpecificParameters toString ()Ljava/lang/String; 48 <appendix> argL2 argL1 form vmentry <vmtarget> ; # java/lang/invoke/LambdaForm$MH+0x00000001016f1400
# instanceKlass java/lang/invoke/LambdaForm$MH+0x00000001016f1000
# instanceKlass java/lang/invoke/LambdaForm$MH+0x00000001016f0c00
# instanceKlass java/lang/invoke/LambdaForm$MH+0x00000001016f0800
# instanceKlass java/lang/invoke/LambdaForm$MH+0x00000001016f0400
# instanceKlass java/lang/invoke/LambdaForm$MH+0x00000001016f0000
instanceKlass  @bci com/android/build/gradle/internal/dependency/DexingRegistration$ComponentSpecificParameters toString ()Ljava/lang/String; 48 <appendix> form names 29 function resolvedHandle form vmentry <vmtarget> ; # java/lang/invoke/LambdaForm$DMH+0x00000001016efc00
instanceKlass  @bci com/android/build/gradle/internal/dependency/DexingRegistration$ComponentSpecificParameters toString ()Ljava/lang/String; 48 <appendix> argL1 form vmentry <vmtarget> ; # java/lang/invoke/LambdaForm$MH+0x00000001016ef800
# instanceKlass java/lang/invoke/LambdaForm$MH+0x00000001016ef400
instanceKlass  @bci com/android/build/gradle/internal/dependency/DexingRegistration$ComponentSpecificParameters toString ()Ljava/lang/String; 48 <appendix> argL1 argL0 form vmentry <vmtarget> ; # java/lang/invoke/LambdaForm$MH+0x00000001016ef000
# instanceKlass java/lang/invoke/LambdaForm$MH+0x00000001016eec00
# instanceKlass java/lang/invoke/LambdaForm$MH+0x00000001016ee800
# instanceKlass java/lang/invoke/LambdaForm$MH+0x00000001016ee400
# instanceKlass java/lang/invoke/LambdaForm$MH+0x00000001016ee000
instanceKlass  @bci com/android/build/gradle/internal/dependency/BaseDexingTransform$Parameters_Decorated $gradleInit ()V 1 <appendix> member <vmtarget> ; # com/android/build/gradle/internal/dependency/BaseDexingTransform$Parameters_Decorated$$Lambda+0x00000001016e8940
instanceKlass com/android/build/gradle/internal/dependency/BaseDexingTransform$Parameters_Decorated
# instanceKlass java/lang/invoke/LambdaForm$MH+0x00000001016edc00
# instanceKlass java/lang/invoke/LambdaForm$MH+0x00000001016ed800
# instanceKlass java/lang/invoke/LambdaForm$MH+0x00000001016ed400
# instanceKlass java/lang/invoke/LambdaForm$MH+0x00000001016ed000
# instanceKlass java/lang/invoke/LambdaForm$MH+0x00000001016ecc00
# instanceKlass java/lang/invoke/LambdaForm$MH+0x00000001016ec800
# instanceKlass java/lang/invoke/LambdaForm$MH+0x00000001016ec400
# instanceKlass java/lang/invoke/LambdaForm$MH+0x00000001016ec000
instanceKlass com/android/build/gradle/internal/dependency/BaseDexingTransform$Parameters
instanceKlass com/android/build/gradle/internal/dependency/DexingTransformKt$sam$org_gradle_api_Action$0
instanceKlass com/android/build/gradle/internal/dependency/BaseDexingTransform
instanceKlass com/android/build/gradle/internal/dependency/DexingRegistration$ComponentSpecificParameters$Companion
instanceKlass com/android/build/gradle/internal/dependency/DexingRegistration$ComponentSpecificParameters
instanceKlass com/android/build/gradle/internal/dependency/DexingRegistration$ComponentAgnosticParameters
instanceKlass com/android/build/gradle/internal/utils/DesugarLibUtils$sam$org_gradle_api_Action$0
instanceKlass com/android/build/gradle/internal/utils/DesugarLibConfigExtractor
instanceKlass com/android/build/gradle/internal/utils/DesugarLibUtils
instanceKlass com/android/build/gradle/internal/dependency/DexingRegistration
instanceKlass com/android/build/gradle/internal/scope/BootClasspathBuilder$sam$org_gradle_api_Transformer$0
instanceKlass com/android/build/gradle/internal/tasks/factory/BootClasspathConfigImpl$sam$org_gradle_api_Transformer$0
instanceKlass com/android/build/gradle/internal/scope/BootClasspathBuilder
instanceKlass com/android/build/gradle/internal/dependency/RecalculateStackFramesTransform$Companion
instanceKlass com/android/build/gradle/internal/dependency/RecalculateStackFramesTransform
instanceKlass com/android/build/gradle/internal/dependency/AsmClassesTransform$Companion
instanceKlass com/android/build/gradle/internal/dependency/AsmClassesTransform
instanceKlass com/android/build/gradle/internal/dependency/CollectClassesTransform
instanceKlass com/android/build/gradle/internal/dependency/CollectResourceSymbolsTransform
instanceKlass com/android/build/gradle/internal/dependency/ClassesDirToClassesTransform
instanceKlass com/android/build/gradle/internal/dependency/ExtractJniTransform
instanceKlass  @bci com/android/build/gradle/internal/dependency/IdentityTransform$Parameters_Decorated $gradleInit ()V 1 <appendix> member <vmtarget> ; # com/android/build/gradle/internal/dependency/IdentityTransform$Parameters_Decorated$$Lambda+0x00000001016e13c8
instanceKlass com/android/build/gradle/internal/dependency/IdentityTransform$Parameters_Decorated
instanceKlass com/android/build/gradle/internal/dependency/IdentityTransform$Parameters
instanceKlass com/android/build/gradle/internal/dependency/IdentityTransform
instanceKlass com/android/build/gradle/internal/dependency/LibrarySymbolTableTransform
instanceKlass com/android/build/gradle/internal/dependency/ExtractProGuardRulesTransform$Companion
instanceKlass com/android/build/gradle/internal/dependency/ExtractProGuardRulesTransform
instanceKlass com/android/build/gradle/internal/dependency/AarToClassTransform$Companion
instanceKlass  @bci com/android/build/gradle/internal/dependency/AarToClassTransform$Params_Decorated $gradleInit ()V 1 <appendix> member <vmtarget> ; # com/android/build/gradle/internal/dependency/AarToClassTransform$Params_Decorated$$Lambda+0x00000001016dee00
instanceKlass com/android/build/gradle/internal/dependency/AarToClassTransform$Params_Decorated
instanceKlass com/android/build/gradle/internal/dependency/AarToClassTransform$Params
instanceKlass com/android/build/gradle/internal/dependency/AarToClassTransform
instanceKlass  @bci com/android/build/gradle/internal/services/Aapt2Input_Decorated $gradleInit ()V 1 <appendix> member <vmtarget> ; # com/android/build/gradle/internal/services/Aapt2Input_Decorated$$Lambda+0x00000001016ddd70
instanceKlass com/android/build/gradle/internal/services/Aapt2Input_Decorated
instanceKlass  @bci com/android/build/gradle/internal/dependency/AarResourcesCompilerTransform$Parameters_Decorated $gradleInit ()V 1 <appendix> member <vmtarget> ; # com/android/build/gradle/internal/dependency/AarResourcesCompilerTransform$Parameters_Decorated$$Lambda+0x00000001016dd650
instanceKlass com/android/build/gradle/internal/dependency/AarResourcesCompilerTransform$Parameters_Decorated
instanceKlass com/android/build/gradle/internal/services/Aapt2Input
instanceKlass com/android/build/gradle/internal/services/UsesAapt2ThreadPoolBuildService
instanceKlass com/android/build/gradle/internal/services/UsesAapt2DaemonBuildService
instanceKlass com/android/build/gradle/internal/dependency/AarResourcesCompilerTransform$Parameters
instanceKlass com/android/build/gradle/internal/dependency/AarResourcesCompilerTransform
instanceKlass  @bci com/android/build/gradle/internal/dependency/AarTransform$Parameters_Decorated $gradleInit ()V 1 <appendix> member <vmtarget> ; # com/android/build/gradle/internal/dependency/AarTransform$Parameters_Decorated$$Lambda+0x00000001016dbf70
instanceKlass com/android/build/gradle/internal/dependency/AarTransform$Parameters_Decorated
instanceKlass com/android/build/gradle/internal/dependency/AarTransform$Parameters
instanceKlass com/android/build/gradle/internal/dependency/AarTransform$Companion
instanceKlass com/android/build/gradle/internal/dependency/AarTransform
instanceKlass com/android/build/gradle/internal/dependency/PlatformAttrTransform
instanceKlass  @bci com/android/build/gradle/internal/dependency/MockableJarTransform$Parameters_Decorated $gradleInit ()V 1 <appendix> member <vmtarget> ; # com/android/build/gradle/internal/dependency/MockableJarTransform$Parameters_Decorated$$Lambda+0x00000001016da490
instanceKlass com/android/build/gradle/internal/dependency/MockableJarTransform$Parameters_Decorated
instanceKlass com/android/build/gradle/internal/dependency/MockableJarTransform$Parameters
instanceKlass com/android/build/gradle/internal/dependency/MockableJarTransform
instanceKlass com/android/build/gradle/internal/utils/HasConfigurableValuesKt
instanceKlass com/android/build/gradle/internal/dependency/ExtractAarTransform
instanceKlass com/android/build/gradle/internal/DependencyConfigurator$sam$org_gradle_api_Action$0
instanceKlass com/android/build/gradle/internal/publishing/AarOrJarTypeToConsume
instanceKlass com/android/build/gradle/internal/publishing/ProcessedArtifactUtils
instanceKlass com/android/build/gradle/internal/DependencyConfigurator$Companion
instanceKlass com/android/build/gradle/internal/DependencyConfigurator
instanceKlass com/android/build/gradle/internal/cxx/configure/Ninja
instanceKlass com/android/build/gradle/internal/cxx/configure/ExperimentalPropertyExtensionsKt
instanceKlass com/android/build/gradle/internal/cxx/gradle/generator/NativeProjectPath
instanceKlass com/android/build/gradle/internal/cxx/gradle/generator/CxxConfigurationModelKt
instanceKlass com/android/build/gradle/internal/cxx/logging/IssueReporterLoggingEnvironmentKt
instanceKlass com/android/build/gradle/internal/cxx/logging/ThreadLoggingEnvironment$Companion$LoggerStack
instanceKlass com/android/build/gradle/internal/cxx/logging/ThreadLoggingEnvironment$Companion$BottomLoggingEnvironment
instanceKlass com/android/build/gradle/internal/cxx/logging/ThreadLoggingEnvironment$Companion$loggerStack$1
instanceKlass com/android/build/gradle/internal/cxx/logging/ThreadLoggingEnvironment$Companion
instanceKlass com/android/build/gradle/internal/cxx/logging/ThreadLoggingEnvironment
instanceKlass com/android/build/gradle/internal/cxx/logging/LoggingEnvironment
instanceKlass com/android/build/gradle/internal/cxx/configure/CxxCreateGradleTasksKt
instanceKlass  @bci com/android/build/gradle/internal/SdkComponentsBuildService$Inject $gradleInit ()V 1 <appendix> member <vmtarget> ; # com/android/build/gradle/internal/SdkComponentsBuildService$Inject$$Lambda+0x00000001016d6d48
instanceKlass com/android/build/gradle/internal/SdkComponentsBuildService$sdkDirectoryProvider$1
instanceKlass  @bci org/gradle/internal/classpath/Instrumented kotlinIoFilesKtReadTextDefault (Ljava/io/File;Ljava/nio/charset/Charset;ILjava/lang/Object;Ljava/lang/String;)Ljava/lang/String; 26 <adapter> ; # java/lang/invoke/LambdaForm$MH+0x00000001016d4800
instanceKlass org/gradle/internal/classpath/declarations/KotlinFileExtensionsInterceptorsDeclaration
instanceKlass  @bci com/android/build/gradle/internal/PropertiesValueSource$Inject $gradleInit ()V 1 <appendix> member <vmtarget> ; # com/android/build/gradle/internal/PropertiesValueSource$Inject$$Lambda+0x00000001016d68c8
instanceKlass  @bci com/android/build/gradle/internal/PropertiesValueSource$Params$Inject $gradleInit ()V 1 <appendix> member <vmtarget> ; # com/android/build/gradle/internal/PropertiesValueSource$Params$Inject$$Lambda+0x00000001016d6338
instanceKlass com/android/build/gradle/internal/PropertiesValueSource$Params$Inject
instanceKlass  @bci com/android/build/gradle/internal/PropertiesValueSource$Params_Decorated $gradleInit ()V 1 <appendix> member <vmtarget> ; # com/android/build/gradle/internal/PropertiesValueSource$Params_Decorated$$Lambda+0x00000001016d3d30
instanceKlass com/android/build/gradle/internal/PropertiesValueSource$Params_Decorated
instanceKlass com/android/build/gradle/internal/PropertiesValueSource$Params
instanceKlass com/android/build/gradle/internal/cxx/configure/GradleLocalPropertiesKt$sam$org_gradle_api_Action$0
instanceKlass com/android/build/gradle/internal/PropertiesValueSource
instanceKlass com/android/build/gradle/internal/cxx/configure/GradleLocalPropertiesKt
instanceKlass org/gradle/api/internal/file/DefaultFilePropertyFactory$ToFileTransformer
instanceKlass com/android/build/gradle/internal/SdkComponentsBuildService$VersionedSdkLoader
instanceKlass com/android/build/gradle/internal/cxx/configure/NdkLocator
instanceKlass com/android/build/gradle/internal/SdkHandler
instanceKlass com/android/build/gradle/internal/SdkLocationSourceSet
instanceKlass com/android/build/gradle/internal/NdkHandlerInput
instanceKlass com/android/build/gradle/internal/ndk/NdkHandler
instanceKlass com/android/build/gradle/internal/SdkLibDataFactory$Environment
instanceKlass  @bci com/android/build/gradle/internal/SdkComponentsBuildService$Parameters$Inject $gradleInit ()V 1 <appendix> member <vmtarget> ; # com/android/build/gradle/internal/SdkComponentsBuildService$Parameters$Inject$$Lambda+0x00000001016d0dc0
instanceKlass com/android/build/gradle/internal/SdkComponentsBuildService$Parameters$Inject
instanceKlass  @bci com/android/build/gradle/internal/attribution/CheckJetifierBuildService$Parameters_Decorated $gradleInit ()V 1 <appendix> member <vmtarget> ; # com/android/build/gradle/internal/attribution/CheckJetifierBuildService$Parameters_Decorated$$Lambda+0x00000001016cfd80
instanceKlass com/android/build/gradle/internal/attribution/CheckJetifierBuildService$Parameters_Decorated
instanceKlass com/android/build/gradle/internal/attribution/CheckJetifierBuildService$Parameters
instanceKlass com/android/build/gradle/internal/attribution/CheckJetifierBuildService
instanceKlass com/android/build/gradle/internal/VariantTaskManager$sam$java_util_function_Function$0
instanceKlass com/android/build/gradle/internal/VariantTaskManager$sam$java_util_function_Predicate$0
instanceKlass com/android/build/gradle/internal/lint/VariantWithTests
instanceKlass com/android/build/gradle/internal/variant/DefaultFlavorComparator
instanceKlass com/android/build/gradle/internal/variant/DefaultBuildTypeComparator
instanceKlass com/android/build/gradle/internal/variant/BuildAuthorSpecifiedDefaultsFlavorComparator
instanceKlass com/android/build/gradle/internal/variant/BuildAuthorSpecifiedDefaultBuildTypeComparator
instanceKlass com/google/common/collect/AbstractMapBasedMultimap$KeySet$1
instanceKlass org/gradle/testing/jacoco/plugins/JacocoPluginExtension
instanceKlass  @bci com/android/build/gradle/internal/testing/utp/UtpDependency mavenCoordinate ()Ljava/lang/String; 12 <appendix> form vmentry <vmtarget> ; # java/lang/invoke/LambdaForm$MH+0x00000001016c6800
# instanceKlass java/lang/invoke/LambdaForm$MH+0x00000001016c6400
instanceKlass  @bci com/android/build/gradle/internal/testing/utp/UtpDependency mavenCoordinate ()Ljava/lang/String; 12 <appendix> argL3 form vmentry <vmtarget> ; # java/lang/invoke/LambdaForm$MH+0x00000001016c6000
# instanceKlass java/lang/invoke/LambdaForm$MH+0x00000001016c5c00
# instanceKlass java/lang/invoke/LambdaForm$MH+0x00000001016c5800
# instanceKlass java/lang/invoke/LambdaForm$MH+0x00000001016c5400
# instanceKlass java/lang/invoke/LambdaForm$MH+0x00000001016c5000
instanceKlass  @bci com/android/build/gradle/internal/testing/utp/UtpDependency mavenCoordinate ()Ljava/lang/String; 12 <appendix> argL1 form vmentry <vmtarget> ; # java/lang/invoke/LambdaForm$MH+0x00000001016c4c00
# instanceKlass java/lang/invoke/LambdaForm$MH+0x00000001016c4800
# instanceKlass java/lang/invoke/LambdaForm$MH+0x00000001016c4400
# instanceKlass java/lang/invoke/LambdaForm$MH+0x00000001016c4000
instanceKlass com/android/build/gradle/internal/testing/utp/UtpDependencies
instanceKlass com/android/build/gradle/internal/testing/utp/UtpDependencyUtilsKt
instanceKlass  @bci com/android/build/gradle/internal/tasks/DeviceProviderInstrumentTestTask$CreationAction handleProvider (Lorg/gradle/api/tasks/TaskProvider;)V 90 <appendix> argL0 ; # com/android/build/gradle/internal/tasks/DeviceProviderInstrumentTestTask$CreationAction$$Lambda+0x00000001016bf6f8
instanceKlass  @bci com/android/build/gradle/internal/tasks/DeviceProviderInstrumentTestTask$CreationAction handleProvider (Lorg/gradle/api/tasks/TaskProvider;)V 56 <appendix> argL0 ; # com/android/build/gradle/internal/tasks/DeviceProviderInstrumentTestTask$CreationAction$$Lambda+0x00000001016bf4c0
instanceKlass com/android/ide/common/workers/ExecutorServiceAdapter
instanceKlass com/android/ide/common/workers/WorkerExecutorFacade
instanceKlass com/android/build/gradle/internal/tasks/AndroidTestTask
instanceKlass com/android/build/gradle/internal/AndroidTestTaskManager$sam$org_gradle_api_Transformer$0
instanceKlass org/gradle/api/internal/provider/DefaultMapProperty$AbstractPlusCollector
instanceKlass org/gradle/api/internal/provider/DefaultMapProperty$Configurer
instanceKlass com/android/build/api/variant/impl/SourcesImpl$sam$org_gradle_api_Transformer$0
instanceKlass com/android/build/api/variant/impl/LayeredSourceDirectoriesImpl$addAll$1
instanceKlass com/android/build/api/variant/impl/LayeredSourceDirectoriesImpl$sam$org_gradle_api_Transformer$0
instanceKlass com/android/build/api/variant/impl/DirectoryEntries
instanceKlass com/android/build/api/variant/SourceDirectories$Layered
instanceKlass com/android/build/api/variant/impl/FileBasedFileEntry$sam$org_gradle_api_Transformer$0
instanceKlass com/android/build/api/variant/impl/ManifestFilesImpl$addSource$1
instanceKlass com/android/build/api/variant/impl/FileBasedFileEntry
instanceKlass com/android/build/api/variant/impl/FileEntry
instanceKlass com/android/build/api/variant/impl/ManifestFilesImpl$sam$org_gradle_api_Transformer$0
instanceKlass com/android/build/api/variant/impl/ManifestFilesImpl
instanceKlass com/android/build/api/variant/ManifestFiles
instanceKlass com/android/build/api/variant/impl/TaskProviderBasedDirectoryEntryImpl$sam$org_gradle_api_Transformer$0
instanceKlass com/android/build/api/variant/impl/FlatSourceDirectoriesImpl$addStaticSource$1
instanceKlass com/android/build/api/variant/impl/FileBasedDirectoryEntryImpl$sam$org_gradle_api_Transformer$0
instanceKlass com/android/build/api/variant/impl/FlatSourceDirectoriesImpl$addSource$1
instanceKlass com/android/build/api/variant/impl/TaskProviderBasedDirectoryEntryImpl
instanceKlass com/android/build/api/variant/impl/FileBasedDirectoryEntryImpl
instanceKlass com/android/build/api/variant/impl/DirectoryEntry
instanceKlass com/android/build/api/variant/impl/SourceDirectoriesImpl
instanceKlass com/android/build/api/variant/SourceDirectories$Flat
instanceKlass com/android/build/api/variant/SourceDirectories
instanceKlass com/android/build/api/component/impl/DefaultSourcesProviderImpl
instanceKlass com/android/build/api/component/impl/DefaultSourcesProvider
instanceKlass com/android/build/gradle/internal/services/TaskCreationServicesImpl$sam$java_util_concurrent_Callable$0
instanceKlass com/android/build/gradle/internal/core/dsl/impl/InstrumentedTestDslInfoImpl$getInstrumentationRunner$1
instanceKlass com/android/build/gradle/internal/testing/TestData$Companion
instanceKlass com/android/build/gradle/internal/test/AbstractTestDataImpl
instanceKlass com/android/build/gradle/internal/testing/TestData
instanceKlass com/google/common/base/Platform$JdkPatternCompiler
instanceKlass com/google/common/base/PatternCompiler
instanceKlass com/google/common/base/Platform
instanceKlass com/google/common/base/Strings
instanceKlass com/android/build/gradle/internal/tasks/featuresplit/FeatureSplitUtils
instanceKlass com/android/build/gradle/internal/core/dsl/DynamicFeatureVariantDslInfo
instanceKlass com/android/build/gradle/internal/dependency/SubtractingArtifactCollection$sam$org_gradle_api_specs_Spec$0
instanceKlass com/android/build/gradle/internal/dependency/SubtractingArtifactCollection$SubtractingArtifactResult
instanceKlass com/android/build/gradle/internal/dependency/SubtractingArtifactCollection
instanceKlass org/gradle/internal/Actions$FilteredAction
instanceKlass com/android/build/gradle/internal/tasks/PerModuleReportDependenciesTask$CreationAction$Companion
instanceKlass com/android/build/gradle/internal/tasks/ApplicationTaskManager$sam$org_gradle_api_Action$0
instanceKlass com/android/build/gradle/internal/tasks/AnchorTaskNames
instanceKlass com/android/build/gradle/internal/tasks/BundleToStandaloneApkTask$sam$org_gradle_api_Transformer$0
instanceKlass com/android/build/gradle/internal/tasks/FinalizeBundleTask$sam$org_gradle_api_Transformer$0
# instanceKlass java/lang/invoke/LambdaForm$MH+0x0000000101698000
instanceKlass com/android/build/gradle/internal/tasks/ApplicationTaskManager$sam$org_gradle_api_Transformer$0
instanceKlass com/android/build/gradle/internal/tasks/AppMetadataTaskKt
instanceKlass com/android/build/gradle/internal/tasks/ApplicationTaskManager$createBundleTask$2
instanceKlass com/android/build/gradle/internal/tasks/ApplicationTaskManager$createBundleTask$1
instanceKlass com/android/build/gradle/tasks/PackageApplication$Companion
instanceKlass com/android/build/gradle/tasks/PackageAndroidArtifact$Companion
instanceKlass com/android/build/gradle/internal/TaskManager$createPackagingTask$1
instanceKlass com/android/build/gradle/tasks/PackageAndroidArtifact$CreationAction$Companion
instanceKlass com/android/build/gradle/internal/TaskManager$createPackagingTask$configureResourcesAndAssetsDependencies$1
instanceKlass com/android/build/api/variant/impl/SigningConfigImpl$storeType$1
instanceKlass com/android/build/api/variant/impl/SigningConfigImpl$keyPassword$1
instanceKlass com/android/build/api/variant/impl/SigningConfigImpl$keyAlias$1
instanceKlass com/android/build/api/variant/impl/SigningConfigImpl$storePassword$1
instanceKlass com/android/build/api/variant/impl/SigningConfigImpl$storeFile$1
instanceKlass com/android/build/api/variant/impl/SigningConfigImpl$enableV1Signing$1
instanceKlass com/android/build/api/variant/impl/SigningConfigImpl$enableV2Signing$1
instanceKlass com/android/build/api/variant/impl/SigningConfigImpl$enableV3Signing$1
instanceKlass com/android/build/api/variant/impl/SigningConfigImpl$enableV4Signing$1
instanceKlass org/gradle/api/internal/provider/AbstractCollectionProperty$AbstractPlusCollector
instanceKlass com/android/build/api/artifact/impl/MultiplePropertyAdapter
instanceKlass com/android/build/gradle/internal/tasks/DexMergingTask$CreationAction$WhenMappings
instanceKlass com/android/build/gradle/internal/tasks/factory/features/DexingTaskCreationActionImpl
instanceKlass com/android/build/gradle/internal/tasks/factory/features/DexingTaskCreationAction
instanceKlass com/android/build/gradle/internal/tasks/ClassesClasspathUtils
instanceKlass com/android/ide/common/gradle/Part
instanceKlass com/android/ide/common/gradle/Version$Companion$ParseState$NUMERIC
instanceKlass com/android/ide/common/gradle/Version$Companion$ParseState$EMPTY
instanceKlass com/android/ide/common/gradle/Version$Companion$ParseState
instanceKlass com/android/ide/common/gradle/Version$Companion
instanceKlass com/android/ide/common/gradle/Version
instanceKlass kotlin/text/MatchNamedGroupCollection
instanceKlass kotlin/text/MatchGroupCollection
instanceKlass kotlin/text/MatcherMatchResult
instanceKlass kotlin/text/MatchResult
instanceKlass kotlin/text/RegexKt
instanceKlass com/android/tools/r8/internal/kw0
instanceKlass com/android/tools/r8/Version
instanceKlass com/android/builder/dexing/R8Version
instanceKlass com/android/build/gradle/internal/dependency/ShrinkerVersion$Companion
instanceKlass com/android/build/gradle/internal/dependency/ShrinkerVersion
instanceKlass com/android/build/gradle/internal/tasks/R8VersionCheckKt
instanceKlass com/android/build/gradle/internal/tasks/MergeGeneratedProguardFilesCreationAction$Companion
instanceKlass  @bci android/databinding/tool/util/L <clinit> ()V 4 <appendix> argL0 ; # android/databinding/tool/util/L$$Lambda+0x0000000101664640
instanceKlass javax/lang/model/element/Element
instanceKlass javax/lang/model/AnnotatedConstruct
instanceKlass android/databinding/tool/util/L$Client
instanceKlass android/databinding/tool/util/L
instanceKlass com/android/build/gradle/internal/component/KmpComponentCreationConfig
instanceKlass com/android/build/api/variant/impl/JniLibsTestedApkPackagingImpl$testOnly$1
instanceKlass com/android/build/api/variant/JniLibsTestedApkPackaging
instanceKlass com/android/build/api/variant/JniLibsTestedComponentPackaging
instanceKlass com/android/build/api/variant/impl/ResourcesApkPackagingImpl$excludes$1
instanceKlass com/android/build/api/variant/JniLibsApkPackaging
instanceKlass com/android/build/api/variant/impl/DexPackagingOptionsImpl
instanceKlass com/android/build/api/variant/DexPackagingOptions
instanceKlass com/android/build/api/variant/impl/ResourcesPackagingImpl$merges$1
instanceKlass com/android/build/api/variant/impl/ResourcesPackagingImpl$pickFirsts$1
instanceKlass com/android/build/api/variant/impl/ResourcesPackagingImpl$excludes$1
instanceKlass com/android/build/api/variant/impl/ResourcesPackagingImpl
instanceKlass com/android/build/api/variant/ResourcesPackaging
instanceKlass com/android/build/api/variant/impl/JniLibsPackagingImpl$keepDebugSymbols$1
instanceKlass com/android/build/api/variant/impl/JniLibsPackagingImpl$pickFirsts$1
instanceKlass com/android/build/api/variant/impl/JniLibsPackagingImpl$excludes$1
instanceKlass com/android/build/api/variant/impl/JniLibsPackagingImpl
instanceKlass com/android/build/api/variant/JniLibsPackaging
instanceKlass com/android/build/gradle/internal/tasks/MergeNativeLibsTaskKt
instanceKlass com/android/build/gradle/internal/tasks/R8ResourceShrinkingParametersKt
instanceKlass com/android/build/gradle/internal/TaskManager$WhenMappings
instanceKlass  @bci com/android/build/gradle/tasks/ShaderCompile$CreationAction handleProvider (Lorg/gradle/api/tasks/TaskProvider;)V 18 <appendix> argL0 ; # com/android/build/gradle/tasks/ShaderCompile$CreationAction$$Lambda+0x00000001016522c0
instanceKlass com/android/build/api/artifact/impl/OperationRequestsImplKt$sam$org_gradle_api_Transformer$0
instanceKlass com/android/build/api/artifact/impl/OperationRequestsImplKt
instanceKlass com/android/build/api/artifact/impl/OutOperationRequestImpl
instanceKlass com/android/build/api/artifact/OutOperationRequest
instanceKlass com/android/build/gradle/internal/tasks/factory/features/AndroidResourcesTaskCreationActionImpl
instanceKlass com/android/build/gradle/internal/tasks/factory/features/AndroidResourcesTaskCreationAction
instanceKlass com/android/build/api/component/impl/features/AndroidResourcesCreationConfigImpl
instanceKlass com/android/build/gradle/internal/tasks/factory/TaskFactoryUtils$sam$org_gradle_api_Action$0
instanceKlass com/android/build/api/component/impl/features/ResValuesCreationConfigImpl
instanceKlass com/android/build/gradle/internal/tasks/factory/features/ResValuesTaskCreationActionImpl
instanceKlass com/android/build/gradle/internal/tasks/factory/features/ResValuesTaskCreationAction
instanceKlass com/android/build/gradle/tasks/ProcessApplicationManifest$sam$org_gradle_api_Transformer$0
instanceKlass com/android/build/api/artifact/impl/ArtifactTransformationRequestImpl
instanceKlass com/android/build/api/artifact/ArtifactTransformationRequest
instanceKlass com/android/build/api/artifact/impl/OperationRequestsImplKt$sam$org_gradle_api_Action$0
instanceKlass com/android/build/api/artifact/impl/InAndOutDirectoryOperationRequestImpl$Companion
instanceKlass com/android/build/api/artifact/impl/InAndOutDirectoryOperationRequestImpl
instanceKlass com/android/build/api/artifact/InAndOutDirectoryOperationRequest
instanceKlass com/android/build/api/artifact/impl/TaskBasedOperationImpl
instanceKlass com/android/build/api/artifact/impl/ArtifactOperationRequest
instanceKlass com/android/build/api/artifact/TaskBasedOperation
instanceKlass com/android/build/api/artifact/Artifact$ContainsMany
instanceKlass org/gradle/api/internal/resources/FileCollectionBackedTextResource
instanceKlass com/android/build/api/component/impl/OldVariantApiLegacySupportImpl$JavaCompileOptionsForOldVariantAPI$_annotationProcessorOptions$1
instanceKlass com/android/build/api/component/impl/OldVariantApiLegacySupportImpl$JavaCompileOptionsForOldVariantAPI
instanceKlass com/android/build/gradle/internal/core/dsl/impl/SigningConfigResolver$Companion
instanceKlass com/android/build/gradle/internal/core/dsl/impl/SigningConfigResolver
instanceKlass com/android/build/api/component/impl/OldVariantApiLegacySupportImpl
instanceKlass com/android/build/gradle/internal/dependency/ProvidedClasspath$sam$org_gradle_api_specs_Spec$0
instanceKlass com/android/build/gradle/internal/dependency/ProvidedClasspathSubtractor
instanceKlass com/android/build/gradle/internal/dependency/ProvidedClasspath
instanceKlass com/android/build/gradle/internal/dsl/ModulePropertyKey$OptionalBoolean$Companion
instanceKlass org/gradle/api/internal/provider/DefaultMapProperty$FixedSupplier
instanceKlass com/android/build/gradle/internal/tasks/R8TaskKt
instanceKlass com/android/build/api/component/impl/features/OptimizationCreationConfigImpl
instanceKlass com/android/build/gradle/internal/dependency/VariantDependencies$Companion$getComponentFilter$4
instanceKlass com/android/build/gradle/internal/dependency/VariantDependencies$Companion$computeLocalFileDependencies$2
instanceKlass com/android/build/gradle/internal/dependency/VariantDependencies$Companion$computeLocalFileDependencies$dependencies$1
instanceKlass com/android/build/api/component/impl/ComponentImpl$computeLocalPackagedJars$1
instanceKlass com/android/build/api/artifact/impl/ScopedArtifactsImpl$ScopedArtifactsContainer
instanceKlass com/android/build/gradle/internal/dependency/AndroidAttributes
instanceKlass com/android/build/gradle/internal/publishing/AndroidArtifactsUtilKt
instanceKlass com/android/build/gradle/internal/publishing/AndroidArtifacts
instanceKlass com/android/build/gradle/internal/dependency/VariantDependencies$sam$org_gradle_api_Action$0
instanceKlass com/android/build/gradle/internal/dependency/VariantDependencies$Companion$getComponentFilter$3
instanceKlass com/android/build/gradle/internal/dependency/VariantDependencies$computeArtifactCollection$attributesAction$1
instanceKlass com/android/build/gradle/internal/dependency/VariantDependencies$WhenMappings
instanceKlass com/android/build/gradle/internal/dependency/VariantDependencies$Companion$WhenMappings
instanceKlass org/gradle/api/attributes/VerificationType
instanceKlass com/android/build/api/artifact/Artifact$Transformable
instanceKlass com/android/build/api/artifact/Artifact$Appendable
instanceKlass com/android/build/gradle/internal/instrumentation/AsmClassVisitorsFactoryRegistry
instanceKlass com/android/build/gradle/internal/component/LibraryCreationConfig
instanceKlass com/android/build/gradle/internal/dsl/InstrumentationImpl
instanceKlass com/android/build/api/component/impl/features/InstrumentationCreationConfigImpl
instanceKlass com/android/build/gradle/internal/tasks/AppPreBuildTask$Companion
instanceKlass groovy/util/ObservableList
instanceKlass org/gradle/api/internal/tasks/InputChangesAwareTaskAction
instanceKlass org/gradle/api/internal/tasks/ImplementationAwareTaskAction
instanceKlass org/gradle/api/internal/tasks/TaskRequiredServices
instanceKlass org/gradle/api/internal/tasks/TaskLocalStateInternal
instanceKlass org/gradle/api/tasks/TaskLocalState
instanceKlass org/gradle/api/tasks/TaskDestroyables
instanceKlass org/gradle/api/internal/TaskOutputsInternal
instanceKlass org/gradle/api/internal/TaskInputsInternal
instanceKlass org/gradle/internal/logging/slf4j/ContextAwareTaskLogger
instanceKlass org/gradle/api/tasks/TaskInputs
instanceKlass org/gradle/api/tasks/TaskState
instanceKlass com/android/build/gradle/internal/tasks/VariantTask
instanceKlass com/android/build/gradle/internal/component/DynamicFeatureCreationConfig
instanceKlass com/android/build/gradle/internal/TaskManager$createAssembleTask$2
instanceKlass com/android/build/gradle/internal/TaskManager$createAssembleTask$1
instanceKlass com/android/build/api/component/impl/features/DexingImpl
instanceKlass com/android/build/gradle/internal/AndroidTestTaskManager$sam$org_gradle_api_Action$0
instanceKlass com/android/build/gradle/internal/TaskManager$addAndroidJarDependency$1
instanceKlass com/android/build/gradle/internal/HostTestTaskManager$sam$org_gradle_api_Action$0
instanceKlass com/android/build/gradle/internal/VariantTaskManager$sam$org_gradle_api_Action$0
instanceKlass com/android/tools/build/jetifier/processor/com/android/tools/build/jetifier/processor/transform/java/JavaTransformer
instanceKlass com/android/tools/build/jetifier/processor/transform/proguard/ProGuardClassFilterParser$Companion
instanceKlass com/android/tools/build/jetifier/processor/transform/proguard/ProGuardClassFilterParser
instanceKlass com/android/tools/build/jetifier/processor/transform/proguard/patterns/PatternHelper
instanceKlass com/android/tools/build/jetifier/processor/transform/proguard/ProGuardClassSpecParser$Companion
instanceKlass com/android/tools/build/jetifier/processor/transform/proguard/ProGuardClassSpecParser
instanceKlass com/android/tools/build/jetifier/processor/transform/proguard/patterns/GroupsReplacer
instanceKlass com/android/tools/build/jetifier/processor/transform/proguard/patterns/ReplacersRunner
instanceKlass com/android/tools/build/jetifier/processor/transform/proguard/ProGuardTypesMapper$Companion
instanceKlass com/android/tools/build/jetifier/processor/transform/proguard/ProGuardTypesMapper
instanceKlass com/android/tools/build/jetifier/processor/transform/proguard/ProGuardTransformer
instanceKlass com/android/tools/build/jetifier/processor/transform/resource/XmlResourcesTransformer$Companion
instanceKlass com/android/tools/build/jetifier/processor/transform/resource/XmlResourcesTransformer
instanceKlass com/android/tools/build/jetifier/processor/transform/bytecode/ByteCodeTransformer
instanceKlass com/android/tools/build/jetifier/processor/transform/Transformer
instanceKlass com/android/tools/build/jetifier/core/TypeRewriter$Companion
instanceKlass com/android/tools/build/jetifier/core/TypeRewriter
instanceKlass com/android/tools/build/jetifier/processor/transform/TransformationContext
instanceKlass com/android/tools/build/jetifier/core/pom/DependencyVersions$Companion
instanceKlass com/android/tools/build/jetifier/core/pom/DependencyVersions
instanceKlass com/android/tools/build/jetifier/processor/TimestampsPolicy$Companion
instanceKlass com/android/tools/build/jetifier/processor/TimestampsPolicy
instanceKlass com/android/tools/build/jetifier/core/config/Config$Companion
instanceKlass com/android/tools/build/jetifier/core/config/Config
instanceKlass com/android/tools/build/jetifier/core/proguard/ProGuardTypesMap$Companion
instanceKlass com/android/tools/build/jetifier/core/proguard/ProGuardTypesMap
instanceKlass com/android/tools/build/jetifier/core/proguard/ProGuardType$Companion
instanceKlass com/android/tools/build/jetifier/core/proguard/ProGuardType
instanceKlass com/google/gson/internal/LinkedTreeMap$LinkedTreeMapIterator
instanceKlass com/android/tools/build/jetifier/core/type/TypesMap$Companion
instanceKlass com/android/tools/build/jetifier/core/type/TypesMap
instanceKlass com/android/tools/build/jetifier/core/type/JavaType$Companion
instanceKlass com/android/tools/build/jetifier/core/type/JavaType
instanceKlass com/android/tools/build/jetifier/core/pom/DependencyVersionsMap$Companion
instanceKlass com/android/tools/build/jetifier/core/pom/DependencyVersionsMap
instanceKlass com/android/tools/build/jetifier/core/pom/PomRewriteRule$Companion
instanceKlass com/android/tools/build/jetifier/core/pom/PomRewriteRule
instanceKlass com/android/tools/build/jetifier/core/PackageMap$Companion
instanceKlass com/android/tools/build/jetifier/core/PackageMap
instanceKlass com/android/tools/build/jetifier/core/PackageMap$PackageRule
instanceKlass com/android/tools/build/jetifier/core/rule/RewriteRulesMap$Companion
instanceKlass com/android/tools/build/jetifier/core/rule/RewriteRulesMap
instanceKlass com/android/tools/build/jetifier/core/rule/RewriteRule$Companion
instanceKlass com/android/tools/build/jetifier/core/rule/RewriteRule
instanceKlass com/google/gson/internal/LinkedTreeMap$Node
instanceKlass com/google/gson/internal/LinkedTreeMap$1
# instanceKlass java/lang/invoke/LambdaForm$MH+0x0000000101615400
# instanceKlass java/lang/invoke/LambdaForm$MH+0x0000000101615000
# instanceKlass java/lang/invoke/LambdaForm$MH+0x0000000101614c00
# instanceKlass java/lang/invoke/LambdaForm$MH+0x0000000101614800
# instanceKlass java/lang/invoke/LambdaForm$MH+0x0000000101614400
# instanceKlass java/lang/invoke/LambdaForm$MH+0x0000000101614000
instanceKlass com/google/gson/internal/UnsafeAllocator
instanceKlass com/google/gson/internal/ConstructorConstructor$16
instanceKlass com/google/gson/internal/ConstructorConstructor$18
instanceKlass com/android/tools/build/jetifier/core/pom/PomDependency
instanceKlass com/android/tools/build/jetifier/core/pom/PomRewriteRule$JsonData
instanceKlass com/android/tools/build/jetifier/core/PackageMap$PackageRule$JsonData
instanceKlass com/android/tools/build/jetifier/core/rule/RewriteRule$JsonData
instanceKlass com/google/gson/internal/ConstructorConstructor$13
instanceKlass com/google/gson/internal/Primitives
instanceKlass com/google/gson/internal/$Gson$Types$ParameterizedTypeImpl
instanceKlass com/google/gson/annotations/SerializedName
instanceKlass com/google/gson/internal/ConstructorConstructor$19
instanceKlass com/android/tools/build/jetifier/core/proguard/ProGuardTypesMap$JsonData
instanceKlass com/android/tools/build/jetifier/core/type/TypesMap$JsonData
instanceKlass com/google/gson/internal/reflect/ReflectionHelper$RecordHelper
instanceKlass com/google/gson/internal/reflect/ReflectionHelper
instanceKlass com/google/gson/internal/ReflectionAccessFilterHelper
instanceKlass com/google/gson/annotations/JsonAdapter
instanceKlass com/android/tools/build/jetifier/core/config/Config$JsonData
instanceKlass kotlin/io/TextStreamsKt
instanceKlass com/android/tools/build/jetifier/core/utils/StdOutLogConsumer
instanceKlass com/android/tools/build/jetifier/core/utils/LogConsumer
instanceKlass com/android/tools/build/jetifier/core/utils/Log
instanceKlass com/android/tools/build/jetifier/core/config/ConfigParser
instanceKlass com/android/tools/build/jetifier/processor/Processor$Companion
instanceKlass com/android/tools/build/jetifier/processor/Processor
instanceKlass com/android/tools/build/jetifier/processor/archive/ArchiveItemVisitor
instanceKlass com/android/build/gradle/internal/dependency/AndroidXDependencySubstitution
instanceKlass com/android/build/gradle/internal/VariantTaskManager$Companion
instanceKlass android/databinding/tool/writer/JavaFileWriter
instanceKlass android/databinding/tool/DataBindingBuilder
instanceKlass com/android/build/gradle/internal/tasks/factory/TaskManagerConfigImpl
instanceKlass com/android/build/gradle/internal/VariantManager$createVariantsFromCombination$variantExtensionConfig$1
instanceKlass com/android/build/api/variant/VariantExtensionConfig
instanceKlass  @bci com/android/build/api/component/impl/HostTestImpl_Decorated $gradleInit ()V 1 <appendix> member <vmtarget> ; # com/android/build/api/component/impl/HostTestImpl_Decorated$$Lambda+0x0000000101603810
instanceKlass com/android/build/api/variant/impl/AndroidResourcesImplKt
instanceKlass com/android/build/gradle/internal/core/dsl/impl/features/AndroidResourcesDslInfoImpl
instanceKlass com/android/build/gradle/internal/core/dsl/features/AndroidResourcesDslInfo
# instanceKlass java/lang/invoke/LambdaForm$MH+0x0000000101609000
# instanceKlass java/lang/invoke/LambdaForm$MH+0x0000000101608c00
# instanceKlass java/lang/invoke/LambdaForm$MH+0x0000000101608800
# instanceKlass java/lang/invoke/LambdaForm$MH+0x0000000101608400
# instanceKlass java/lang/invoke/LambdaForm$MH+0x0000000101608000
# instanceKlass java/lang/invoke/LambdaForm$MH+0x0000000101601c00
# instanceKlass java/lang/invoke/LambdaForm$MH+0x0000000101601800
# instanceKlass java/lang/invoke/LambdaForm$MH+0x0000000101601400
# instanceKlass java/lang/invoke/LambdaForm$MH+0x0000000101601000
# instanceKlass java/lang/invoke/LambdaForm$MH+0x0000000101600c00
# instanceKlass java/lang/invoke/LambdaForm$MH+0x0000000101600800
# instanceKlass java/lang/invoke/LambdaForm$MH+0x0000000101600400
instanceKlass com/android/build/gradle/internal/scope/UnitTestBuildFeatureValuesImpl
instanceKlass com/android/build/gradle/internal/core/dsl/impl/features/UnitTestOptionsDslInfoImpl
instanceKlass com/android/build/gradle/internal/core/dsl/features/UnitTestOptionsDslInfo
instanceKlass com/android/build/gradle/internal/core/dsl/HostTestComponentDslInfo
instanceKlass  @bci com/android/build/api/component/impl/DeviceTestImpl_Decorated $gradleInit ()V 1 <appendix> member <vmtarget> ; # com/android/build/api/component/impl/DeviceTestImpl_Decorated$$Lambda+0x0000000101605a20
instanceKlass com/android/build/gradle/internal/core/dsl/impl/InstrumentedTestDslInfoImpl$sam$org_gradle_api_Transformer$0
instanceKlass com/android/build/gradle/internal/core/dsl/impl/InstrumentedTestDslInfoImpl
instanceKlass com/android/build/gradle/internal/core/dsl/impl/DslInfoCommonKt$getTestComponentNamespace$2$1
# instanceKlass java/lang/invoke/LambdaForm$MH+0x0000000101600000
# instanceKlass java/lang/invoke/LambdaForm$MH+0x00000001015fbc00
# instanceKlass java/lang/invoke/LambdaForm$MH+0x00000001015fb800
# instanceKlass java/lang/invoke/LambdaForm$MH+0x00000001015fb400
# instanceKlass java/lang/invoke/LambdaForm$MH+0x00000001015fb000
# instanceKlass java/lang/invoke/LambdaForm$MH+0x00000001015fac00
# instanceKlass java/lang/invoke/LambdaForm$MH+0x00000001015fa800
# instanceKlass java/lang/invoke/LambdaForm$MH+0x00000001015fa400
# instanceKlass java/lang/invoke/LambdaForm$MH+0x00000001015fa000
# instanceKlass java/lang/invoke/LambdaForm$MH+0x00000001015f9c00
# instanceKlass java/lang/invoke/LambdaForm$MH+0x00000001015f9800
# instanceKlass java/lang/invoke/LambdaForm$MH+0x00000001015f9400
# instanceKlass java/lang/invoke/LambdaForm$MH+0x00000001015f9000
# instanceKlass java/lang/invoke/LambdaForm$MH+0x00000001015f8c00
instanceKlass org/gradle/internal/reflect/MethodSet$1
instanceKlass com/android/build/gradle/internal/component/DeviceTestCreationConfig
instanceKlass com/android/build/gradle/internal/component/InstrumentedTestCreationConfig
instanceKlass com/android/build/gradle/internal/dependency/ConstraintHandler$sam$org_gradle_api_Action$0
instanceKlass com/android/build/gradle/internal/dependency/ConstraintHandler
instanceKlass  @bci org/gradle/api/internal/artifacts/dependencies/DefaultProjectDependency_Decorated $gradleInit ()V 1 <appendix> member <vmtarget> ; # org/gradle/api/internal/artifacts/dependencies/DefaultProjectDependency_Decorated$$Lambda+0x000000010154b958
# instanceKlass java/lang/invoke/LambdaForm$MH+0x00000001015f8800
# instanceKlass java/lang/invoke/LambdaForm$MH+0x00000001015f8400
# instanceKlass java/lang/invoke/LambdaForm$MH+0x00000001015f8000
instanceKlass org/gradle/api/internal/artifacts/dependencies/ProjectDependencyInternal
instanceKlass com/android/build/gradle/internal/core/dsl/impl/DslInfoCommonKt$sam$org_gradle_api_Transformer$0
instanceKlass com/android/build/gradle/internal/core/dsl/impl/DslInfoCommonKt
instanceKlass com/android/build/gradle/internal/core/dsl/AndroidTestComponentDslInfo
instanceKlass com/android/build/gradle/internal/core/dsl/InstrumentedTestComponentDslInfo
instanceKlass com/android/build/gradle/internal/core/dsl/TestComponentDslInfo
instanceKlass com/android/build/gradle/internal/variant/ComponentInfo
instanceKlass com/android/build/gradle/internal/utils/VariantPostCreationChecksKt
instanceKlass com/android/build/api/variant/impl/VariantOutputList$Companion
instanceKlass com/android/build/api/variant/impl/ApplicationVariantImpl$sam$org_gradle_api_Transformer$0
instanceKlass com/android/build/gradle/internal/core/dsl/NestedComponentDslInfo
instanceKlass com/android/build/api/variant/impl/VariantOutputConfigurationImplKt$WhenMappings
instanceKlass com/android/build/api/variant/impl/VariantOutputConfigurationImplKt
instanceKlass com/android/build/gradle/internal/core/dsl/impl/ApplicationVariantDslInfoImpl$versionName$2$2
instanceKlass com/android/build/gradle/internal/core/dsl/impl/ApplicationVariantDslInfoImpl$versionCode$2$2
instanceKlass com/android/build/api/variant/impl/VariantOutputImpl
instanceKlass com/android/build/api/variant/VariantOutput
instanceKlass com/android/build/api/variant/impl/VariantOutputConfigurationImpl
instanceKlass com/android/build/gradle/internal/core/MergedExternalNativeCmakeOptions
instanceKlass com/android/build/gradle/internal/core/MergedExternalNativeNdkBuildOptions
instanceKlass com/android/build/gradle/internal/core/MergedExternalNativeBuildOptions
instanceKlass com/android/build/gradle/internal/core/MergedNdkConfig
instanceKlass com/android/build/gradle/internal/core/dsl/impl/features/NativeBuildDslInfoImpl
instanceKlass com/android/build/gradle/internal/core/dsl/features/NativeBuildDslInfo
instanceKlass com/android/build/api/component/impl/features/NativeBuildCreationConfigImpl
instanceKlass com/android/build/gradle/internal/variant/BaseVariantData$WhenMappings
instanceKlass  @bci com/android/build/api/variant/impl/ApplicationVariantImpl_Decorated $gradleInit ()V 1 <appendix> member <vmtarget> ; # com/android/build/api/variant/impl/ApplicationVariantImpl_Decorated$$Lambda+0x00000001015ee5a0
instanceKlass com/android/build/api/variant/impl/MetadataRecord
instanceKlass com/android/build/api/variant/impl/CodeTransparencyImpl
instanceKlass com/android/build/api/variant/CodeTransparency
instanceKlass com/android/build/api/component/impl/AnnotationProcessorImpl$sam$org_gradle_api_Transformer$0
instanceKlass com/android/build/api/component/impl/AnnotationProcessorImpl
instanceKlass com/android/build/api/variant/AnnotationProcessor
instanceKlass com/android/build/api/component/impl/JavaCompilationImpl
instanceKlass com/android/build/gradle/internal/core/dsl/impl/VariantDslInfoImpl$namespace$1
# instanceKlass java/lang/invoke/LambdaForm$MH+0x00000001015eb000
# instanceKlass java/lang/invoke/LambdaForm$MH+0x00000001015eac00
# instanceKlass java/lang/invoke/LambdaForm$MH+0x00000001015ea800
# instanceKlass java/lang/invoke/LambdaForm$MH+0x00000001015ea400
# instanceKlass java/lang/invoke/LambdaForm$MH+0x00000001015ea000
# instanceKlass java/lang/invoke/LambdaForm$MH+0x00000001015e9c00
# instanceKlass java/lang/invoke/LambdaForm$MH+0x00000001015e9800
# instanceKlass java/lang/invoke/LambdaForm$MH+0x00000001015e9400
# instanceKlass java/lang/invoke/LambdaForm$MH+0x00000001015e9000
# instanceKlass java/lang/invoke/LambdaForm$MH+0x00000001015e8c00
# instanceKlass java/lang/invoke/LambdaForm$MH+0x00000001015e8800
# instanceKlass java/lang/invoke/LambdaForm$MH+0x00000001015e8400
# instanceKlass java/lang/invoke/LambdaForm$MH+0x00000001015e8000
instanceKlass com/android/build/api/variant/ResValue
instanceKlass com/android/build/gradle/internal/core/ProductFlavor
instanceKlass com/android/build/api/variant/BuildConfigField
instanceKlass com/android/build/gradle/internal/component/VariantCreationConfig$Companion
instanceKlass com/android/build/api/variant/AndroidTest
instanceKlass com/android/build/api/variant/Instrumentation
instanceKlass com/android/build/api/component/impl/LifecycleTasksImpl
instanceKlass com/android/build/api/variant/LifecycleTasks
instanceKlass com/android/build/api/variant/JavaCompilation
instanceKlass com/android/build/gradle/internal/component/features/ResValuesCreationConfig
instanceKlass com/android/build/api/component/impl/ModelV1LegacySupportImpl
instanceKlass com/android/build/gradle/internal/component/legacy/ModelV1LegacySupport
instanceKlass com/android/build/gradle/internal/component/features/InstrumentationCreationConfig
instanceKlass com/android/build/gradle/internal/component/features/AndroidResourcesCreationConfig
instanceKlass com/android/build/gradle/internal/component/legacy/OldVariantApiLegacySupport
instanceKlass com/android/build/gradle/internal/component/features/PrivacySandboxCreationConfig
instanceKlass com/android/build/api/variant/impl/SourcesImpl
instanceKlass com/android/build/api/variant/InternalSources
instanceKlass com/android/build/api/variant/Sources
instanceKlass com/android/build/api/variant/ResValue$Key
instanceKlass com/android/build/api/component/UnitTest
instanceKlass com/android/build/gradle/internal/component/features/ManifestPlaceholdersCreationConfig
instanceKlass com/android/build/gradle/internal/component/features/ShadersCreationConfig
instanceKlass com/android/build/api/variant/ExternalNativeBuild
instanceKlass com/android/build/gradle/internal/component/features/OptimizationCreationConfig
instanceKlass com/android/build/gradle/internal/component/features/BuildConfigCreationConfig
instanceKlass com/android/build/gradle/internal/component/features/NativeBuildCreationConfig
instanceKlass com/android/build/gradle/internal/component/features/RenderscriptCreationConfig
instanceKlass com/android/build/api/variant/UnitTest
instanceKlass com/android/build/api/variant/ApkOutputProviders
instanceKlass com/android/build/api/variant/impl/BundleConfigImpl
instanceKlass com/android/build/api/variant/BundleConfig
instanceKlass com/android/build/api/variant/DeviceTest
instanceKlass com/android/build/api/variant/GeneratesTestApk
instanceKlass com/android/build/gradle/internal/component/HostTestCreationConfig
instanceKlass com/android/build/api/variant/HostTest
instanceKlass com/android/build/api/variant/TestComponent
instanceKlass com/android/build/gradle/internal/component/TestComponentCreationConfig
instanceKlass com/android/build/gradle/internal/component/TestCreationConfig
instanceKlass com/android/build/gradle/internal/component/TestFixturesCreationConfig
instanceKlass com/android/build/gradle/internal/component/AarCreationConfig
instanceKlass com/android/build/gradle/internal/component/NestedComponentCreationConfig
instanceKlass com/android/build/api/variant/TestFixtures
instanceKlass com/android/build/api/variant/GeneratesAar
instanceKlass com/android/build/api/variant/VariantOutputConfiguration
instanceKlass com/android/build/api/variant/impl/SigningConfigImpl
instanceKlass com/android/build/api/variant/SigningConfig
instanceKlass com/android/build/api/variant/Renderscript
instanceKlass com/android/build/gradle/internal/component/features/DexingCreationConfig
instanceKlass com/android/build/api/variant/Dexing
instanceKlass com/android/build/api/variant/DependenciesInfo
instanceKlass com/android/build/api/variant/impl/AndroidResourcesImpl
instanceKlass com/android/build/api/variant/ApplicationAndroidResources
instanceKlass com/android/build/api/variant/AndroidResources
instanceKlass com/android/build/api/variant/impl/VariantOutputList
instanceKlass com/android/build/api/variant/impl/PackagingImpl
instanceKlass com/android/build/api/variant/TestedApkPackaging
instanceKlass com/android/build/api/variant/ApkPackaging
instanceKlass com/android/build/api/variant/TestedComponentPackaging
instanceKlass com/android/build/api/variant/Packaging
instanceKlass  @bci com/android/build/api/variant/impl/DependenciesInfoBuilderImpl_Decorated $gradleInit ()V 1 <appendix> member <vmtarget> ; # com/android/build/api/variant/impl/DependenciesInfoBuilderImpl_Decorated$$Lambda+0x00000001015d9328
instanceKlass com/android/build/gradle/internal/services/VariantBuilderServicesImpl$ValueImpl
instanceKlass com/android/build/gradle/internal/services/VariantBuilderServices$Value
instanceKlass com/android/build/api/variant/impl/DependenciesInfoBuilderImpl
instanceKlass com/android/build/api/component/impl/ComponentImpl
instanceKlass com/android/build/api/variant/impl/HasTestFixtures
instanceKlass com/android/build/api/variant/impl/HasHostTestsCreationConfig
instanceKlass com/android/build/api/variant/impl/HasDeviceTestsCreationConfig
instanceKlass org/gradle/api/internal/resources/StringBackedTextResource
instanceKlass com/android/build/gradle/internal/variant/BaseVariantData$Companion
instanceKlass com/android/build/gradle/internal/variant/BaseVariantData
instanceKlass com/android/build/gradle/internal/variant/TestedVariantData
instanceKlass com/android/build/gradle/internal/scope/MutableTaskContainer
instanceKlass com/android/build/gradle/internal/scope/TaskContainer
instanceKlass com/android/build/gradle/internal/variant/VariantPathHelper$Companion
instanceKlass com/android/build/gradle/internal/variant/VariantPathHelper
instanceKlass com/android/build/gradle/internal/dependency/VariantDependencies$Companion
instanceKlass com/android/build/gradle/internal/dependency/VariantDependencies
instanceKlass com/android/build/gradle/internal/dependency/ResolutionResultProvider
instanceKlass com/android/build/gradle/internal/publishing/PublishedConfigSpec
instanceKlass com/android/build/gradle/internal/attributes/VariantAttr$Impl
instanceKlass com/android/build/gradle/internal/attributes/VariantAttr$Companion
instanceKlass com/android/build/gradle/internal/attributes/VariantAttr
instanceKlass com/android/build/api/attributes/BuildTypeAttr$Impl
instanceKlass org/apache/commons/lang/WordUtils
instanceKlass com/android/build/api/attributes/BuildTypeAttr$Companion
instanceKlass com/android/build/api/attributes/BuildTypeAttr
instanceKlass com/android/build/api/attributes/AgpVersionAttr$Impl
instanceKlass com/android/build/api/attributes/AgpVersionAttr$Companion
instanceKlass com/android/build/api/attributes/AgpVersionAttr
instanceKlass org/gradle/api/attributes/java/TargetJvmEnvironment$Impl
instanceKlass com/android/build/gradle/internal/dependency/VariantDependenciesBuilder
instanceKlass com/android/build/gradle/internal/core/VariantSources
instanceKlass  @bci com/android/build/api/variant/impl/ApplicationVariantBuilderImpl_Decorated $gradleInit ()V 1 <appendix> member <vmtarget> ; # com/android/build/api/variant/impl/ApplicationVariantBuilderImpl_Decorated$$Lambda+0x00000001015c9640
instanceKlass com/android/build/gradle/internal/dsl/ModulePropertyKey$BooleanWithDefault$Companion
instanceKlass com/android/build/gradle/internal/dsl/ModulePropertyKey
instanceKlass com/android/build/api/variant/impl/HostTestBuilderImpl$Companion
instanceKlass com/android/build/api/variant/impl/HostTestBuilderImpl
instanceKlass com/android/build/api/variant/impl/ApplicationAndroidResourcesBuilderImpl
instanceKlass com/android/build/api/variant/impl/DeviceTestBuilderImpl$Companion
instanceKlass com/android/build/gradle/internal/core/dsl/impl/features/DexingDslInfoImpl
instanceKlass com/android/build/gradle/internal/core/dsl/features/DexingDslInfo
instanceKlass com/android/build/gradle/internal/profile/ProfilingMode$Companion
instanceKlass com/android/build/gradle/internal/core/dsl/impl/features/OptimizationDslInfoImpl$postProcessingOptions$2$1
instanceKlass com/android/build/gradle/internal/core/PostProcessingOptions
instanceKlass com/android/build/gradle/internal/core/MergedOptimization
instanceKlass com/android/build/gradle/internal/core/dsl/impl/features/OptimizationDslInfoImpl
instanceKlass com/android/build/gradle/internal/core/dsl/features/OptimizationDslInfo
instanceKlass com/android/build/gradle/internal/core/dsl/impl/features/RenderscriptDslInfoImpl
instanceKlass com/android/build/gradle/internal/core/dsl/features/RenderscriptDslInfo
instanceKlass com/google/common/collect/Lists$ReverseList$1
instanceKlass com/android/build/gradle/internal/core/dsl/impl/VariantDslInfoImpl$initApplicationId$2
instanceKlass com/android/build/gradle/internal/core/MergedFlavor$Companion
instanceKlass com/android/build/gradle/internal/core/InternalBaseVariant$MergedFlavor
# instanceKlass java/lang/invoke/LambdaForm$MH+0x00000001015c8000
instanceKlass com/android/build/api/annotations/ReplacedByIncubating
instanceKlass com/android/build/api/variant/impl/DeviceTestBuilderImpl
instanceKlass com/android/build/api/variant/HostTestBuilder
instanceKlass com/android/build/api/variant/impl/MutableAndroidVersion
instanceKlass com/android/build/api/variant/AndroidVersion
instanceKlass com/android/build/api/variant/AndroidTestBuilder
instanceKlass com/android/build/api/variant/DeviceTestBuilder
instanceKlass com/android/build/api/variant/GeneratesTestApkBuilder
instanceKlass com/android/build/api/variant/DependenciesInfoBuilder
instanceKlass com/android/build/api/variant/ApplicationAndroidResourcesBuilder
instanceKlass com/android/build/api/variant/AndroidResourcesBuilder
instanceKlass com/android/build/api/component/impl/ComponentBuilderImpl
instanceKlass com/android/build/api/variant/impl/InternalVariantBuilder
instanceKlass com/android/build/gradle/internal/core/dsl/ComponentDslInfo$DslDefinedDeviceTest
instanceKlass com/android/build/gradle/internal/core/dsl/ComponentDslInfo$DslDefinedHostTest
instanceKlass com/android/build/gradle/internal/core/dsl/impl/features/PrivacySandboxDslInfoImpl
instanceKlass com/android/build/gradle/internal/core/dsl/features/PrivacySandboxDslInfo
instanceKlass com/android/build/gradle/internal/core/MergedJavaCompileOptions
instanceKlass com/android/build/gradle/internal/core/MergedOptions
instanceKlass com/android/build/gradle/internal/core/dsl/impl/ComponentDslInfoImpl
instanceKlass com/android/build/gradle/internal/publishing/VariantPublishingInfo
instanceKlass com/android/build/gradle/internal/utils/PublishingUtils
instanceKlass com/android/build/gradle/internal/core/dsl/impl/DslInfoUtilsKt
instanceKlass com/android/build/api/component/impl/ComponentIdentityImpl
instanceKlass com/android/build/gradle/internal/manifest/LazyManifestParser$sam$org_gradle_api_Transformer$0
instanceKlass  @bci com/android/build/gradle/internal/manifest/ManifestValueSource$Params_Decorated $gradleInit ()V 1 <appendix> member <vmtarget> ; # com/android/build/gradle/internal/manifest/ManifestValueSource$Params_Decorated$$Lambda+0x00000001015bd630
instanceKlass com/android/build/gradle/internal/manifest/ManifestValueSource$Params_Decorated
instanceKlass com/android/build/gradle/internal/manifest/ManifestValueSource$Params
instanceKlass com/android/build/gradle/internal/manifest/LazyManifestParser$sam$org_gradle_api_Action$0
instanceKlass com/android/build/gradle/internal/manifest/ManifestValueSource
instanceKlass com/android/build/gradle/internal/manifest/LazyManifestParser
instanceKlass com/android/build/gradle/internal/manifest/ManifestDataProvider
instanceKlass com/android/build/gradle/internal/VariantManager$sam$java_util_function_Function$0
instanceKlass com/android/build/gradle/internal/core/dsl/impl/DslInfoBuilder$Companion
instanceKlass com/android/build/gradle/internal/core/dsl/impl/DslInfoBuilder
instanceKlass com/android/build/api/variant/impl/GlobalVariantBuilderConfigImpl
instanceKlass com/android/build/api/variant/impl/GlobalVariantBuilderConfig
instanceKlass com/android/build/gradle/internal/variant/DimensionCombinationImpl
instanceKlass com/android/build/gradle/internal/variant/DimensionCombinator$Companion
instanceKlass com/android/build/gradle/internal/variant/DimensionCombinator
instanceKlass com/android/build/api/dsl/LibraryBuildFeatures
instanceKlass com/android/build/gradle/internal/scope/BuildFeatureValuesImpl
instanceKlass com/android/build/gradle/internal/scope/BuildFeatureValues
instanceKlass com/android/build/gradle/internal/profile/AnalyticsUtil
instanceKlass  @bci java/util/Comparator thenComparing (Ljava/util/Comparator;)Ljava/util/Comparator; 7 <appendix> member <vmtarget> ; # java/util/Comparator$$Lambda+0x00000001014c2158
instanceKlass  @cpi java/util/Comparator 251 form vmentry <vmtarget> ; # java/lang/invoke/LambdaForm$DMH+0x00000001015bc000
instanceKlass  @bci org/gradle/api/internal/file/collections/ReproducibleDirectoryWalker <clinit> ()V 8 <appendix> argL0 ; # org/gradle/api/internal/file/collections/ReproducibleDirectoryWalker$$Lambda+0x00000001015b84a0
instanceKlass  @bci org/gradle/api/internal/file/collections/ReproducibleDirectoryWalker <clinit> ()V 0 <appendix> argL0 ; # org/gradle/api/internal/file/collections/ReproducibleDirectoryWalker$$Lambda+0x00000001015b8248
instanceKlass org/gradle/api/internal/file/collections/ReproducibleDirectoryWalker
instanceKlass org/gradle/internal/nativeintegration/services/FileSystems
instanceKlass org/gradle/api/internal/file/collections/DefaultDirectoryWalker
instanceKlass org/gradle/api/file/FileTreeElement
instanceKlass org/gradle/api/internal/file/collections/DirectoryWalker
instanceKlass com/android/build/gradle/internal/utils/KgpUtils$sam$org_gradle_api_Action$0
instanceKlass com/android/build/gradle/internal/utils/KgpUtils
instanceKlass com/android/build/gradle/internal/plugins/DslContainerProvider$sam$org_gradle_api_Action$0
instanceKlass com/android/build/gradle/internal/plugins/BasePlugin$createAndroidTasks$1
instanceKlass org/gradle/api/plugins/JavaPlugin
instanceKlass com/android/build/gradle/tasks/JavaCompileUtils
instanceKlass com/android/build/gradle/internal/plugins/BasePlugin$createTasks$2$1
instanceKlass org/gradle/configuration/internal/DefaultListenerBuildOperationDecorator$ExecuteListenerDetails
instanceKlass org/gradle/configuration/internal/DefaultListenerBuildOperationDecorator$Operation
instanceKlass org/gradle/kotlin/dsl/AndroidTestImplementationConfigurationAccessorsKt
instanceKlass org/gradle/kotlin/dsl/TestImplementationConfigurationAccessorsKt
instanceKlass  @bci org/gradle/api/internal/collections/AbstractIterationOrderRetainingElementSource cachingElement (Lorg/gradle/api/internal/provider/ProviderInternal;)Lorg/gradle/api/internal/collections/AbstractIterationOrderRetainingElementSource$Element; 19 <appendix> member <vmtarget> ; # org/gradle/api/internal/collections/AbstractIterationOrderRetainingElementSource$$Lambda+0x00000001015b3bd8
instanceKlass  @bci org/gradle/api/internal/artifacts/dsl/dependencies/DefaultDependencyHandler mapDependencyProvider (Lorg/gradle/api/artifacts/Configuration;Lgroovy/lang/Closure;)Lorg/gradle/api/Transformer; 3 <appendix> member <vmtarget> ; # org/gradle/api/internal/artifacts/dsl/dependencies/DefaultDependencyHandler$$Lambda+0x000000010154a3b0
instanceKlass org/gradle/kotlin/dsl/ImplementationConfigurationAccessorsKt
instanceKlass org/gradle/api/internal/catalog/AbstractExternalDependencyFactory$1
instanceKlass  @bci org/gradle/api/internal/catalog/DependencyValueSource$Params_Decorated $gradleInit ()V 1 <appendix> member <vmtarget> ; # org/gradle/api/internal/catalog/DependencyValueSource$Params_Decorated$$Lambda+0x0000000101549f20
instanceKlass org/gradle/api/internal/catalog/DependencyValueSource$Params_Decorated
instanceKlass org/gradle/api/internal/catalog/DependencyValueSource$Params
instanceKlass  @bci org/gradle/api/internal/catalog/AbstractExternalDependencyFactory create (Ljava/lang/String;)Lorg/gradle/api/provider/Provider; 8 <appendix> member <vmtarget> ; # org/gradle/api/internal/catalog/AbstractExternalDependencyFactory$$Lambda+0x00000001015496b0
instanceKlass org/gradle/api/internal/catalog/DependencyValueSource
instanceKlass org/gradle/kotlin/dsl/accessors/runtime/RuntimeKt
instanceKlass org/gradle/kotlin/dsl/DependencyHandlerScope$Companion
instanceKlass org/gradle/kotlin/dsl/support/delegates/DependencyHandlerDelegate
instanceKlass org/gradle/kotlin/dsl/ProjectExtensionsKt
instanceKlass org/jetbrains/kotlin/gradle/dsl/KotlinJvmOptions$DefaultImpls
instanceKlass org/gradle/kotlin/dsl/Accessors6ijptz36i787i38pli2t3331aKt
instanceKlass Build_gradle$1$4
instanceKlass com/android/build/gradle/internal/dsl/CommonExtensionImpl$sam$org_gradle_api_Action$0
instanceKlass com/android/builder/core/DefaultApiVersion
instanceKlass com/android/build/gradle/internal/utils/SdkUtilsKt
instanceKlass org/gradle/kotlin/dsl/Accessors377twfxlhpj2n65rquy9ybeqsKt
instanceKlass Build_gradle$1
instanceKlass org/gradle/kotlin/dsl/support/ProjectScriptHost
instanceKlass org/gradle/kotlin/dsl/support/DefaultKotlinScriptKt
instanceKlass  @bci org/jetbrains/kotlin/backend/jvm/codegen/ExpressionCodegen propagateChildReifiedTypeParametersUsages (Lorg/jetbrains/kotlin/codegen/inline/ReifiedTypeParametersUsages;)V 13 <appendix> member <vmtarget> ; # org/jetbrains/kotlin/backend/jvm/codegen/ExpressionCodegen$$Lambda+0x00000001015b1dd8
instanceKlass org/jetbrains/kotlin/codegen/inline/MethodInliner$PointForExternalFinallyBlocks
instanceKlass org/jetbrains/org/objectweb/asm/util/Printer
instanceKlass org/jetbrains/kotlin/codegen/inline/SplittableInterval
instanceKlass org/jetbrains/kotlin/codegen/inline/Interval
instanceKlass org/jetbrains/kotlin/codegen/inline/CoveringTryCatchNodeProcessor
instanceKlass org/jetbrains/kotlin/codegen/inline/LocalVarRemapper$RemapInfo
instanceKlass  @bci org/jetbrains/kotlin/codegen/inline/coroutines/CoroutineTransformerKt surroundInvokesWithSuspendMarkersIfNeeded (Lorg/jetbrains/org/objectweb/asm/tree/MethodNode;)V 19 <appendix> argL0 ; # org/jetbrains/kotlin/codegen/inline/coroutines/CoroutineTransformerKt$$Lambda+0x00000001015aeb90
instanceKlass org/jetbrains/kotlin/codegen/inline/coroutines/CoroutineTransformerKt
instanceKlass org/jetbrains/org/objectweb/asm/ConstantDynamic
instanceKlass org/jetbrains/kotlin/codegen/inline/coroutines/CoroutineTransformer$Companion
instanceKlass org/jetbrains/kotlin/codegen/inline/coroutines/CoroutineTransformer
instanceKlass org/jetbrains/org/objectweb/asm/commons/Remapper
instanceKlass  @bci org/jetbrains/kotlin/codegen/inline/MethodInliner markPlacesForInlineAndRemoveInlinable (Lorg/jetbrains/org/objectweb/asm/tree/MethodNode;Ljava/util/Map;I)Lorg/jetbrains/org/objectweb/asm/tree/MethodNode; 1316 <appendix> member <vmtarget> ; # org/jetbrains/kotlin/codegen/inline/MethodInliner$$Lambda+0x00000001015ac1b8
instanceKlass  @bci org/jetbrains/kotlin/codegen/inline/MethodInliner markPlacesForInlineAndRemoveInlinable (Lorg/jetbrains/org/objectweb/asm/tree/MethodNode;Ljava/util/Map;I)Lorg/jetbrains/org/objectweb/asm/tree/MethodNode; 1311 <appendix> argL0 ; # org/jetbrains/kotlin/codegen/inline/MethodInliner$$Lambda+0x00000001015abf80
instanceKlass org/jetbrains/org/objectweb/asm/tree/TryCatchBlockNode
instanceKlass  @bci org/jetbrains/kotlin/codegen/inline/ReifiedTypeInliner$Companion isNeedClassReificationMarker (Lorg/jetbrains/org/objectweb/asm/tree/AbstractInsnNode;)Z 8 <appendix> argL0 ; # org/jetbrains/kotlin/codegen/inline/ReifiedTypeInliner$Companion$$Lambda+0x00000001015abb10
instanceKlass  @bci org/jetbrains/kotlin/codegen/inline/MethodInlinerUtilKt analyzeMethodNodeWithInterpreter (Lorg/jetbrains/org/objectweb/asm/tree/MethodNode;Lorg/jetbrains/org/objectweb/asm/tree/analysis/BasicInterpreter;)[Lorg/jetbrains/org/objectweb/asm/tree/analysis/Frame; 24 <appendix> argL0 ; # org/jetbrains/kotlin/codegen/inline/MethodInlinerUtilKt$$Lambda+0x00000001015ab3d8
instanceKlass org/jetbrains/kotlin/codegen/inline/MethodInliner$LocalReturnsNormalizer$LocalReturn
instanceKlass org/jetbrains/kotlin/codegen/inline/MethodInliner$LocalReturnsNormalizer
instanceKlass  @bci org/jetbrains/kotlin/codegen/inline/MethodInliner preprocessNodeBeforeInline (Lorg/jetbrains/org/objectweb/asm/tree/MethodNode;Ljava/util/Map;)V 125 <appendix> argL0 ; # org/jetbrains/kotlin/codegen/inline/MethodInliner$$Lambda+0x00000001015aa320
instanceKlass org/jetbrains/kotlin/codegen/inline/LocalVarRemapper
instanceKlass org/jetbrains/kotlin/codegen/inline/InlineResult$Companion
instanceKlass org/jetbrains/kotlin/codegen/inline/InlineResult
instanceKlass  @bci org/jetbrains/kotlin/codegen/inline/InlineCodegen inlineCall (Lorg/jetbrains/kotlin/codegen/inline/SMAPAndMethodNode;Z)Lorg/jetbrains/kotlin/codegen/inline/InlineResult; 700 <appendix> member <vmtarget> ; # org/jetbrains/kotlin/codegen/inline/InlineCodegen$$Lambda+0x00000001015a8260
instanceKlass org/jetbrains/kotlin/codegen/inline/FieldRemapper$Companion
instanceKlass org/jetbrains/kotlin/codegen/inline/FieldRemapper
instanceKlass org/jetbrains/kotlin/codegen/inline/MethodInliner$Companion
instanceKlass org/jetbrains/kotlin/codegen/inline/MethodInliner
instanceKlass org/jetbrains/kotlin/codegen/inline/TypeRemapper$Companion
instanceKlass org/jetbrains/kotlin/codegen/inline/TypeRemapper
instanceKlass org/jetbrains/kotlin/codegen/inline/InlineCallSiteInfo
instanceKlass  @bci org/jetbrains/kotlin/codegen/inline/NameGenerator subGenerator (Ljava/lang/String;)Lorg/jetbrains/kotlin/codegen/inline/NameGenerator; 6 <appendix> member <vmtarget> ; # org/jetbrains/kotlin/codegen/inline/NameGenerator$$Lambda+0x00000001015a70c8
instanceKlass org/jetbrains/kotlin/codegen/inline/InliningContext
instanceKlass  @bci org/jetbrains/kotlin/codegen/inline/Parameters <init> (Ljava/util/List;)V 123 <appendix> member <vmtarget> ; # org/jetbrains/kotlin/codegen/inline/Parameters$$Lambda+0x00000001015a6808
instanceKlass  @bci org/jetbrains/kotlin/codegen/inline/Parameters <init> (Ljava/util/List;)V 110 <appendix> member <vmtarget> ; # org/jetbrains/kotlin/codegen/inline/Parameters$$Lambda+0x00000001015a65c8
instanceKlass org/jetbrains/kotlin/codegen/inline/Parameters
instanceKlass org/jetbrains/kotlin/codegen/inline/MethodId
instanceKlass org/jetbrains/kotlin/codegen/inline/SourceCompilerForInlineKt
instanceKlass org/jetbrains/kotlin/backend/jvm/codegen/IrSourceCompilerForInline$compileInlineFunction$2
instanceKlass org/jetbrains/kotlin/backend/common/CommonCoroutineCodegenUtilKt
instanceKlass org/jetbrains/kotlin/codegen/inline/InlineIntrinsicsKt
instanceKlass  @bci org/jetbrains/kotlin/backend/jvm/codegen/IrInlineCallGenerator genCall (Lorg/jetbrains/kotlin/backend/jvm/mapping/IrCallableMethod;Lorg/jetbrains/kotlin/backend/jvm/codegen/ExpressionCodegen;Lorg/jetbrains/kotlin/ir/expressions/IrFunctionAccessExpression;Z)V 69 <appendix> member <vmtarget> ; # org/jetbrains/kotlin/backend/jvm/codegen/IrInlineCallGenerator$$Lambda+0x00000001015a53b8
instanceKlass org/jetbrains/kotlin/codegen/inline/GlobalInlineContext$InlineFunctionSource
instanceKlass org/jetbrains/kotlin/codegen/inline/InlineCodegen$WhenMappings
instanceKlass org/jetbrains/kotlin/codegen/inline/ParameterInfo
instanceKlass org/jetbrains/kotlin/codegen/JvmKotlinType
instanceKlass org/jetbrains/kotlin/backend/jvm/codegen/IrInlineCodegen$WhenMappings
instanceKlass org/jetbrains/kotlin/resolve/inline/InlineOnlyKt
instanceKlass org/jetbrains/kotlin/codegen/inline/ParametersBuilder$Companion
instanceKlass org/jetbrains/kotlin/codegen/inline/ParametersBuilder
instanceKlass org/jetbrains/kotlin/codegen/inline/InlineCodegen$Companion
instanceKlass org/jetbrains/kotlin/codegen/inline/InlineCodegen
instanceKlass org/jetbrains/kotlin/backend/jvm/codegen/IrInlineCallGenerator
instanceKlass org/jetbrains/kotlin/backend/jvm/codegen/IrInlineIntrinsicsSupport
instanceKlass org/jetbrains/kotlin/codegen/inline/ReifiedTypeInliner$IntrinsicsSupport
instanceKlass org/jetbrains/kotlin/backend/jvm/codegen/IrSourceCompilerForInline
instanceKlass org/jetbrains/kotlin/codegen/inline/SourceCompilerForInline
instanceKlass org/jetbrains/kotlin/codegen/inline/TypeParameterMappings
instanceKlass  @bci org/jetbrains/kotlin/ir/descriptors/IrBasedTypeParameterDescriptor _defaultType_delegate$lambda$3 (Lorg/jetbrains/kotlin/ir/descriptors/IrBasedTypeParameterDescriptor;)Lorg/jetbrains/kotlin/types/SimpleType; 20 <appendix> member <vmtarget> ; # org/jetbrains/kotlin/ir/descriptors/IrBasedTypeParameterDescriptor$$Lambda+0x00000001015a1298
instanceKlass  @bci org/jetbrains/kotlin/ir/descriptors/IrBasedTypeParameterDescriptor <init> (Lorg/jetbrains/kotlin/ir/declarations/IrTypeParameter;)V 29 <appendix> member <vmtarget> ; # org/jetbrains/kotlin/ir/descriptors/IrBasedTypeParameterDescriptor$$Lambda+0x00000001015a1058
instanceKlass  @bci org/jetbrains/kotlin/ir/descriptors/IrBasedTypeParameterDescriptor <init> (Lorg/jetbrains/kotlin/ir/declarations/IrTypeParameter;)V 16 <appendix> member <vmtarget> ; # org/jetbrains/kotlin/ir/descriptors/IrBasedTypeParameterDescriptor$$Lambda+0x00000001015a0e18
instanceKlass org/jetbrains/kotlin/codegen/BaseExpressionCodegenKt
instanceKlass  @bci org/jetbrains/kotlin/backend/jvm/codegen/ExpressionCodegen getEnclosingFunctionForLocalObjects ()Lorg/jetbrains/kotlin/ir/declarations/IrFunction; 4 <appendix> argL0 ; # org/jetbrains/kotlin/backend/jvm/codegen/ExpressionCodegen$$Lambda+0x000000010159fbc0
instanceKlass org/jetbrains/kotlin/resolve/jvm/JdkClassesKt
instanceKlass  @bci org/jetbrains/kotlin/backend/jvm/mapping/IrTypeMapper writeFormalTypeParameters (Ljava/util/List;Lorg/jetbrains/kotlin/codegen/signature/JvmSignatureWriter;)V 78 <appendix> member <vmtarget> ; # org/jetbrains/kotlin/backend/jvm/mapping/IrTypeMapper$$Lambda+0x000000010159e828
instanceKlass org/jetbrains/kotlin/backend/common/lower/LocalDeclarationsLowering$PotentiallyUnusedField
instanceKlass  @bci org/jetbrains/kotlin/ir/util/IrFakeOverrideUtilsKt resolveFakeOverride (Lorg/jetbrains/kotlin/ir/declarations/IrOverridableDeclaration;Lkotlin/jvm/functions/Function1;)Lorg/jetbrains/kotlin/ir/declarations/IrOverridableDeclaration; 41 <appendix> argL0 ; # org/jetbrains/kotlin/ir/util/IrFakeOverrideUtilsKt$$Lambda+0x000000010159e3c8
instanceKlass org/jetbrains/kotlin/backend/jvm/MfvcNodeKt
instanceKlass org/jetbrains/kotlin/ir/util/RemapTypesHelper
instanceKlass org/jetbrains/kotlin/ir/util/RemapTypesKt
instanceKlass org/jetbrains/kotlin/backend/jvm/ir/IrArrayElement
instanceKlass org/jetbrains/kotlin/backend/jvm/ir/IrArrayBuilder
instanceKlass org/jetbrains/kotlin/ir/util/SymbolTableExtension$declareEnumEntry$$inlined$declare$1
instanceKlass  @bci org/jetbrains/kotlin/ir/util/DeclarationStubGenerator generateEnumEntryStub (Lorg/jetbrains/kotlin/descriptors/ClassDescriptor;)Lorg/jetbrains/kotlin/ir/declarations/IrEnumEntry; 57 <appendix> member <vmtarget> ; # org/jetbrains/kotlin/ir/util/DeclarationStubGenerator$$Lambda+0x000000010159c860
instanceKlass org/jetbrains/kotlin/resolve/lazy/descriptors/LazyAnnotationDescriptor
instanceKlass org/jetbrains/kotlin/resolve/lazy/descriptors/LazyAnnotationsKt
instanceKlass org/jetbrains/kotlin/psi2ir/transformations/InsertImplicitCasts$WhenMappings
instanceKlass  @bci org/jetbrains/kotlin/psi2ir/intermediate/AccessorPropertyLValue store (Lorg/jetbrains/kotlin/ir/expressions/IrExpression;)Lorg/jetbrains/kotlin/ir/expressions/IrExpression; 26 <appendix> member <vmtarget> ; # org/jetbrains/kotlin/psi2ir/intermediate/AccessorPropertyLValue$$Lambda+0x0000000101599fb8
instanceKlass org/jetbrains/kotlin/psi2ir/intermediate/PropertyLValueBase
instanceKlass org/jetbrains/kotlin/psi2ir/intermediate/AssignmentReceiver
instanceKlass org/jetbrains/kotlin/psi2ir/intermediate/LValue
instanceKlass org/jetbrains/kotlin/psi2ir/generators/OperatorConventionsKt
instanceKlass org/jetbrains/kotlin/metadata/jvm/JvmProtoBuf$1
instanceKlass org/jetbrains/kotlin/resolve/multiplatform/OptionalAnnotationUtil
instanceKlass org/jetbrains/kotlin/descriptors/DescriptorPsiUtilsKt
instanceKlass org/jetbrains/kotlin/cfg/CfgContainingDeclarationUtilsKt
instanceKlass  @bci org/jetbrains/kotlin/cfg/ControlFlowProcessor$CFPVisitor getDeferredValue (Lorg/jetbrains/kotlin/psi/KtExpression;)Lkotlin/jvm/functions/Function0; 2 <appendix> member <vmtarget> ; # org/jetbrains/kotlin/cfg/ControlFlowProcessor$CFPVisitor$$Lambda+0x0000000101590c68
instanceKlass  @bci org/jetbrains/kotlin/resolve/calls/components/ArgumentsUtilsKt isActualParameterWithCorrespondingExpectedDefault (Lorg/jetbrains/kotlin/descriptors/ValueParameterDescriptor;)Z 7 <appendix> argL0 ; # org/jetbrains/kotlin/resolve/calls/components/ArgumentsUtilsKt$$Lambda+0x0000000101590800
instanceKlass  @bci org/jetbrains/kotlin/resolve/calls/components/ArgumentsUtilsKt hasDefaultValue (Lorg/jetbrains/kotlin/descriptors/ValueParameterDescriptor;)Z 18 <appendix> argL0 ; # org/jetbrains/kotlin/resolve/calls/components/ArgumentsUtilsKt$$Lambda+0x0000000101591d38
instanceKlass  @bci org/jetbrains/kotlin/resolve/calls/components/ArgumentsUtilsKt hasDefaultValue (Lorg/jetbrains/kotlin/descriptors/ValueParameterDescriptor;)Z 13 <appendix> argL0 ; # org/jetbrains/kotlin/resolve/calls/components/ArgumentsUtilsKt$$Lambda+0x0000000101591b00
instanceKlass org/jetbrains/kotlin/resolve/calls/inference/model/MutableVariableWithConstraints
instanceKlass org/jetbrains/kotlin/resolve/calls/inference/model/TypeVariableKt
instanceKlass org/jetbrains/kotlin/resolve/calls/inference/model/NewTypeVariable
instanceKlass org/jetbrains/kotlin/resolve/annotations/UtilsKt
instanceKlass org/jetbrains/kotlin/resolve/deprecation/DeprecatedByAnnotation$Companion
instanceKlass org/jetbrains/kotlin/resolve/deprecation/DeprecationInfo
instanceKlass org/jetbrains/kotlin/load/kotlin/AbstractBinaryClassAnnotationLoaderKt
instanceKlass org/jetbrains/kotlin/metadata/jvm/deserialization/JvmFlags
instanceKlass  @bci org/jetbrains/kotlin/serialization/deserialization/MemberDeserializer getPropertyFieldAnnotations (Lorg/jetbrains/kotlin/metadata/ProtoBuf$Property;Z)Lorg/jetbrains/kotlin/descriptors/annotations/Annotations; 37 <appendix> member <vmtarget> ; # org/jetbrains/kotlin/serialization/deserialization/MemberDeserializer$$Lambda+0x0000000101592000
instanceKlass org/jetbrains/kotlin/resolve/calls/smartcasts/IdentifierInfo$EnumEntry
instanceKlass org/jetbrains/kotlin/resolve/scopes/receivers/PackageQualifier
instanceKlass org/jetbrains/kotlin/resolve/scopes/receivers/TypeParameterQualifier
instanceKlass org/jetbrains/kotlin/resolve/QualifiedExpressionResolveUtilKt
instanceKlass org/jetbrains/kotlin/descriptors/impl/EnumEntrySyntheticClassDescriptor$EnumEntryScope$3
instanceKlass org/jetbrains/kotlin/descriptors/impl/EnumEntrySyntheticClassDescriptor$EnumEntryScope$2
instanceKlass org/jetbrains/kotlin/descriptors/impl/EnumEntrySyntheticClassDescriptor$EnumEntryScope$1
instanceKlass  @bci org/jetbrains/kotlin/load/java/lazy/descriptors/LazyJavaClassMemberScope nestedClasses$lambda$59 (Lorg/jetbrains/kotlin/load/java/lazy/descriptors/LazyJavaClassMemberScope;Lorg/jetbrains/kotlin/load/java/lazy/LazyJavaResolverContext;Lorg/jetbrains/kotlin/name/Name;)Lorg/jetbrains/kotlin/descriptors/ClassDescriptor; 328 <appendix> member <vmtarget> ; # org/jetbrains/kotlin/load/java/lazy/descriptors/LazyJavaClassMemberScope$$Lambda+0x0000000101595db0
instanceKlass  @bci org/jetbrains/kotlin/load/java/lazy/descriptors/LazyJavaStaticClassScope computeNonDeclaredProperties (Lorg/jetbrains/kotlin/name/Name;Ljava/util/Collection;)V 32 <appendix> member <vmtarget> ; # org/jetbrains/kotlin/load/java/lazy/descriptors/LazyJavaStaticClassScope$$Lambda+0x0000000101595b70
instanceKlass  @bci org/jetbrains/kotlin/psi/psiUtil/KtPsiUtilKt getTopmostParentQualifiedExpressionForSelector (Lorg/jetbrains/kotlin/psi/KtSimpleNameExpression;)Lorg/jetbrains/kotlin/psi/KtQualifiedExpression; 7 <appendix> argL0 ; # org/jetbrains/kotlin/psi/psiUtil/KtPsiUtilKt$$Lambda+0x0000000101595438
instanceKlass org/jetbrains/kotlin/resolve/scopes/receivers/QualifierKt
instanceKlass org/jetbrains/kotlin/resolve/descriptorUtil/DescriptorUtilsKt$WhenMappings
instanceKlass org/jetbrains/kotlin/resolve/scopes/receivers/ClassQualifier
instanceKlass org/jetbrains/kotlin/resolve/scopes/receivers/ClassifierQualifier
instanceKlass org/jetbrains/kotlin/resolve/QualifiedExpressionResolverKt
instanceKlass org/jetbrains/kotlin/resolve/calls/tower/PSIErrorCallInfo
instanceKlass org/jetbrains/kotlin/resolve/calls/components/ErrorCallInfo
instanceKlass org/jetbrains/kotlin/diagnostics/AbstractDiagnostic
instanceKlass org/jetbrains/kotlin/diagnostics/DiagnosticWithParameters1Marker
instanceKlass org/jetbrains/kotlin/resolve/calls/model/TransformableToWarning
instanceKlass org/jetbrains/kotlin/resolve/calls/tower/ErrorCandidateFactoryKt$WhenMappings
instanceKlass org/jetbrains/kotlin/resolve/calls/tower/ErrorCandidateContext
instanceKlass org/jetbrains/kotlin/resolve/calls/tower/ErrorCandidateFactoryKt
instanceKlass org/jetbrains/kotlin/resolve/calls/tower/PSICallResolver$WhenMappings
instanceKlass org/jetbrains/kotlin/descriptors/DescriptorWithDeprecation$Companion
instanceKlass org/jetbrains/kotlin/descriptors/DescriptorWithDeprecation
# instanceKlass java/lang/invoke/LambdaForm$MH+0x0000000101590000
instanceKlass org/jetbrains/kotlin/resolve/calls/DslMarkerUtils$DslMarkersFromReceiver
instanceKlass  @bci org/jetbrains/kotlin/resolve/descriptorUtil/DescriptorUtilsKt getAllSuperClassifiers$doGetAllSuperClassesAndInterfaces (Lorg/jetbrains/kotlin/descriptors/ClassifierDescriptor;Ljava/util/HashSet;)Lkotlin/sequences/Sequence; 78 <appendix> member <vmtarget> ; # org/jetbrains/kotlin/resolve/descriptorUtil/DescriptorUtilsKt$$Lambda+0x000000010158d6a0
instanceKlass org/jetbrains/kotlin/resolve/calls/DslMarkerUtilsKt
instanceKlass org/jetbrains/kotlin/resolve/calls/DslMarkerUtils
instanceKlass  @bci org/jetbrains/kotlin/resolve/lazy/LazyImportScope getContributedVariables (Lorg/jetbrains/kotlin/name/Name;Lorg/jetbrains/kotlin/incremental/components/LookupLocation;)Ljava/util/Collection; 71 <appendix> member <vmtarget> ; # org/jetbrains/kotlin/resolve/lazy/LazyImportScope$$Lambda+0x000000010158d020
instanceKlass  @bci org/jetbrains/kotlin/resolve/lazy/LazyImportScope getContributedFunctions (Lorg/jetbrains/kotlin/name/Name;Lorg/jetbrains/kotlin/incremental/components/LookupLocation;)Ljava/util/Collection; 71 <appendix> member <vmtarget> ; # org/jetbrains/kotlin/resolve/lazy/LazyImportScope$$Lambda+0x000000010158cde0
instanceKlass org/jetbrains/kotlin/resolve/scopes/MemberScope$DefaultImpls
instanceKlass  @bci org/jetbrains/kotlin/resolve/calls/results/FlatSignatureKt isSignatureEquallyOrMoreSpecific (Lorg/jetbrains/kotlin/resolve/calls/results/SimpleConstraintSystem;Lorg/jetbrains/kotlin/resolve/calls/results/FlatSignature;Lorg/jetbrains/kotlin/resolve/calls/results/FlatSignature;Lorg/jetbrains/kotlin/resolve/calls/results/SpecificityComparisonCallbacks;Lorg/jetbrains/kotlin/resolve/calls/results/TypeSpecificityComparator;Z)Z 96 <appendix> argL0 ; # org/jetbrains/kotlin/resolve/calls/results/FlatSignatureKt$$Lambda+0x000000010158c740
instanceKlass org/jetbrains/kotlin/resolve/calls/results/FlatSignatureKt
instanceKlass org/jetbrains/kotlin/resolve/calls/inference/components/SimpleConstraintSystemImpl
instanceKlass org/jetbrains/kotlin/resolve/calls/results/FlatSignatureUtilsKt
instanceKlass org/jetbrains/kotlin/resolve/calls/results/FlatSignature$Companion
instanceKlass org/jetbrains/kotlin/resolve/calls/results/FlatSignature
instanceKlass org/jetbrains/kotlin/resolve/calls/results/TypeWithConversion
instanceKlass org/jetbrains/kotlin/it/unimi/dsi/fastutil/objects/ObjectOpenCustomHashSet$SetIterator
instanceKlass org/jetbrains/kotlin/resolve/calls/results/OverloadingConflictResolver$WhenMappings
instanceKlass  @bci org/jetbrains/kotlin/resolve/DescriptorEquivalenceForOverrides areCallableDescriptorsEquivalent (Lorg/jetbrains/kotlin/descriptors/CallableDescriptor;Lorg/jetbrains/kotlin/descriptors/CallableDescriptor;ZZZLorg/jetbrains/kotlin/types/checker/KotlinTypeRefiner;)Z 164 <appendix> argL0 ; # org/jetbrains/kotlin/resolve/DescriptorEquivalenceForOverrides$$Lambda+0x000000010158b360
instanceKlass  @bci org/jetbrains/kotlin/resolve/calls/results/OverloadingConflictResolver chooseMaximallySpecificCandidates (Ljava/util/Collection;Lorg/jetbrains/kotlin/resolve/calls/context/CheckArgumentTypesMode;Z)Ljava/util/Set; 113 <appendix> member <vmtarget> ; # org/jetbrains/kotlin/resolve/calls/results/OverloadingConflictResolver$$Lambda+0x000000010158b120
instanceKlass org/jetbrains/kotlin/resolve/DescriptorEquivalenceForOverrides
instanceKlass org/jetbrains/kotlin/resolve/calls/results/OverloadingConflictResolver$filterOutEquivalentCalls$$inlined$sortedBy$1
instanceKlass org/jetbrains/kotlin/load/kotlin/BinaryClassAnnotationAndConstantLoaderImpl$AbstractAnnotationArgumentVisitor$visitAnnotation$1
instanceKlass org/jetbrains/kotlin/load/kotlin/KotlinJvmBinaryClass$MethodAnnotationVisitor
instanceKlass org/jetbrains/kotlin/load/kotlin/AbstractBinaryClassAnnotationAndConstantLoader$loadAnnotationsAndInitializers$1$MemberAnnotationVisitor
instanceKlass org/jetbrains/kotlin/load/kotlin/AbstractBinaryClassAnnotationAndConstantLoader$loadAnnotationsAndInitializers$1
instanceKlass org/jetbrains/kotlin/load/kotlin/KotlinJvmBinaryClass$MemberVisitor
instanceKlass org/jetbrains/kotlin/metadata/jvm/deserialization/JvmMemberSignature
instanceKlass org/jetbrains/kotlin/load/kotlin/MemberSignature$Companion
instanceKlass org/jetbrains/kotlin/resolve/constants/CompileTimeConstantChecker
instanceKlass org/jetbrains/kotlin/resolve/constants/IntegerValueTypeConstant
instanceKlass org/jetbrains/kotlin/resolve/constants/UnsignedErrorValueTypeConstant
instanceKlass org/jetbrains/kotlin/utils/NumberWithRadix
instanceKlass org/jetbrains/kotlin/utils/NumbersKt
instanceKlass  @bci org/jetbrains/kotlin/com/intellij/util/text/LiteralFormatUtil <clinit> ()V 0 <appendix> argL0 ; # org/jetbrains/kotlin/com/intellij/util/text/LiteralFormatUtil$$Lambda+0x0000000101580a18
instanceKlass  @cpi org/jetbrains/kotlin/com/intellij/util/text/LiteralFormatUtil 41 form vmentry <vmtarget> ; # java/lang/invoke/LambdaForm$DMH+0x0000000101580400
instanceKlass org/jetbrains/kotlin/com/intellij/openapi/util/text/CharFilter
instanceKlass org/jetbrains/kotlin/com/intellij/util/text/LiteralFormatUtil
instanceKlass org/jetbrains/kotlin/parsing/ParseUtilsKt
instanceKlass org/jetbrains/kotlin/resolve/calls/model/ResolvedCallImpl
instanceKlass org/jetbrains/kotlin/resolve/calls/model/MutableResolvedCall
instanceKlass  @bci javaslang/collection/List reverse ()Ljavaslang/collection/List; 17 <appendix> argL0 ; # javaslang/collection/List$$Lambda+0x0000000101583950
instanceKlass javaslang/collection/List$Cons
instanceKlass org/jetbrains/kotlin/resolve/calls/smartcasts/DataFlowInfoImplKt
instanceKlass  @bci org/jetbrains/kotlin/resolve/calls/smartcasts/DataFlowInfoImpl$Companion create (Lorg/jetbrains/kotlin/resolve/calls/smartcasts/DataFlowInfo;Ljava/util/Map;Ljava/lang/Iterable;Lorg/jetbrains/kotlin/resolve/calls/smartcasts/DataFlowValue;)Lorg/jetbrains/kotlin/resolve/calls/smartcasts/DataFlowInfo; 340 <appendix> argL0 ; # org/jetbrains/kotlin/resolve/calls/smartcasts/DataFlowInfoImpl$Companion$$Lambda+0x00000001015834f8
instanceKlass org/jetbrains/kotlin/resolve/constants/CompileTimeConstant$DefaultImpls
instanceKlass org/jetbrains/kotlin/resolve/constants/TypedCompileTimeConstant
instanceKlass org/jetbrains/kotlin/resolve/constants/CompileTimeConstant$Parameters
instanceKlass  @bci org/jetbrains/kotlin/types/expressions/ExpressionTypingVisitorForStatements visitAssignment (Lorg/jetbrains/kotlin/psi/KtBinaryExpression;Lorg/jetbrains/kotlin/types/expressions/ExpressionTypingContext;)Lorg/jetbrains/kotlin/types/expressions/KotlinTypeInfo; 323 <appendix> argL0 ; # org/jetbrains/kotlin/types/expressions/ExpressionTypingVisitorForStatements$$Lambda+0x00000001015824d0
instanceKlass  @bci org/jetbrains/kotlin/types/expressions/ExpressionTypingVisitorForStatements visitAssignment (Lorg/jetbrains/kotlin/psi/KtBinaryExpression;Lorg/jetbrains/kotlin/types/expressions/ExpressionTypingContext;)Lorg/jetbrains/kotlin/types/expressions/KotlinTypeInfo; 313 <appendix> member <vmtarget> ; # org/jetbrains/kotlin/types/expressions/ExpressionTypingVisitorForStatements$$Lambda+0x0000000101582270
instanceKlass  @bci org/jetbrains/kotlin/types/expressions/ExpressionTypingVisitorForStatements visitAssignment (Lorg/jetbrains/kotlin/psi/KtBinaryExpression;Lorg/jetbrains/kotlin/types/expressions/ExpressionTypingContext;)Lorg/jetbrains/kotlin/types/expressions/KotlinTypeInfo; 292 <appendix> member <vmtarget> ; # org/jetbrains/kotlin/types/expressions/ExpressionTypingVisitorForStatements$$Lambda+0x0000000101582000
instanceKlass org/jetbrains/kotlin/utils/SmartSet$ArrayIterator
instanceKlass org/jetbrains/kotlin/resolve/calls/tower/InvokeProcessorsKt
instanceKlass org/jetbrains/kotlin/resolve/calls/tower/AbstractInvokeTowerProcessor$VariableInvokeProcessor
instanceKlass  @bci org/jetbrains/kotlin/resolve/calls/tower/InvokeTowerProcessor createInvokeProcessor (Lorg/jetbrains/kotlin/resolve/calls/tower/Candidate;)Lorg/jetbrains/kotlin/resolve/calls/tower/ScopeTowerProcessor; 53 <appendix> argL0 ; # org/jetbrains/kotlin/resolve/calls/tower/InvokeTowerProcessor$$Lambda+0x0000000101586550
instanceKlass org/jetbrains/kotlin/parsing/TrailingCommentsBinder
instanceKlass org/jetbrains/kotlin/parsing/PrecedingCommentsBinder
instanceKlass org/jetbrains/kotlin/parsing/KotlinParsing$PropertyComponentKind$Collector
instanceKlass  @bci org/jetbrains/kotlin/com/intellij/psi/impl/source/PsiFileImpl createTreeElementPointer (Lorg/jetbrains/kotlin/com/intellij/psi/impl/source/tree/FileElement;)Ljava/util/function/Supplier; 17 <appendix> member <vmtarget> ; # org/jetbrains/kotlin/com/intellij/psi/impl/source/PsiFileImpl$$Lambda+0x00000001015858d0
instanceKlass  @bci org/jetbrains/kotlin/com/intellij/openapi/fileTypes/CharsetUtil extractCharsetFromFileContent (Lorg/jetbrains/kotlin/com/intellij/openapi/project/Project;Lorg/jetbrains/kotlin/com/intellij/openapi/vfs/VirtualFile;Lorg/jetbrains/kotlin/com/intellij/openapi/fileTypes/FileType;Ljava/lang/CharSequence;)Ljava/nio/charset/Charset; 25 <appendix> member <vmtarget> ; # org/jetbrains/kotlin/com/intellij/openapi/fileTypes/CharsetUtil$$Lambda+0x0000000101585200
instanceKlass org/jetbrains/kotlin/psi/KtPsiFactory$Companion
instanceKlass org/jetbrains/kotlin/psi/KtPsiFactory
instanceKlass org/jetbrains/kotlin/resolve/sam/SamConversionResolverKt
instanceKlass org/jetbrains/kotlin/resolve/calls/model/SamConversionDescription
instanceKlass  @bci org/jetbrains/kotlin/descriptors/annotations/CompositeAnnotations iterator ()Ljava/util/Iterator; 10 <appendix> argL0 ; # org/jetbrains/kotlin/descriptors/annotations/CompositeAnnotations$$Lambda+0x0000000101584460
instanceKlass org/jetbrains/kotlin/resolve/scopes/DescriptorKindExclude
instanceKlass  @bci org/jetbrains/kotlin/resolve/lazy/LazyImportScope getContributedFunctions (Lorg/jetbrains/kotlin/name/Name;Lorg/jetbrains/kotlin/incremental/components/LookupLocation;)Ljava/util/Collection; 36 <appendix> member <vmtarget> ; # org/jetbrains/kotlin/resolve/lazy/LazyImportScope$$Lambda+0x000000010157fc58
instanceKlass kotlin/sequences/SequencesKt___SequencesKt$asIterable$$inlined$Iterable$1
instanceKlass  @bci org/jetbrains/kotlin/load/java/lazy/descriptors/LazyJavaStaticClassScope flatMapJavaStaticSupertypesScopes$lambda$8 (Lorg/jetbrains/kotlin/descriptors/ClassDescriptor;)Ljava/lang/Iterable; 24 <appendix> argL0 ; # org/jetbrains/kotlin/load/java/lazy/descriptors/LazyJavaStaticClassScope$$Lambda+0x000000010157f7c0
instanceKlass  @bci org/jetbrains/kotlin/load/java/lazy/descriptors/LazyJavaStaticClassScope flatMapJavaStaticSupertypesScopes (Lorg/jetbrains/kotlin/descriptors/ClassDescriptor;Ljava/util/Set;Lkotlin/jvm/functions/Function1;)Ljava/util/Set; 7 <appendix> argL0 ; # org/jetbrains/kotlin/load/java/lazy/descriptors/LazyJavaStaticClassScope$$Lambda+0x000000010157f320
instanceKlass  @bci org/jetbrains/kotlin/load/java/lazy/descriptors/LazyJavaStaticClassScope computePropertyNames (Lorg/jetbrains/kotlin/resolve/scopes/DescriptorKindFilter;Lkotlin/jvm/functions/Function1;)Ljava/util/Set; 46 <appendix> argL0 ; # org/jetbrains/kotlin/load/java/lazy/descriptors/LazyJavaStaticClassScope$$Lambda+0x000000010157f0e8
instanceKlass  @bci org/jetbrains/kotlin/load/java/lazy/descriptors/LazyJavaStaticClassScope computeMemberIndex ()Lorg/jetbrains/kotlin/load/java/lazy/descriptors/ClassDeclaredMemberIndex; 8 <appendix> argL0 ; # org/jetbrains/kotlin/load/java/lazy/descriptors/LazyJavaStaticClassScope$$Lambda+0x000000010157eeb0
instanceKlass org/gradle/process/internal/health/memory/JvmMemoryStatusSnapshot
instanceKlass  @bci java/util/Comparator comparingInt (Ljava/util/function/ToIntFunction;)Ljava/util/Comparator; 6 <appendix> member <vmtarget> ; # java/util/Comparator$$Lambda+0x00000001014c1ea0
instanceKlass  @bci org/gradle/workers/internal/WorkerDaemonClientsManager selectIdleClientsToStop (Lorg/gradle/api/Transformer;)V 11 <appendix> argL0 ; # org/gradle/workers/internal/WorkerDaemonClientsManager$$Lambda+0x0000000101549220
instanceKlass org/gradle/workers/internal/WorkerDaemonExpiration$SimpleMemoryExpirationSelector
instanceKlass org/jetbrains/kotlin/load/java/structure/JavaAnnotationAsAnnotationArgument
instanceKlass org/gradle/process/internal/health/memory/OsMemoryStatusAspect$Unavailable
instanceKlass  @bci org/jetbrains/kotlin/types/checker/NewCapturedTypeConstructor initializeSupertypes (Ljava/util/List;)V 74 <appendix> member <vmtarget> ; # org/jetbrains/kotlin/types/checker/NewCapturedTypeConstructor$$Lambda+0x000000010157e390
instanceKlass  @bci org/jetbrains/kotlin/types/checker/NewCapturedTypeConstructor <init> (Lorg/jetbrains/kotlin/types/TypeProjection;Lkotlin/jvm/functions/Function0;Lorg/jetbrains/kotlin/types/checker/NewCapturedTypeConstructor;Lorg/jetbrains/kotlin/descriptors/TypeParameterDescriptor;)V 36 <appendix> member <vmtarget> ; # org/jetbrains/kotlin/types/checker/NewCapturedTypeConstructor$$Lambda+0x000000010157e150
instanceKlass org/jetbrains/kotlin/types/StarProjectionImplKt
instanceKlass org/jetbrains/kotlin/load/java/structure/JavaTypesKt
instanceKlass org/jetbrains/kotlin/load/java/lazy/types/RawProjectionComputer$WhenMappings
instanceKlass  @bci org/jetbrains/kotlin/load/java/lazy/types/JavaTypeResolver computeRawTypeArguments (Lorg/jetbrains/kotlin/load/java/structure/JavaClassifierType;Ljava/util/List;Lorg/jetbrains/kotlin/types/TypeConstructor;Lorg/jetbrains/kotlin/load/java/lazy/types/JavaTypeAttributes;)Ljava/util/List; 122 <appendix> member <vmtarget> ; # org/jetbrains/kotlin/load/java/lazy/types/JavaTypeResolver$$Lambda+0x000000010157d650
instanceKlass  @bci org/jetbrains/kotlin/resolve/calls/inference/CapturedTypeConstructorKt createCapturedIfNeeded (Lorg/jetbrains/kotlin/types/TypeProjection;Lorg/jetbrains/kotlin/descriptors/TypeParameterDescriptor;)Lorg/jetbrains/kotlin/types/TypeProjection; 60 <appendix> member <vmtarget> ; # org/jetbrains/kotlin/resolve/calls/inference/CapturedTypeConstructorKt$$Lambda+0x000000010157d410
instanceKlass  @bci org/jetbrains/kotlin/types/StarProjectionImpl <init> (Lorg/jetbrains/kotlin/descriptors/TypeParameterDescriptor;)V 20 <appendix> member <vmtarget> ; # org/jetbrains/kotlin/types/StarProjectionImpl$$Lambda+0x000000010157cec8
instanceKlass  @bci org/jetbrains/kotlin/serialization/deserialization/MemberDeserializer valueParameters (Ljava/util/List;Lorg/jetbrains/kotlin/protobuf/MessageLite;Lorg/jetbrains/kotlin/serialization/deserialization/AnnotatedCallableKind;)Ljava/util/List; 196 <appendix> member <vmtarget> ; # org/jetbrains/kotlin/serialization/deserialization/MemberDeserializer$$Lambda+0x000000010157ca00
instanceKlass  @cpi org/jetbrains/kotlin/serialization/deserialization/MemberDeserializer 938 form vmentry <vmtarget> ; # java/lang/invoke/LambdaForm$DMH+0x0000000101580000
instanceKlass  @bci org/jetbrains/kotlin/resolve/scopes/utils/LexicalScopeWrapper <init> (Lorg/jetbrains/kotlin/resolve/scopes/LexicalScope;Lorg/jetbrains/kotlin/resolve/scopes/ImportingScope;)V 76 <appendix> member <vmtarget> ; # org/jetbrains/kotlin/resolve/scopes/utils/LexicalScopeWrapper$$Lambda+0x000000010157c7c0
instanceKlass org/jetbrains/kotlin/resolve/scopes/utils/LexicalScopeWrapper
instanceKlass org/jetbrains/kotlin/resolve/scopes/utils/ScopeUtilsKt$withParent$1
instanceKlass org/jetbrains/kotlin/scripting/resolve/ScriptDescriptorUtilKt
instanceKlass  @bci kotlin/script/experimental/jvm/JvmGetScriptingClass invoke (Lkotlin/script/experimental/api/KotlinType;Ljava/lang/ClassLoader;Lkotlin/script/experimental/host/ScriptingHostConfiguration;)Lkotlin/reflect/KClass; 38 <appendix> argL0 ; # kotlin/script/experimental/jvm/JvmGetScriptingClass$$Lambda+0x000000010157bd90
instanceKlass org/jetbrains/kotlin/resolve/constants/KClassValue$Value
instanceKlass org/jetbrains/kotlin/resolve/constants/KClassValue$Companion
instanceKlass org/jetbrains/kotlin/resolve/constants/ClassLiteralValue
instanceKlass kotlin/reflect/jvm/internal/impl/descriptors/annotations/AnnotationDescriptorImpl
instanceKlass kotlin/reflect/jvm/internal/impl/descriptors/annotations/AnnotationDescriptor
instanceKlass kotlin/reflect/jvm/internal/impl/resolve/constants/KClassValue$Value
instanceKlass kotlin/reflect/jvm/internal/impl/resolve/constants/KClassValue$Companion
instanceKlass kotlin/reflect/jvm/internal/impl/resolve/constants/ClassLiteralValue
instanceKlass kotlin/reflect/jvm/internal/impl/load/kotlin/BinaryClassAnnotationAndConstantLoaderImpl$AbstractAnnotationArgumentVisitor
instanceKlass kotlin/reflect/jvm/internal/impl/SpecialJvmAnnotations
instanceKlass kotlin/reflect/jvm/internal/impl/load/kotlin/AbstractBinaryClassAnnotationLoader$loadClassAnnotations$1
instanceKlass org/gradle/kotlin/dsl/support/ImplicitReceiver
instanceKlass org/gradle/kotlin/dsl/execution/ResidualProgramCompiler$WhenMappings
instanceKlass org/gradle/cache/internal/btree/FileBackedBlockStore$1
instanceKlass org/gradle/kotlin/dsl/accessors/GenerateProjectAccessors$execute$2
instanceKlass kotlinx/metadata/internal/protobuf/UnmodifiableLazyStringList$2
instanceKlass kotlinx/metadata/internal/protobuf/Utf8
instanceKlass kotlinx/metadata/internal/metadata/builtins/BuiltInsProtoBuf
instanceKlass kotlinx/metadata/internal/metadata/deserialization/NameResolverImpl
instanceKlass kotlinx/metadata/internal/metadata/jvm/deserialization/BinaryModuleData
instanceKlass kotlinx/metadata/internal/metadata/jvm/deserialization/ModuleMapping$Companion
instanceKlass kotlinx/metadata/internal/metadata/jvm/deserialization/ModuleMapping
instanceKlass kotlinx/metadata/internal/metadata/deserialization/VersionSpecificBehaviorKt
instanceKlass kotlinx/metadata/internal/metadata/jvm/deserialization/ModuleMappingKt
instanceKlass kotlinx/metadata/jvm/KotlinModuleMetadata$Companion
instanceKlass kotlinx/metadata/jvm/KotlinModuleMetadata
instanceKlass kotlinx/metadata/internal/metadata/jvm/deserialization/PackageParts$writeMultifileFacadeNames$$inlined$sortedBy$1
instanceKlass  @bci kotlin/comparisons/ComparisonsKt__ComparisonsKt nullsLast (Ljava/util/Comparator;)Ljava/util/Comparator; 7 <appendix> member <vmtarget> ; # kotlin/comparisons/ComparisonsKt__ComparisonsKt$$Lambda+0x00000001015766a0
instanceKlass kotlin/comparisons/NaturalOrderComparator
instanceKlass kotlinx/metadata/internal/metadata/jvm/JvmModuleProtoBuf$PackagePartsOrBuilder
instanceKlass kotlinx/metadata/internal/metadata/jvm/deserialization/PackageParts
instanceKlass kotlinx/metadata/internal/metadata/ProtoBuf$QualifiedNameTableOrBuilder
instanceKlass kotlinx/metadata/internal/metadata/ProtoBuf$StringTableOrBuilder
instanceKlass kotlinx/metadata/internal/metadata/jvm/JvmModuleProtoBuf$ModuleOrBuilder
instanceKlass kotlinx/metadata/jvm/KmPackageParts
instanceKlass kotlinx/metadata/jvm/KmModuleVisitor
instanceKlass kotlinx/metadata/Flag$TypeParameter
instanceKlass kotlinx/metadata/Flag$ValueParameter
instanceKlass org/gradle/kotlin/dsl/accessors/GradleType
instanceKlass org/gradle/kotlin/dsl/internal/sharedruntime/support/IOKt
instanceKlass org/gradle/kotlin/dsl/internal/sharedruntime/codegen/SourceFileHeaderKt
instanceKlass kotlinx/metadata/internal/protobuf/SmallSortedMap$EntryIterator
instanceKlass kotlinx/metadata/internal/protobuf/GeneratedMessageLite$ExtendableMessage$ExtensionWriter
instanceKlass kotlinx/metadata/internal/protobuf/LazyStringList
instanceKlass kotlinx/metadata/internal/protobuf/ProtocolStringList
instanceKlass kotlinx/metadata/jvm/impl/JvmWriteUtilsKt
instanceKlass kotlinx/metadata/Flag$Type
instanceKlass kotlinx/metadata/ClassNameKt
instanceKlass kotlinx/metadata/impl/WriteUtilsKt
instanceKlass kotlinx/metadata/impl/WritersKt
instanceKlass kotlinx/metadata/internal/metadata/serialization/Interner
instanceKlass kotlinx/metadata/internal/metadata/serialization/MutableTable
instanceKlass kotlinx/metadata/impl/WriteContext
instanceKlass kotlinx/metadata/internal/metadata/jvm/serialization/JvmStringTable
instanceKlass kotlinx/metadata/internal/metadata/serialization/StringTable
instanceKlass org/gradle/kotlin/dsl/accessors/GradleTypeName
instanceKlass org/gradle/kotlin/dsl/accessors/KotlinType
instanceKlass org/gradle/kotlin/dsl/accessors/MetadataFragmentScope
instanceKlass org/gradle/kotlin/dsl/support/bytecode/InternalNameOf
instanceKlass kotlin/jvm/internal/Intrinsics$Kotlin
instanceKlass org/gradle/kotlin/dsl/support/StringKt
instanceKlass org/gradle/kotlin/dsl/accessors/AccessorFragment
instanceKlass kotlinx/metadata/Flag$PropertyAccessor
instanceKlass kotlinx/metadata/Flag$Property
instanceKlass org/gradle/kotlin/dsl/support/bytecode/KotlinMetadataKt
instanceKlass org/gradle/kotlin/dsl/accessors/AccessorFragmentsKt
instanceKlass org/gradle/kotlin/dsl/accessors/AccessorScope$targetTypesOf$1
instanceKlass org/gradle/kotlin/dsl/accessors/TypedAccessorSpec
instanceKlass org/gradle/kotlin/dsl/accessors/AccessorNameSpec$Companion
instanceKlass org/gradle/kotlin/dsl/accessors/AccessorNameSpec
instanceKlass org/gradle/kotlin/dsl/accessors/Accessor
instanceKlass org/gradle/kotlin/dsl/accessors/CodeGeneratorKt
instanceKlass org/gradle/kotlin/dsl/accessors/AccessorScope
instanceKlass org/gradle/kotlin/dsl/concurrent/DefaultAsyncIOScopeFactory$newScope$1$submit$1
instanceKlass org/gradle/kotlin/dsl/accessors/EmitterKt
instanceKlass org/gradle/kotlin/dsl/accessors/OutputPackage
instanceKlass  @bci org/gradle/kotlin/dsl/internal/sharedruntime/support/ClassBytesRepository directoryClassBytesIndexFor$lambda$20 (Ljava/io/File;Ljava/lang/String;)Lkotlin/jvm/functions/Function0; 39 <appendix> member <vmtarget> ; # org/gradle/kotlin/dsl/internal/sharedruntime/support/ClassBytesRepository$$Lambda+0x00000001015568d0
instanceKlass org/gradle/kotlin/dsl/accessors/TypeAccessibility
instanceKlass org/jetbrains/org/objectweb/asm/signature/SignatureReader
instanceKlass org/gradle/kotlin/dsl/accessors/TypeAccessibilityInfo
instanceKlass kotlin/io/ByteStreamsKt
instanceKlass  @bci org/gradle/kotlin/dsl/internal/sharedruntime/support/ClassBytesRepository jarClassBytesIndexFor$lambda$16 (Lorg/gradle/kotlin/dsl/internal/sharedruntime/support/ClassBytesRepository;Ljava/io/File;Ljava/lang/String;)Lkotlin/jvm/functions/Function0; 33 <appendix> member <vmtarget> ; # org/gradle/kotlin/dsl/internal/sharedruntime/support/ClassBytesRepository$$Lambda+0x00000001015553e0
instanceKlass  @bci org/gradle/kotlin/dsl/internal/sharedruntime/support/ClassBytesRepository openJarFile (Ljava/io/File;)Ljava/util/jar/JarFile; 11 <appendix> member <vmtarget> ; # org/gradle/kotlin/dsl/internal/sharedruntime/support/ClassBytesRepository$$Lambda+0x0000000101555180
instanceKlass  @bci org/gradle/kotlin/dsl/internal/sharedruntime/support/ClassBytesRepository classBytesSupplierForFilePath (Ljava/lang/String;)Lkotlin/jvm/functions/Function0; 11 <appendix> member <vmtarget> ; # org/gradle/kotlin/dsl/internal/sharedruntime/support/ClassBytesRepository$$Lambda+0x0000000101554b70
instanceKlass  @bci org/gradle/kotlin/dsl/internal/sharedruntime/support/ClassBytesRepositoryKt nestedClassFilePathCandidatesFor (Ljava/lang/String;)Lkotlin/sequences/Sequence; 1 <appendix> member <vmtarget> ; # org/gradle/kotlin/dsl/internal/sharedruntime/support/ClassBytesRepositoryKt$$Lambda+0x000000010154fc58
instanceKlass org/gradle/kotlin/dsl/accessors/TypeAccessibilityProvider$accessibilityInfoFor$1
instanceKlass org/gradle/kotlin/dsl/accessors/ClassNamesFromTypeString
instanceKlass  @bci org/gradle/kotlin/dsl/internal/sharedruntime/support/ClassBytesRepository loaderClassBytesIndexFor (Ljava/lang/ClassLoader;)Lkotlin/jvm/functions/Function1; 1 <appendix> member <vmtarget> ; # org/gradle/kotlin/dsl/internal/sharedruntime/support/ClassBytesRepository$$Lambda+0x000000010154f1c0
instanceKlass  @bci org/gradle/kotlin/dsl/internal/sharedruntime/support/ClassBytesRepository directoryClassBytesIndexFor (Ljava/io/File;)Lkotlin/jvm/functions/Function1; 1 <appendix> member <vmtarget> ; # org/gradle/kotlin/dsl/internal/sharedruntime/support/ClassBytesRepository$$Lambda+0x000000010154ef80
instanceKlass  @bci org/gradle/kotlin/dsl/internal/sharedruntime/support/ClassBytesRepository jarClassBytesIndexFor (Ljava/io/File;)Lkotlin/jvm/functions/Function1; 2 <appendix> member <vmtarget> ; # org/gradle/kotlin/dsl/internal/sharedruntime/support/ClassBytesRepository$$Lambda+0x000000010154ed40
instanceKlass org/gradle/kotlin/dsl/internal/sharedruntime/support/ClassBytesRepositoryKt
instanceKlass org/gradle/kotlin/dsl/internal/sharedruntime/support/ClassBytesRepository
instanceKlass org/gradle/kotlin/dsl/accessors/TypeAccessibilityProvider
instanceKlass org/gradle/kotlin/dsl/accessors/AccessorFormats
instanceKlass org/gradle/kotlin/dsl/concurrent/DefaultAsyncIOScopeFactory$newScope$1
instanceKlass org/gradle/kotlin/dsl/concurrent/IOScope
instanceKlass org/gradle/kotlin/dsl/concurrent/IO
instanceKlass org/gradle/kotlin/dsl/concurrent/IOKt
instanceKlass org/gradle/kotlin/dsl/accessors/ConfigurationEntry
instanceKlass  @bci org/gradle/api/internal/artifacts/dsl/DefaultRepositoryHandler_Decorated getConventionWhileDisabledDeprecationLogger ()Lorg/gradle/api/plugins/Convention; 1 <appendix> member <vmtarget> ; # org/gradle/api/internal/artifacts/dsl/DefaultRepositoryHandler_Decorated$$Lambda+0x0000000101548d88
instanceKlass kotlin/reflect/jvm/internal/impl/load/kotlin/KotlinClassFinderKt
instanceKlass kotlin/reflect/jvm/internal/impl/serialization/deserialization/descriptors/DeserializedClassDescriptor$$Lambda$5
instanceKlass com/android/build/gradle/internal/tasks/BuildAnalyzer
instanceKlass org/gradle/api/internal/tasks/DefaultTaskCollection$1$2$1
instanceKlass com/google/common/collect/Iterators$ConcatenatedIterator
instanceKlass org/gradle/api/internal/tasks/DefaultTaskCollection$1$2
instanceKlass org/gradle/api/internal/tasks/DefaultTaskCollection$1$1
instanceKlass org/gradle/api/internal/tasks/DefaultTaskCollection$1
instanceKlass org/gradle/kotlin/dsl/provider/plugins/DefaultProjectSchemaProviderKt$targetSchemaFor$collectSchemaOf$2$plugin$1
instanceKlass org/gradle/kotlin/dsl/provider/plugins/DefaultProjectSchemaProviderKt$accessibleConventionsSchema$1
instanceKlass org/gradle/kotlin/dsl/provider/plugins/DefaultProjectSchemaProviderKt$targetSchemaFor$collectSchemaOf$plugins$1
instanceKlass org/gradle/api/internal/DefaultNamedDomainObjectCollection$1$1$1
instanceKlass  @bci org/gradle/api/internal/FactoryNamedDomainObjectContainer_Decorated getConventionWhileDisabledDeprecationLogger ()Lorg/gradle/api/plugins/Convention; 1 <appendix> member <vmtarget> ; # org/gradle/api/internal/FactoryNamedDomainObjectContainer_Decorated$$Lambda+0x000000010152aee0
instanceKlass  @bci com/android/build/gradle/internal/plugins/AppPlugin$ApplicationAndroidComponentsExtensionImplCompat_Decorated getConventionWhileDisabledDeprecationLogger ()Lorg/gradle/api/plugins/Convention; 1 <appendix> member <vmtarget> ; # com/android/build/gradle/internal/plugins/AppPlugin$ApplicationAndroidComponentsExtensionImplCompat_Decorated$$Lambda+0x0000000101541c10
instanceKlass org/gradle/kotlin/dsl/provider/plugins/ProjectSchemaNamedDomainObjectSchema
instanceKlass  @bci org/gradle/api/plugins/internal/DefaultJavaPluginExtension_Decorated getConventionWhileDisabledDeprecationLogger ()Lorg/gradle/api/plugins/Convention; 1 <appendix> member <vmtarget> ; # org/gradle/api/plugins/internal/DefaultJavaPluginExtension_Decorated$$Lambda+0x0000000101548240
instanceKlass  @bci org/gradle/jvm/toolchain/internal/DefaultJavaToolchainService_Decorated getConventionWhileDisabledDeprecationLogger ()Lorg/gradle/api/plugins/Convention; 1 <appendix> member <vmtarget> ; # org/gradle/jvm/toolchain/internal/DefaultJavaToolchainService_Decorated$$Lambda+0x0000000101548000
instanceKlass  @bci org/gradle/api/reporting/ReportingExtension_Decorated getConventionWhileDisabledDeprecationLogger ()Lorg/gradle/api/plugins/Convention; 1 <appendix> member <vmtarget> ; # org/gradle/api/reporting/ReportingExtension_Decorated$$Lambda+0x0000000101540c80
instanceKlass org/gradle/api/internal/DefaultNamedDomainObjectCollection$1$1
instanceKlass org/gradle/api/internal/DefaultNamedDomainObjectCollection$1
instanceKlass  @bci org/gradle/api/internal/tasks/DefaultSourceSetContainer_Decorated getConventionWhileDisabledDeprecationLogger ()Lorg/gradle/api/plugins/Convention; 1 <appendix> member <vmtarget> ; # org/gradle/api/internal/tasks/DefaultSourceSetContainer_Decorated$$Lambda+0x0000000101540a40
instanceKlass  @bci org/gradle/api/internal/plugins/DefaultArtifactPublicationSet_Decorated getConventionWhileDisabledDeprecationLogger ()Lorg/gradle/api/plugins/Convention; 1 <appendix> member <vmtarget> ; # org/gradle/api/internal/plugins/DefaultArtifactPublicationSet_Decorated$$Lambda+0x0000000101540800
instanceKlass  @bci org/gradle/api/plugins/internal/DefaultBasePluginExtension_Decorated getConventionWhileDisabledDeprecationLogger ()Lorg/gradle/api/plugins/Convention; 1 <appendix> member <vmtarget> ; # org/gradle/api/plugins/internal/DefaultBasePluginExtension_Decorated$$Lambda+0x000000010152ec80
instanceKlass  @bci org/gradle/api/internal/catalog/DefaultDependenciesAccessors$DefaultVersionCatalogsExtension_Decorated getConventionWhileDisabledDeprecationLogger ()Lorg/gradle/api/plugins/Convention; 1 <appendix> member <vmtarget> ; # org/gradle/api/internal/catalog/DefaultDependenciesAccessors$DefaultVersionCatalogsExtension_Decorated$$Lambda+0x000000010152ea40
instanceKlass  @bci org/gradle/accessors/dm/LibrariesForLibs_Decorated getConventionWhileDisabledDeprecationLogger ()Lorg/gradle/api/plugins/Convention; 1 <appendix> member <vmtarget> ; # org/gradle/accessors/dm/LibrariesForLibs_Decorated$$Lambda+0x0000000100a98478
instanceKlass kotlin/reflect/jvm/internal/impl/load/java/structure/JavaTypeParameter
instanceKlass org/jetbrains/kotlin/gradle/plugin/KotlinPluginWrapperKt$setupDiagnosticsChecksAndReporting$3
instanceKlass org/jetbrains/kotlin/gradle/plugin/diagnostics/CheckKotlinGradlePluginConfigurationErrorsKt$addDependsOnFromTasksThatShouldFailWhenErrorsReported$1
instanceKlass org/jetbrains/kotlin/gradle/plugin/diagnostics/CheckKotlinGradlePluginConfigurationErrorsKt$locateOrRegisterCheckKotlinGradlePluginErrorsTask$taskProvider$1
instanceKlass org/jetbrains/kotlin/gradle/plugin/diagnostics/CheckKotlinGradlePluginConfigurationErrorsKt
instanceKlass org/jetbrains/kotlin/gradle/dsl/PlatformSourceSetConventionsChecker$CheckedPlatformInfo
instanceKlass org/jetbrains/kotlin/gradle/plugin/KotlinPluginLifecycleImplKt
instanceKlass org/jetbrains/kotlin/gradle/plugin/diagnostics/KotlinGradleProjectCheckerContext
instanceKlass org/jetbrains/kotlin/gradle/plugin/diagnostics/checkers/DuplicateSourceSetChecker
instanceKlass org/jetbrains/kotlin/gradle/plugin/diagnostics/checkers/WasmSourceSetsNotFoundChecker
instanceKlass org/jetbrains/kotlin/gradle/plugin/diagnostics/checkers/InternalGradlePropertiesUsageChecker
instanceKlass org/jetbrains/kotlin/gradle/plugin/diagnostics/checkers/KotlinTargetAlreadyDeclaredChecker
instanceKlass org/jetbrains/kotlin/gradle/dsl/IosSourceSetConventionChecker
instanceKlass org/jetbrains/kotlin/gradle/dsl/AndroidMainSourceSetConventionsChecker
instanceKlass org/jetbrains/kotlin/gradle/dsl/PlatformSourceSetConventionsChecker
instanceKlass org/jetbrains/kotlin/gradle/plugin/diagnostics/checkers/KotlinSourceSetTreeDependsOnMismatchChecker
instanceKlass org/jetbrains/kotlin/gradle/plugin/diagnostics/checkers/ExperimentalK2UsageChecker
instanceKlass org/jetbrains/kotlin/gradle/plugin/diagnostics/checkers/PreHmppDependenciesUsageChecker
instanceKlass org/jetbrains/kotlin/gradle/plugin/diagnostics/checkers/JsEnvironmentChecker
instanceKlass org/jetbrains/kotlin/gradle/plugin/diagnostics/checkers/DisabledNativeTargetsChecker
instanceKlass org/jetbrains/kotlin/gradle/plugin/diagnostics/checkers/DisabledCinteropCommonizationInHmppProjectChecker
instanceKlass org/jetbrains/kotlin/gradle/plugin/diagnostics/checkers/NoKotlinTargetsDeclaredChecker
instanceKlass org/jetbrains/kotlin/gradle/plugin/diagnostics/checkers/AndroidPluginWithoutAndroidTargetChecker
instanceKlass org/jetbrains/kotlin/gradle/plugin/diagnostics/checkers/AndroidSourceSetLayoutV1SourceSetsNotFoundChecker
instanceKlass org/jetbrains/kotlin/gradle/plugin/diagnostics/checkers/UnusedSourceSetsChecker
instanceKlass org/jetbrains/kotlin/gradle/plugin/diagnostics/checkers/MissingNativeStdlibChecker
instanceKlass org/jetbrains/kotlin/gradle/plugin/diagnostics/checkers/DeprecatedKotlinNativeTargetsChecker
instanceKlass org/jetbrains/kotlin/gradle/plugin/diagnostics/checkers/CommonMainOrTestWithDependsOnChecker
instanceKlass org/jetbrains/kotlin/gradle/plugin/diagnostics/KotlinGradleProjectChecker$Companion
instanceKlass org/jetbrains/kotlin/gradle/plugin/diagnostics/KotlinGradleProjectChecker
instanceKlass org/jetbrains/kotlin/gradle/plugin/diagnostics/KotlinGradleProjectCheckersRunnerKt
instanceKlass org/jetbrains/kotlin/gradle/plugin/KotlinPluginWrapperKt$setupDiagnosticsChecksAndReporting$1
instanceKlass  @bci org/jetbrains/kotlin/gradle/plugin/internal/IdeaPropertiesValueSource$Inject $gradleInit ()V 1 <appendix> member <vmtarget> ; # org/jetbrains/kotlin/gradle/plugin/internal/IdeaPropertiesValueSource$Inject$$Lambda+0x000000010153ccf8
instanceKlass  @bci org/jetbrains/kotlin/gradle/plugin/internal/IdeaPropertiesValueSource$Parameters$Inject $gradleInit ()V 1 <appendix> member <vmtarget> ; # org/jetbrains/kotlin/gradle/plugin/internal/IdeaPropertiesValueSource$Parameters$Inject$$Lambda+0x000000010153c768
instanceKlass org/jetbrains/kotlin/gradle/plugin/internal/IdeaPropertiesValueSource$Parameters$Inject
instanceKlass  @bci org/jetbrains/kotlin/gradle/plugin/internal/IdeaPropertiesValueSource$Parameters_Decorated $gradleInit ()V 1 <appendix> member <vmtarget> ; # org/jetbrains/kotlin/gradle/plugin/internal/IdeaPropertiesValueSource$Parameters_Decorated$$Lambda+0x000000010153bfc8
instanceKlass org/jetbrains/kotlin/gradle/plugin/internal/IdeaPropertiesValueSource$Parameters_Decorated
instanceKlass org/jetbrains/kotlin/gradle/plugin/internal/IdeaPropertiesEvaluator
instanceKlass org/jetbrains/kotlin/gradle/plugin/internal/IdeaPropertiesValueSource$Parameters
instanceKlass org/jetbrains/kotlin/gradle/plugin/internal/DefaultIdeaSyncDetector$isInIdeaSync$1
instanceKlass org/jetbrains/kotlin/gradle/plugin/internal/IdeaPropertiesValueSource
instanceKlass org/jetbrains/kotlin/gradle/plugin/internal/DefaultIdeaSyncDetector
instanceKlass org/jetbrains/kotlin/gradle/internal/IdeaKt
instanceKlass org/jetbrains/kotlin/gradle/plugin/diagnostics/ToolingDiagnosticRenderingOptions$Companion
instanceKlass org/jetbrains/kotlin/gradle/plugin/diagnostics/ToolingDiagnosticRenderingOptions
instanceKlass org/jetbrains/kotlin/gradle/targets/js/npm/PeerNpmDependencyExtension
instanceKlass org/jetbrains/kotlin/gradle/targets/js/npm/DevNpmDependencyExtension
instanceKlass org/jetbrains/kotlin/gradle/targets/js/npm/NpmDependency
instanceKlass org/jetbrains/kotlin/gradle/targets/js/npm/NpmDependencyExtension
instanceKlass org/jetbrains/kotlin/gradle/targets/js/npm/NpmDirectoryDependencyWithExternalsExtension
instanceKlass org/jetbrains/kotlin/gradle/targets/js/npm/NpmDirectoryDependencyExtension
instanceKlass org/jetbrains/kotlin/gradle/targets/js/npm/NpmDependencyWithExternalsExtension
instanceKlass org/jetbrains/kotlin/gradle/targets/js/npm/BaseNpmDependencyExtension
instanceKlass org/jetbrains/kotlin/gradle/targets/js/npm/NpmDependencyExtensionKt$WhenMappings
instanceKlass  @bci org/gradle/api/internal/artifacts/dsl/dependencies/DefaultDependencyHandler_Decorated getConventionWhileDisabledDeprecationLogger ()Lorg/gradle/api/plugins/Convention; 1 <appendix> member <vmtarget> ; # org/gradle/api/internal/artifacts/dsl/dependencies/DefaultDependencyHandler_Decorated$$Lambda+0x000000010152e800
instanceKlass org/jetbrains/kotlin/gradle/targets/js/npm/NpmDependencyExtensionKt
instanceKlass org/jetbrains/kotlin/gradle/plugin/KotlinAndroidPlugin$Companion$dynamicallyApplyWhenAndroidPluginIsApplied$3
instanceKlass org/jetbrains/kotlin/gradle/model/builder/KotlinModelBuilder$Companion
instanceKlass org/jetbrains/kotlin/gradle/model/builder/KotlinModelBuilder
instanceKlass org/jetbrains/kotlin/gradle/internal/StdlibDependencyManagementKt$configureStdlibVersionAlignment$1$1
instanceKlass org/jetbrains/kotlin/gradle/internal/StdlibDependencyManagementKt$configureStdlibVersionAlignment$1
instanceKlass org/jetbrains/kotlin/gradle/internal/KotlinDependenciesManagementKt$configureDefaultVersionsResolutionStrategy$1$1
instanceKlass org/jetbrains/kotlin/gradle/internal/KotlinDependenciesManagementKt$configureDefaultVersionsResolutionStrategy$1
instanceKlass org/jetbrains/kotlin/gradle/internal/KotlinDomApiDependencyManagementKt$addKotlinDomApiDependency$1
instanceKlass org/jetbrains/kotlin/gradle/plugin/mpp/HasBinaries
instanceKlass org/jetbrains/kotlin/gradle/targets/js/dsl/KotlinJsSubTargetContainerDsl
instanceKlass org/jetbrains/kotlin/gradle/targets/js/dsl/KotlinJsTargetDsl
instanceKlass org/jetbrains/kotlin/gradle/targets/js/dsl/KotlinTargetWithNodeJsDsl
instanceKlass org/jetbrains/kotlin/gradle/plugin/KotlinTargetWithTests
instanceKlass org/jetbrains/kotlin/gradle/internal/KotlinDomApiDependencyManagementKt
instanceKlass org/jetbrains/kotlin/gradle/internal/KotlinTestDependencyManagementKt$configureKotlinTestDependency$3
instanceKlass org/jetbrains/kotlin/gradle/internal/KotlinTestDependencyManagementKt
instanceKlass org/jetbrains/kotlin/gradle/internal/StdlibDependencyManagementKt$addStdlibDependency$1
instanceKlass org/jetbrains/kotlin/gradle/targets/js/npm/SemVer$Companion
instanceKlass org/jetbrains/kotlin/gradle/targets/js/npm/SemVer
instanceKlass org/jetbrains/kotlin/gradle/internal/StdlibDependencyManagementKt
instanceKlass org/jetbrains/kotlin/gradle/utils/ProviderApiUtilsKt$providerWithLazyConvention$1
instanceKlass org/jetbrains/kotlin/gradle/internal/KotlinDependenciesManagementKt
instanceKlass org/jetbrains/kotlin/gradle/plugin/KotlinPluginLifecycleImpl$WhenMappings
instanceKlass kotlin/coroutines/SafeContinuation$Companion
instanceKlass kotlin/coroutines/SafeContinuation
instanceKlass org/jetbrains/kotlin/gradle/plugin/KotlinPluginLifecycleCoroutineContextElement$Key
instanceKlass org/jetbrains/kotlin/gradle/plugin/KotlinPluginLifecycleCoroutineContextElement
instanceKlass org/jetbrains/kotlin/gradle/plugin/KotlinPluginLifecycleImpl$launch$coroutine$1
instanceKlass org/jetbrains/kotlin/gradle/plugin/mpp/ApplyUserDefinedAttributesKt
instanceKlass org/jetbrains/kotlin/gradle/plugin/AndroidProjectHandler$addAndroidUnitTestTasksAsDependenciesToAllTest$2
instanceKlass org/jetbrains/kotlin/gradle/plugin/AndroidProjectHandler$addAndroidUnitTestTasksAsDependenciesToAllTest$1
instanceKlass org/jetbrains/kotlin/gradle/testing/internal/KotlinTestsRegistryKt
instanceKlass org/jetbrains/kotlin/gradle/tooling/IncludeKotlinToolingMetadataInApkKt$includeKotlinToolingMetadataInApk$1$1
instanceKlass org/jetbrains/kotlin/gradle/tasks/TasksProviderKt$sam$org_gradle_api_Action$0
instanceKlass org/jetbrains/kotlin/gradle/tasks/TasksProviderKt
instanceKlass org/jetbrains/kotlin/gradle/tooling/BuildKotlinToolingMetadataTaskKt
instanceKlass org/jetbrains/kotlin/gradle/tooling/IncludeKotlinToolingMetadataInApkKt$includeKotlinToolingMetadataInApk$1
instanceKlass org/jetbrains/kotlin/gradle/tooling/IncludeKotlinToolingMetadataInApkKt
instanceKlass org/gradle/api/internal/plugins/DefaultPluginContainer$1
instanceKlass org/jetbrains/kotlin/gradle/utils/ForEachAndroidVariantKt$sam$org_gradle_api_Action$0
instanceKlass org/jetbrains/kotlin/gradle/utils/ForEachAndroidVariantKt
# instanceKlass java/lang/invoke/LambdaForm$MH+0x000000010152e000
# instanceKlass java/lang/invoke/LambdaForm$MH+0x000000010152dc00
# instanceKlass java/lang/invoke/LambdaForm$MH+0x000000010152d800
instanceKlass org/jetbrains/kotlin/gradle/plugin/sources/android/configurator/SingleTargetSourceDirConfigurator$configure$1
instanceKlass org/jetbrains/kotlin/gradle/plugin/sources/android/configurator/Agp7AddKotlinSourcesToAndroidSourceSetConfigurator$configure$1
instanceKlass org/jetbrains/kotlin/gradle/plugin/internal/CompatibilityConventionRegistrarKt
instanceKlass org/jetbrains/kotlin/gradle/internal/Kapt3GradleSubplugin$Kapt3SubpluginContext
instanceKlass org/jetbrains/kotlin/gradle/internal/Kapt3GradleSubplugin$Companion
instanceKlass org/jetbrains/kotlin/gradle/internal/Kapt3GradleSubplugin
instanceKlass org/jetbrains/kotlin/gradle/plugin/KotlinCompilerPluginSupportPlugin
instanceKlass org/jetbrains/kotlin/gradle/plugin/sources/android/configurator/KotlinAndroidSourceSetConfigurator$DefaultImpls
instanceKlass org/jetbrains/kotlin/gradle/plugin/sources/android/KotlinAndroidSourceSetInfo
instanceKlass  @bci org/jetbrains/kotlin/gradle/plugin/sources/DefaultKotlinSourceSet_Decorated getConventionWhileDisabledDeprecationLogger ()Lorg/gradle/api/plugins/Convention; 1 <appendix> member <vmtarget> ; # org/jetbrains/kotlin/gradle/plugin/sources/DefaultKotlinSourceSet_Decorated$$Lambda+0x0000000101524d38
instanceKlass org/jetbrains/kotlin/gradle/plugin/sources/android/KotlinAndroidSourceSetInfoKt
instanceKlass org/jetbrains/kotlin/gradle/plugin/sources/DefaultKotlinSourceSetFactory$setUpSourceSetDefaults$1$1$1
instanceKlass org/jetbrains/kotlin/util/capitalizeDecapitalize/CapitalizeDecapitalizeKt
instanceKlass  @bci org/jetbrains/kotlin/gradle/plugin/sources/DefaultKotlinSourceSet_Decorated $gradleInit ()V 1 <appendix> member <vmtarget> ; # org/jetbrains/kotlin/gradle/plugin/sources/DefaultKotlinSourceSet_Decorated$$Lambda+0x0000000101524478
instanceKlass org/jetbrains/kotlin/gradle/plugin/sources/DefaultLanguageSettingsBuilder
instanceKlass  @bci org/gradle/api/internal/file/DefaultSourceDirectorySet_Decorated $gradleInit ()V 1 <appendix> member <vmtarget> ; # org/gradle/api/internal/file/DefaultSourceDirectorySet_Decorated$$Lambda+0x0000000101529bc0
instanceKlass org/gradle/api/internal/file/DefaultSourceDirectorySet$SourceDirectories
# instanceKlass java/lang/invoke/LambdaForm$MH+0x000000010152d400
# instanceKlass java/lang/invoke/LambdaForm$MH+0x000000010152d000
# instanceKlass java/lang/invoke/LambdaForm$MH+0x000000010152cc00
# instanceKlass java/lang/invoke/LambdaForm$MH+0x000000010152c800
# instanceKlass java/lang/invoke/LambdaForm$MH+0x000000010152c400
# instanceKlass java/lang/invoke/LambdaForm$MH+0x000000010152c000
instanceKlass org/gradle/model/internal/core/UnmanagedStruct
instanceKlass org/gradle/api/internal/file/collections/DirectoryFileTree
instanceKlass org/gradle/api/internal/file/collections/LocalFileTree
instanceKlass org/gradle/api/internal/file/collections/RandomAccessFileCollection
instanceKlass org/gradle/api/internal/file/collections/PatternFilterableFileTree
instanceKlass org/jetbrains/kotlin/gradle/plugin/sources/ConsistencyCheck
instanceKlass org/jetbrains/kotlin/gradle/dsl/KotlinVersion$Companion
instanceKlass org/jetbrains/kotlin/gradle/plugin/sources/FragmentConsistencyChecks
instanceKlass org/jetbrains/kotlin/gradle/plugin/sources/FragmentConsistencyChecker
instanceKlass org/jetbrains/kotlin/gradle/plugin/sources/DefaultKotlinSourceSetKt
instanceKlass org/jetbrains/kotlin/gradle/plugin/sources/DefaultKotlinSourceSet$MetadataDependencyTransformation
instanceKlass org/jetbrains/kotlin/gradle/plugin/KotlinSourceSet$Companion
instanceKlass org/jetbrains/kotlin/gradle/utils/MutableObservableSetImpl
instanceKlass org/jetbrains/kotlin/gradle/utils/MutableObservableSet
instanceKlass org/jetbrains/kotlin/gradle/utils/ObservableSet
instanceKlass org/jetbrains/kotlin/gradle/plugin/LanguageSettingsBuilder
instanceKlass org/jetbrains/kotlin/project/model/LanguageSettings
instanceKlass org/jetbrains/kotlin/gradle/plugin/sources/AbstractKotlinSourceSet
instanceKlass org/jetbrains/kotlin/gradle/plugin/sources/InternalKotlinSourceSet
instanceKlass org/jetbrains/kotlin/gradle/utils/ObjectCollectionExtKt$sam$org_gradle_api_Action$0
instanceKlass org/jetbrains/kotlin/gradle/utils/ObjectCollectionExtKt
instanceKlass org/jetbrains/kotlin/gradle/utils/StringUtilsKt
instanceKlass org/jetbrains/kotlin/gradle/plugin/sources/android/AndroidVariantTypeKt
instanceKlass org/jetbrains/kotlin/gradle/plugin/sources/android/AndroidBaseSourceSetName$Companion
instanceKlass org/jetbrains/kotlin/gradle/plugin/sources/android/AndroidBaseSourceSetName
instanceKlass org/jetbrains/kotlin/gradle/plugin/sources/android/KotlinAndroidSourceSets$applyKotlinAndroidSourceSetLayout$2
instanceKlass org/jetbrains/kotlin/gradle/utils/FailuresKt$ideaSyncClasspathModeUtil$1
instanceKlass org/jetbrains/kotlin/gradle/utils/FailuresKt
instanceKlass org/jetbrains/kotlin/gradle/plugin/sources/android/KotlinAndroidSourceSetFactory$Companion
instanceKlass org/jetbrains/kotlin/gradle/plugin/sources/android/KotlinAndroidSourceSetFactory
instanceKlass  @bci org/jetbrains/kotlin/gradle/plugin/diagnostics/KotlinToolingDiagnosticsCollector$Inject $gradleInit ()V 1 <appendix> member <vmtarget> ; # org/jetbrains/kotlin/gradle/plugin/diagnostics/KotlinToolingDiagnosticsCollector$Inject$$Lambda+0x000000010151c5b0
instanceKlass org/jetbrains/kotlin/gradle/plugin/diagnostics/ToolingDiagnostic
instanceKlass org/jetbrains/kotlin/gradle/plugin/diagnostics/UsesKotlinToolingDiagnostics
instanceKlass org/jetbrains/kotlin/gradle/utils/GradleUtilsKt$registerClassLoaderScopedBuildService$1
instanceKlass org/jetbrains/kotlin/gradle/plugin/diagnostics/KotlinToolingDiagnosticsCollector
instanceKlass org/jetbrains/kotlin/gradle/plugin/diagnostics/KotlinToolingDiagnosticsCollectorKt
instanceKlass org/jetbrains/kotlin/gradle/utils/AndroidExtensionUitlsKt
instanceKlass org/jetbrains/kotlin/gradle/plugin/sources/android/checker/MultiplatformLayoutV2MultiplatformLayoutV1StyleSourceDirUsageChecker
instanceKlass org/jetbrains/kotlin/gradle/plugin/sources/android/checker/MultiplatformLayoutV2AndroidStyleSourceDirUsageChecker
instanceKlass org/jetbrains/kotlin/gradle/plugin/sources/android/checker/MultiplatformLayoutV2AgpRequirementChecker
instanceKlass org/jetbrains/kotlin/gradle/plugin/sources/android/configurator/MultiplatformLayoutV2DefaultManifestLocationConfigurator
instanceKlass org/jetbrains/kotlin/gradle/plugin/sources/android/configurator/MultiplatformLayoutV2SourceDirConfigurator
instanceKlass org/jetbrains/kotlin/gradle/plugin/sources/android/configurator/MultiplatformLayoutV2DependsOnConfigurator
instanceKlass org/jetbrains/kotlin/gradle/plugin/sources/android/MultiplatformLayoutV2KotlinAndroidSourceSetNaming
instanceKlass org/jetbrains/kotlin/gradle/plugin/sources/android/checker/MultiplatformLayoutV1DeprecationChecker
instanceKlass org/jetbrains/kotlin/gradle/plugin/sources/android/configurator/MultiplatformLayoutV1SourceDirConfigurator
instanceKlass org/jetbrains/kotlin/gradle/plugin/sources/android/configurator/MultiplatformLayoutV1DependsOnConfigurator
instanceKlass org/jetbrains/kotlin/gradle/plugin/sources/android/configurator/MultiplatformAndroidResourceDirConfigurator
instanceKlass org/jetbrains/kotlin/gradle/plugin/sources/android/MultiplatformLayoutV1KotlinAndroidSourceSetNaming
instanceKlass org/jetbrains/kotlin/gradle/plugin/sources/android/checker/CompositeKotlinAndroidSourceSetLayoutChecker
instanceKlass org/jetbrains/kotlin/gradle/plugin/sources/android/checker/KotlinAndroidSourceSetLayoutCheckerKt
instanceKlass org/jetbrains/kotlin/gradle/plugin/sources/android/checker/KotlinAndroidSourceSetLayoutChecker
instanceKlass org/jetbrains/kotlin/gradle/plugin/sources/android/configurator/CompositeKotlinAndroidSourceSetConfigurator
instanceKlass org/jetbrains/kotlin/gradle/plugin/sources/android/configurator/SingleTargetSourceDirConfigurator
instanceKlass org/jetbrains/kotlin/gradle/plugin/sources/android/configurator/KotlinAndroidSourceSetConfigurationWithCondition
instanceKlass org/jetbrains/kotlin/gradle/plugin/sources/android/configurator/KotlinAndroidSourceSetConfiguratorKt
instanceKlass org/jetbrains/kotlin/gradle/plugin/sources/android/configurator/Agp7AddKotlinSourcesToAndroidSourceSetConfigurator
instanceKlass org/jetbrains/kotlin/gradle/plugin/sources/android/configurator/GradleConventionAddKotlinSourcesToAndroidSourceSetConfigurator
instanceKlass org/jetbrains/kotlin/gradle/plugin/sources/android/configurator/AndroidKaptSourceSetConfigurator
instanceKlass org/jetbrains/kotlin/gradle/plugin/sources/android/configurator/KotlinAndroidSourceSetInfoConfigurator
instanceKlass org/jetbrains/kotlin/gradle/plugin/sources/android/configurator/KotlinAndroidSourceSetConfigurator
instanceKlass org/jetbrains/kotlin/gradle/plugin/sources/android/SingleTargetKotlinAndroidSourceSetNaming
instanceKlass org/jetbrains/kotlin/gradle/plugin/sources/android/KotlinAndroidSourceSetNaming
instanceKlass org/jetbrains/kotlin/gradle/plugin/sources/android/KotlinAndroidSourceSetLayout
instanceKlass org/jetbrains/kotlin/gradle/plugin/sources/android/KotlinAndroidSourceSetLayoutKt
instanceKlass org/jetbrains/kotlin/gradle/dsl/KotlinMultiplatformSourceSetConventions
instanceKlass org/jetbrains/kotlin/gradle/dsl/KotlinHierarchyDsl
instanceKlass org/jetbrains/kotlin/gradle/dsl/KotlinTargetContainerWithNativeShortcuts
instanceKlass org/jetbrains/kotlin/gradle/dsl/KotlinTargetContainerWithWasmPresetFunctions
instanceKlass org/jetbrains/kotlin/gradle/dsl/KotlinTargetContainerWithJsPresetFunctions
instanceKlass org/jetbrains/kotlin/gradle/plugin/KotlinJsCompilerTypeHolder
instanceKlass org/jetbrains/kotlin/gradle/dsl/KotlinTargetContainerWithPresetFunctions
instanceKlass org/jetbrains/kotlin/gradle/plugin/KotlinTargetsContainerWithPresets
instanceKlass org/jetbrains/kotlin/gradle/plugin/KotlinTargetsContainer
instanceKlass org/jetbrains/kotlin/gradle/plugin/sources/android/KotlinAndroidSourceSetLayoutExtensionKt
instanceKlass org/jetbrains/kotlin/gradle/plugin/sources/android/KotlinAndroidSourceSets
instanceKlass org/jetbrains/kotlin/gradle/tasks/KotlinTasksProvider
instanceKlass  @bci com/android/build/gradle/internal/dsl/BaseAppModuleExtension_Decorated getConventionWhileDisabledDeprecationLogger ()Lorg/gradle/api/plugins/Convention; 1 <appendix> member <vmtarget> ; # com/android/build/gradle/internal/dsl/BaseAppModuleExtension_Decorated$$Lambda+0x0000000101513df8
instanceKlass org/jetbrains/kotlin/gradle/plugin/KotlinAndroidPlugin$apply$1$1$kotlinOptions$1
instanceKlass org/jetbrains/kotlin/gradle/dsl/KotlinJvmOptions
instanceKlass org/jetbrains/kotlin/gradle/dsl/KotlinCommonOptions
instanceKlass org/jetbrains/kotlin/gradle/dsl/KotlinCommonToolOptions
instanceKlass org/gradle/api/internal/provider/Collectors$ElementsFromCollectionProvider
instanceKlass org/gradle/api/internal/provider/AbstractCollectionProperty$Configurer
instanceKlass org/jetbrains/kotlin/gradle/dsl/KotlinCommonCompilerToolOptionsHelper
instanceKlass org/jetbrains/kotlin/gradle/dsl/KotlinCommonCompilerOptionsHelper
instanceKlass org/jetbrains/kotlin/gradle/dsl/KotlinJvmCompilerOptionsHelper
instanceKlass org/jetbrains/kotlin/gradle/plugin/internal/DefaultBasePluginConfiguration
instanceKlass org/jetbrains/kotlin/gradle/plugin/mpp/pm20/util/UtilsKt
instanceKlass org/jetbrains/kotlin/gradle/plugin/mpp/KotlinCompilationsKt
instanceKlass org/jetbrains/kotlin/gradle/plugin/KotlinJvmPlugin$Companion
instanceKlass org/jetbrains/kotlin/gradle/plugin/AbstractKotlinPlugin$Companion
instanceKlass org/jetbrains/kotlin/gradle/plugin/AbstractKotlinPlugin
instanceKlass  @bci org/jetbrains/kotlin/gradle/plugin/mpp/KotlinAndroidTarget_Decorated $gradleInit ()V 1 <appendix> member <vmtarget> ; # org/jetbrains/kotlin/gradle/plugin/mpp/KotlinAndroidTarget_Decorated$$Lambda+0x0000000101511c58
instanceKlass org/jetbrains/kotlin/gradle/tasks/DefaultKotlinJavaToolchain$Companion$wireJvmTargetToJvm$1
instanceKlass org/jetbrains/kotlin/gradle/tasks/DefaultKotlinJavaToolchain$Companion$wireJvmTargetToToolchain$1
instanceKlass org/jetbrains/kotlin/gradle/tasks/DefaultKotlinJavaToolchain$Companion$wireJvmTargetToToolchain$2
instanceKlass org/jetbrains/kotlin/gradle/tasks/DefaultKotlinJavaToolchain$Companion
instanceKlass org/jetbrains/kotlin/gradle/tasks/DefaultKotlinJavaToolchain
instanceKlass org/jetbrains/kotlin/gradle/tasks/KotlinJavaToolchain
instanceKlass org/jetbrains/kotlin/gradle/plugin/KotlinSourceSetTree$Companion
instanceKlass org/jetbrains/kotlin/gradle/plugin/KotlinSourceSetTree
instanceKlass org/jetbrains/kotlin/gradle/plugin/mpp/KotlinAndroidTargetVariantDslImpl
instanceKlass org/jetbrains/kotlin/gradle/plugin/mpp/DecoratedKotlinCompilation
instanceKlass org/jetbrains/kotlin/gradle/plugin/mpp/InternalKotlinCompilation
instanceKlass org/jetbrains/kotlin/gradle/plugin/KotlinCompilationToRunnableFiles
instanceKlass org/jetbrains/kotlin/tooling/core/MutableExtrasImpl$Companion
instanceKlass org/jetbrains/kotlin/tooling/core/AbstractExtras
instanceKlass org/jetbrains/kotlin/tooling/core/ExtrasUtilsKt
instanceKlass org/jetbrains/kotlin/gradle/InternalKotlinGradlePluginApi
instanceKlass org/jetbrains/kotlin/gradle/plugin/mpp/KotlinTargetSoftwareComponent
instanceKlass org/gradle/api/component/ComponentWithCoordinates
instanceKlass org/gradle/api/component/ComponentWithVariants
instanceKlass org/jetbrains/kotlin/gradle/plugin/mpp/HierarchyAttributeContainer
instanceKlass org/jetbrains/kotlin/gradle/plugin/mpp/InternalKotlinTargetComponent
instanceKlass org/gradle/api/internal/component/SoftwareComponentInternal
instanceKlass org/jetbrains/kotlin/gradle/plugin/mpp/KotlinTargetComponentWithPublication
instanceKlass org/jetbrains/kotlin/gradle/plugin/KotlinTargetComponent
instanceKlass org/gradle/api/publish/maven/MavenPublication
instanceKlass org/jetbrains/kotlin/gradle/plugin/mpp/DefaultKotlinUsageContext
instanceKlass org/jetbrains/kotlin/gradle/plugin/mpp/KotlinUsageContext
instanceKlass org/gradle/api/internal/component/UsageContext
instanceKlass org/gradle/api/component/SoftwareComponentVariant
instanceKlass org/jetbrains/kotlin/gradle/plugin/KotlinTargetPreset
instanceKlass org/jetbrains/kotlin/tooling/core/MutableExtras
instanceKlass org/jetbrains/kotlin/tooling/core/Extras
instanceKlass org/jetbrains/kotlin/gradle/plugin/KotlinCompilation
instanceKlass org/jetbrains/kotlin/gradle/plugin/AndroidProjectHandler
instanceKlass org/jetbrains/kotlin/gradle/plugin/mpp/KotlinAndroidTargetVariantDsl
instanceKlass org/jetbrains/kotlin/gradle/plugin/KotlinAndroidPlugin$Companion$dynamicallyApplyWhenAndroidPluginIsApplied$2$1
instanceKlass org/jetbrains/kotlin/gradle/plugin/KotlinMultiplatformPluginKt$whenEvaluated$2
instanceKlass org/jetbrains/kotlin/gradle/utils/AndroidPluginIdsKt
instanceKlass org/jetbrains/kotlin/gradle/plugin/KotlinMultiplatformPluginKt
instanceKlass org/jetbrains/kotlin/gradle/plugin/KotlinPluginLifecycle$Stage$Companion
instanceKlass org/jetbrains/kotlin/gradle/utils/Completable
instanceKlass org/jetbrains/kotlin/gradle/utils/FutureImpl
instanceKlass org/jetbrains/kotlin/gradle/utils/FutureKt
instanceKlass org/jetbrains/kotlin/gradle/plugin/KotlinPluginLifecycleImpl
instanceKlass org/jetbrains/kotlin/gradle/plugin/KotlinPluginLifecycle
instanceKlass org/jetbrains/kotlin/gradle/plugin/KotlinPluginLifecycleKt
instanceKlass org/jetbrains/kotlin/gradle/utils/WhenPluginEnabledKt$whenPluginsEnabled$1
instanceKlass org/jetbrains/kotlin/gradle/utils/WhenPluginEnabledKt
instanceKlass org/jetbrains/kotlin/gradle/plugin/ProjectLocalConfigurations$ProjectLocalDisambiguation
instanceKlass org/jetbrains/kotlin/gradle/plugin/ProjectLocalConfigurations$ProjectLocalCompatibility
instanceKlass org/jetbrains/kotlin/gradle/plugin/ProjectLocalConfigurations$setupAttributesMatchingStrategy$1$1
instanceKlass org/jetbrains/kotlin/gradle/plugin/ProjectLocalConfigurations
instanceKlass org/jetbrains/kotlin/gradle/plugin/mpp/KotlinUsages$KotlinMetadataDisambiguation
instanceKlass org/jetbrains/kotlin/gradle/plugin/mpp/KotlinUsages$KotlinMetadataCompatibility
instanceKlass org/jetbrains/kotlin/gradle/plugin/mpp/KotlinUsages$KotlinCinteropDisambiguation
instanceKlass org/jetbrains/kotlin/gradle/plugin/mpp/KotlinUsages$KotlinCinteropCompatibility
instanceKlass org/jetbrains/kotlin/gradle/plugin/mpp/KotlinUsages$KotlinUsagesDisambiguation
instanceKlass org/jetbrains/kotlin/gradle/plugin/mpp/KotlinUsages$KotlinJavaRuntimeJarsCompatibility
instanceKlass org/jetbrains/kotlin/gradle/plugin/mpp/KotlinUsages$setupAttributesMatchingStrategy$1
instanceKlass org/jetbrains/kotlin/gradle/plugin/mpp/KotlinUsages
instanceKlass org/jetbrains/kotlin/gradle/plugin/KotlinPlatformType$DisambiguationRule
instanceKlass org/jetbrains/kotlin/gradle/plugin/KotlinPlatformType$CompatibilityRule
instanceKlass org/jetbrains/kotlin/gradle/plugin/KotlinPlatformType$Companion
instanceKlass org/jetbrains/kotlin/gradle/utils/CompletableFuture
instanceKlass org/jetbrains/kotlin/tooling/core/ExtrasPropertyKt$extrasLazyProperty$1
instanceKlass org/jetbrains/kotlin/tooling/core/ExtrasLazyProperty
instanceKlass org/jetbrains/kotlin/tooling/core/ExtrasProperty
instanceKlass org/jetbrains/kotlin/tooling/core/ExtrasPropertyKt
instanceKlass org/jetbrains/kotlin/tooling/core/TypeUtils$WhenMappings
instanceKlass kotlin/reflect/jvm/internal/KTypeImpl$WhenMappings
instanceKlass kotlin/reflect/jvm/internal/KTypeImpl$$Lambda$2
instanceKlass org/jetbrains/kotlin/tooling/core/TypeUtils
instanceKlass kotlin/reflect/jvm/internal/impl/types/KotlinTypeFactory$$Lambda$0
instanceKlass kotlin/reflect/jvm/internal/impl/resolve/scopes/SubstitutingScope$$Lambda$1
instanceKlass kotlin/reflect/jvm/internal/impl/resolve/calls/inference/CapturedTypeConstructorKt
instanceKlass kotlin/reflect/jvm/internal/impl/resolve/scopes/SubstitutingScope$$Lambda$0
instanceKlass kotlin/reflect/jvm/internal/impl/resolve/scopes/SubstitutingScope
instanceKlass kotlin/reflect/jvm/internal/impl/types/TypeSubstitutor
instanceKlass kotlin/reflect/jvm/internal/impl/descriptors/impl/ModuleAwareClassDescriptorKt
instanceKlass kotlin/reflect/jvm/internal/impl/types/TypeConstructorSubstitution$Companion
instanceKlass kotlin/reflect/jvm/internal/impl/types/TypeSubstitution$Companion
instanceKlass kotlin/reflect/jvm/internal/impl/types/TypeSubstitution
instanceKlass kotlin/reflect/jvm/internal/impl/types/TypeProjectionBase
instanceKlass kotlin/reflect/full/KClassifiers$WhenMappings
instanceKlass kotlin/reflect/jvm/internal/impl/serialization/deserialization/descriptors/DeserializedTypeParameterDescriptor$$Lambda$0
instanceKlass kotlin/reflect/jvm/internal/impl/serialization/deserialization/descriptors/DeserializedAnnotations
instanceKlass kotlin/reflect/jvm/internal/impl/descriptors/impl/AbstractTypeParameterDescriptor$2
instanceKlass kotlin/reflect/jvm/internal/impl/descriptors/impl/AbstractTypeParameterDescriptor$1
instanceKlass kotlin/reflect/jvm/internal/impl/types/IntersectionTypeConstructor
instanceKlass kotlin/reflect/jvm/internal/impl/types/model/IntersectionTypeConstructorMarker
instanceKlass kotlin/reflect/jvm/internal/impl/types/checker/NewTypeVariableConstructor
instanceKlass kotlin/reflect/jvm/internal/impl/descriptors/TypeParameterDescriptor
instanceKlass kotlin/reflect/jvm/internal/impl/types/model/TypeParameterMarker
instanceKlass kotlin/reflect/jvm/internal/impl/types/model/DefinitelyNotNullTypeMarker
instanceKlass kotlin/reflect/jvm/internal/impl/types/CustomTypeParameter
instanceKlass kotlin/reflect/jvm/internal/impl/types/SpecialTypesKt
instanceKlass kotlin/reflect/jvm/internal/impl/types/FlexibleTypesKt
instanceKlass kotlin/reflect/jvm/internal/impl/types/model/FlexibleTypeMarker
instanceKlass kotlin/reflect/jvm/internal/impl/types/KotlinTypeKt
instanceKlass kotlin/reflect/jvm/internal/KTypeImpl$$Lambda$1
instanceKlass kotlin/reflect/jvm/internal/KTypeImpl$$Lambda$0
instanceKlass kotlin/reflect/jvm/internal/impl/serialization/deserialization/descriptors/DeserializedClassDescriptor$DeserializedClassMemberScope$$Lambda$2
instanceKlass kotlin/reflect/jvm/internal/impl/serialization/deserialization/descriptors/DeserializedClassDescriptor$DeserializedClassMemberScope$$Lambda$1
instanceKlass kotlin/reflect/jvm/internal/impl/serialization/deserialization/descriptors/DeserializedClassDescriptor$DeserializedClassMemberScope$$Lambda$0
instanceKlass kotlin/reflect/jvm/internal/KTypeImpl
instanceKlass kotlin/jvm/internal/KTypeBase
instanceKlass kotlin/reflect/jvm/internal/impl/descriptors/TypeParameterUtilsKt
instanceKlass kotlin/reflect/jvm/internal/impl/util/collectionUtils/ScopeUtilsKt
instanceKlass kotlin/reflect/jvm/internal/impl/serialization/deserialization/descriptors/DeserializedMemberScope$$Lambda$1
instanceKlass kotlin/reflect/jvm/internal/impl/serialization/deserialization/descriptors/DeserializedMemberScope$$Lambda$0
instanceKlass kotlin/reflect/jvm/internal/impl/serialization/deserialization/descriptors/DeserializedMemberScope$OptimizedImplementation$$Lambda$4
instanceKlass kotlin/reflect/jvm/internal/impl/serialization/deserialization/descriptors/DeserializedMemberScope$OptimizedImplementation$$Lambda$3
instanceKlass kotlin/reflect/jvm/internal/impl/serialization/deserialization/descriptors/DeserializedMemberScope$OptimizedImplementation$$Lambda$2
instanceKlass kotlin/reflect/jvm/internal/impl/serialization/deserialization/descriptors/DeserializedMemberScope$OptimizedImplementation$$Lambda$1
instanceKlass kotlin/reflect/jvm/internal/impl/serialization/deserialization/descriptors/DeserializedMemberScope$OptimizedImplementation$$Lambda$0
instanceKlass kotlin/reflect/jvm/internal/impl/protobuf/SmallSortedMap$EntryIterator
instanceKlass kotlin/reflect/jvm/internal/impl/protobuf/GeneratedMessageLite$ExtendableMessage$ExtensionWriter
instanceKlass kotlin/reflect/jvm/internal/impl/serialization/deserialization/descriptors/DeserializedMemberScope$OptimizedImplementation
instanceKlass kotlin/reflect/jvm/internal/impl/serialization/deserialization/descriptors/DeserializedMemberScope$Implementation
instanceKlass kotlin/reflect/jvm/internal/impl/serialization/deserialization/DeserializedPackageFragmentImpl$$Lambda$1
instanceKlass kotlin/reflect/jvm/internal/impl/metadata/deserialization/NameResolverImpl$WhenMappings
instanceKlass kotlin/reflect/jvm/internal/impl/protobuf/Utf8
instanceKlass kotlin/reflect/jvm/internal/impl/serialization/deserialization/DeserializedPackageFragmentImpl$$Lambda$0
instanceKlass kotlin/reflect/jvm/internal/impl/serialization/deserialization/ProtoBasedClassDataFinder
instanceKlass kotlin/reflect/jvm/internal/impl/metadata/deserialization/NameResolverImpl
instanceKlass kotlin/reflect/jvm/internal/impl/metadata/ProtoBuf$Annotation$ArgumentOrBuilder
instanceKlass kotlin/reflect/jvm/internal/impl/metadata/ProtoBuf$QualifiedNameTable$QualifiedName$Kind$1
instanceKlass kotlin/reflect/jvm/internal/impl/metadata/ProtoBuf$QualifiedNameTable$QualifiedNameOrBuilder
instanceKlass kotlin/reflect/jvm/internal/impl/metadata/ProtoBuf$QualifiedNameTableOrBuilder
instanceKlass kotlin/reflect/jvm/internal/impl/protobuf/LazyStringList
instanceKlass kotlin/reflect/jvm/internal/impl/protobuf/ProtocolStringList
instanceKlass kotlin/reflect/jvm/internal/impl/metadata/ProtoBuf$StringTableOrBuilder
instanceKlass kotlin/reflect/jvm/internal/impl/metadata/ProtoBuf$PackageFragmentOrBuilder
instanceKlass kotlin/reflect/jvm/internal/impl/metadata/builtins/BuiltInsBinaryVersion$Companion
instanceKlass kotlin/reflect/jvm/internal/impl/metadata/builtins/ReadPackageFragmentKt
instanceKlass kotlin/reflect/jvm/internal/impl/serialization/deserialization/builtins/BuiltInsPackageFragmentImpl$Companion
instanceKlass kotlin/reflect/jvm/internal/impl/builtins/BuiltInsPackageFragment
instanceKlass kotlin/reflect/full/KClassifiers
instanceKlass kotlin/reflect/KTypeProjection$Companion
instanceKlass kotlin/reflect/KTypeProjection
instanceKlass org/jetbrains/kotlin/gradle/utils/Future
instanceKlass org/jetbrains/kotlin/tooling/core/Extras$Type$Companion
instanceKlass org/jetbrains/kotlin/tooling/core/Extras$Type
instanceKlass org/jetbrains/kotlin/tooling/core/Extras$Key$Companion
instanceKlass org/jetbrains/kotlin/tooling/core/Extras$Key
instanceKlass org/jetbrains/kotlin/gradle/targets/metadata/KotlinMetadataTargetConfiguratorKt
instanceKlass org/jetbrains/kotlin/gradle/plugin/AndroidGradlePluginVersionKt
instanceKlass org/jetbrains/kotlin/gradle/plugin/AndroidGradlePluginVersion$Companion
instanceKlass org/jetbrains/kotlin/gradle/plugin/AndroidGradlePluginVersion
instanceKlass org/jetbrains/kotlin/gradle/plugin/KotlinAndroidPlugin$Companion
instanceKlass org/jetbrains/kotlin/gradle/plugin/KotlinAndroidPlugin
instanceKlass org/jetbrains/kotlin/gradle/testing/internal/KotlinTestsRegistry$Companion
instanceKlass  @bci org/jetbrains/kotlin/gradle/dsl/KotlinAndroidProjectExtension_Decorated getConventionWhileDisabledDeprecationLogger ()Lorg/gradle/api/plugins/Convention; 1 <appendix> member <vmtarget> ; # org/jetbrains/kotlin/gradle/dsl/KotlinAndroidProjectExtension_Decorated$$Lambda+0x00000001014b0d88
instanceKlass org/jetbrains/kotlin/gradle/plugin/sources/KotlinSourceSetFactory$Companion
instanceKlass org/jetbrains/kotlin/gradle/plugin/sources/KotlinSourceSetFactory
instanceKlass  @bci org/jetbrains/kotlin/gradle/dsl/KotlinAndroidProjectExtension_Decorated $gradleInit ()V 1 <appendix> member <vmtarget> ; # org/jetbrains/kotlin/gradle/dsl/KotlinAndroidProjectExtension_Decorated$$Lambda+0x00000001014b0458
instanceKlass org/jetbrains/kotlin/gradle/utils/ExperimentalConifgurationKt$configureExperimentalTryK2$1$1
instanceKlass org/jetbrains/kotlin/gradle/utils/ExperimentalConifgurationKt
instanceKlass  @bci org/jetbrains/kotlin/gradle/dsl/KotlinJvmCompilerOptionsDefault_Decorated $gradleInit ()V 1 <appendix> member <vmtarget> ; # org/jetbrains/kotlin/gradle/dsl/KotlinJvmCompilerOptionsDefault_Decorated$$Lambda+0x00000001014abdc0
instanceKlass org/jetbrains/kotlin/gradle/dsl/JvmTarget$Companion
instanceKlass org/gradle/api/internal/provider/Collectors$ElementsFromCollection
instanceKlass org/gradle/api/internal/provider/AbstractCollectionProperty$CollectingSupplier
instanceKlass org/jetbrains/kotlin/gradle/dsl/KotlinCommonCompilerToolOptionsDefault
instanceKlass  @bci org/jetbrains/kotlin/gradle/dsl/DefaultToolchainSupport_Decorated $gradleInit ()V 1 <appendix> member <vmtarget> ; # org/jetbrains/kotlin/gradle/dsl/DefaultToolchainSupport_Decorated$$Lambda+0x00000001014aa508
instanceKlass org/jetbrains/kotlin/gradle/dsl/DefaultToolchainSupport$wireToolchainToTasks$1$1
instanceKlass org/jetbrains/kotlin/gradle/tasks/UsesKotlinJavaToolchain
instanceKlass  @bci org/gradle/jvm/toolchain/internal/DefaultJavaToolchainService launcherFor (Lorg/gradle/jvm/toolchain/JavaToolchainSpec;)Lorg/gradle/api/provider/Provider; 19 <appendix> argL0 ; # org/gradle/jvm/toolchain/internal/DefaultJavaToolchainService$$Lambda+0x000000010138fa10
instanceKlass org/gradle/jvm/toolchain/internal/DefaultToolchainJavaLauncher
instanceKlass org/gradle/jvm/toolchain/JavaLauncher
instanceKlass  @bci org/gradle/jvm/toolchain/internal/DefaultJavaToolchainService launcherFor (Lorg/gradle/jvm/toolchain/JavaToolchainSpec;)Lorg/gradle/api/provider/Provider; 9 <appendix> member <vmtarget> ; # org/gradle/jvm/toolchain/internal/DefaultJavaToolchainService$$Lambda+0x000000010138f578
instanceKlass  @bci org/gradle/jvm/toolchain/internal/JavaToolchainQueryService findMatchingToolchain (Lorg/gradle/jvm/toolchain/JavaToolchainSpec;Ljava/util/Set;)Lorg/gradle/api/internal/provider/ProviderInternal; 15 <appendix> member <vmtarget> ; # org/gradle/jvm/toolchain/internal/JavaToolchainQueryService$$Lambda+0x000000010138f338
instanceKlass  @bci org/gradle/api/internal/DefaultCollectionCallbackActionDecorator$1 isSatisfiedBy (Ljava/lang/Object;)Z 9 <appendix> member <vmtarget> ; # org/gradle/api/internal/DefaultCollectionCallbackActionDecorator$1$$Lambda+0x00000001014934b0
instanceKlass org/gradle/api/internal/DefaultCollectionCallbackActionDecorator$1
instanceKlass org/gradle/api/internal/plugins/DefaultPluginContainer$2$1
instanceKlass org/gradle/api/internal/plugins/DefaultPluginContainer$2
instanceKlass org/jetbrains/kotlin/gradle/dsl/DefaultToolchainSupport$wireToolchainToTasks$1
instanceKlass org/jetbrains/kotlin/gradle/dsl/DefaultToolchainSupport
instanceKlass org/jetbrains/kotlin/gradle/dsl/ToolchainSupport$Companion
instanceKlass org/jetbrains/kotlin/buildtools/api/ExperimentalBuildToolsApi
instanceKlass org/jetbrains/kotlin/gradle/ExperimentalKotlinGradlePluginApi
instanceKlass org/jetbrains/kotlin/gradle/dsl/KotlinGradlePluginDsl
instanceKlass org/jetbrains/kotlin/gradle/plugin/KotlinSourceSet
instanceKlass org/jetbrains/kotlin/gradle/plugin/HasKotlinDependencies
instanceKlass org/jetbrains/kotlin/gradle/dsl/ToolchainSupport
instanceKlass org/jetbrains/kotlin/gradle/dsl/KotlinJvmCompilerOptions
instanceKlass org/jetbrains/kotlin/gradle/dsl/KotlinCommonCompilerOptions
instanceKlass org/jetbrains/kotlin/gradle/dsl/KotlinCommonCompilerToolOptions
instanceKlass org/jetbrains/kotlin/gradle/plugin/mpp/AbstractKotlinTarget
instanceKlass org/jetbrains/kotlin/gradle/plugin/mpp/InternalKotlinTarget
instanceKlass org/jetbrains/kotlin/gradle/plugin/KotlinTarget
instanceKlass org/jetbrains/kotlin/tooling/core/HasMutableExtras
instanceKlass org/jetbrains/kotlin/tooling/core/HasExtras
instanceKlass org/jetbrains/kotlin/gradle/plugin/HasProject
instanceKlass org/jetbrains/kotlin/gradle/dsl/KotlinProjectExtensionKt
instanceKlass org/jetbrains/kotlin/compilerRunner/GradleCliCommonizerKt$maybeCreateCommonizerClasspathConfiguration$1$1
instanceKlass org/jetbrains/kotlin/gradle/plugin/KotlinTargetConfiguratorKt
instanceKlass org/jetbrains/kotlin/compilerRunner/GradleCliCommonizerKt
instanceKlass org/jetbrains/kotlin/gradle/report/BuildMetricsService$Companion
instanceKlass org/jetbrains/kotlin/gradle/report/BuildMetricsService
instanceKlass org/gradle/configuration/internal/DefaultListenerBuildOperationDecorator$BuildOperationEmittingInvocationHandler
instanceKlass org/apache/commons/lang/ClassUtils
instanceKlass  @bci org/gradle/execution/taskgraph/DefaultTaskExecutionGraph whenReady (Lorg/gradle/api/Action;)V 13 <appendix> member <vmtarget> ; # org/gradle/execution/taskgraph/DefaultTaskExecutionGraph$$Lambda+0x0000000101492268
instanceKlass org/jetbrains/kotlin/gradle/plugin/KotlinGradleBuildServices$detectKotlinPluginLoadedInMultipleProjects$onRegister$1$1
instanceKlass org/gradle/execution/plan/FinalizedExecutionPlan$1
instanceKlass org/gradle/execution/plan/FinalizedExecutionPlan
instanceKlass org/gradle/execution/taskgraph/DefaultTaskExecutionGraph
# instanceKlass java/lang/invoke/LambdaForm$MH+0x00000001014a5800
# instanceKlass java/lang/invoke/LambdaForm$MH+0x00000001014a5400
# instanceKlass java/lang/invoke/LambdaForm$MH+0x00000001014a5000
# instanceKlass java/lang/invoke/LambdaForm$MH+0x00000001014a4c00
# instanceKlass java/lang/invoke/LambdaForm$MH+0x00000001014a4800
# instanceKlass java/lang/invoke/LambdaForm$MH+0x00000001014a4400
# instanceKlass java/lang/invoke/LambdaForm$MH+0x00000001014a4000
# instanceKlass java/lang/invoke/LambdaForm$MH+0x000000010149dc00
instanceKlass org/gradle/api/internal/tasks/TaskExecutionContext
instanceKlass  @bci org/jetbrains/kotlin/gradle/plugin/KotlinGradleBuildServices$Inject $gradleInit ()V 1 <appendix> member <vmtarget> ; # org/jetbrains/kotlin/gradle/plugin/KotlinGradleBuildServices$Inject$$Lambda+0x00000001014a2be0
instanceKlass org/jetbrains/kotlin/gradle/plugin/KotlinGradleFinishBuildHandler$Companion
instanceKlass org/jetbrains/kotlin/gradle/plugin/KotlinGradleFinishBuildHandler
instanceKlass org/jetbrains/kotlin/gradle/plugin/KotlinPluginInMultipleProjectsHolder
instanceKlass  @bci org/jetbrains/kotlin/gradle/plugin/KotlinGradleBuildServices$Parameters$Inject $gradleInit ()V 1 <appendix> member <vmtarget> ; # org/jetbrains/kotlin/gradle/plugin/KotlinGradleBuildServices$Parameters$Inject$$Lambda+0x00000001014a2028
instanceKlass org/jetbrains/kotlin/gradle/plugin/KotlinGradleBuildServices$Parameters$Inject
instanceKlass  @bci org/jetbrains/kotlin/gradle/plugin/KotlinGradleBuildServices$Parameters_Decorated $gradleInit ()V 1 <appendix> member <vmtarget> ; # org/jetbrains/kotlin/gradle/plugin/KotlinGradleBuildServices$Parameters_Decorated$$Lambda+0x00000001014a1aa0
instanceKlass org/jetbrains/kotlin/gradle/plugin/KotlinGradleBuildServices$Parameters_Decorated
instanceKlass org/jetbrains/kotlin/gradle/plugin/KotlinGradleBuildServices$Parameters
instanceKlass org/jetbrains/kotlin/gradle/plugin/KotlinGradleBuildServices$Companion$registerIfAbsent$1
instanceKlass org/jetbrains/kotlin/gradle/plugin/KotlinGradleBuildServices$Companion
instanceKlass org/jetbrains/kotlin/gradle/plugin/KotlinGradleBuildServices
instanceKlass org/jetbrains/kotlin/gradle/utils/GradleConfigurationUtilsKt$addGradlePluginMetadataAttributes$1
instanceKlass org/jetbrains/kotlin/gradle/utils/GradleConfigurationUtilsKt
instanceKlass org/jetbrains/kotlin/gradle/plugin/DefaultKotlinBasePlugin$addKotlinCompilerConfiguration$3
instanceKlass org/jetbrains/kotlin/gradle/internal/tasks/TaskWithLocalState
instanceKlass org/jetbrains/kotlin/gradle/internal/CompilerArgumentAware
instanceKlass org/jetbrains/kotlin/gradle/plugin/KotlinCompilerArgumentsProducer
instanceKlass org/jetbrains/kotlin/gradle/tasks/KotlinCompileTool
instanceKlass org/jetbrains/kotlin/gradle/plugin/DefaultKotlinBasePlugin$addKotlinCompilerConfiguration$2
instanceKlass  @bci org/gradle/api/internal/artifacts/configurations/DefaultConfiguration defaultDependencies (Lorg/gradle/api/Action;)Lorg/gradle/api/artifacts/Configuration; 29 <appendix> member <vmtarget> ; # org/gradle/api/internal/artifacts/configurations/DefaultConfiguration$$Lambda+0x000000010138f0f8
instanceKlass org/jetbrains/kotlin/gradle/plugin/DefaultKotlinBasePlugin$addKotlinCompilerConfiguration$1
instanceKlass org/jetbrains/kotlin/gradle/utils/ConfigurationsKt
instanceKlass org/jetbrains/kotlin/gradle/plugin/DefaultKotlinBasePlugin$apply$2
instanceKlass org/gradle/internal/flow/services/DefaultFlowScopeRegistration
instanceKlass org/gradle/internal/flow/services/RegisteredFlowAction
instanceKlass  @bci org/gradle/internal/execution/model/annotations/ServiceReferencePropertyAnnotationHandler visitPropertyValue (Ljava/lang/String;Lorg/gradle/internal/properties/PropertyValue;Lorg/gradle/internal/properties/annotations/PropertyMetadata;Lorg/gradle/internal/properties/PropertyVisitor;)V 13 <appendix> member <vmtarget> ; # org/gradle/internal/execution/model/annotations/ServiceReferencePropertyAnnotationHandler$$Lambda+0x0000000101491360
instanceKlass org/gradle/internal/flow/services/FlowParametersInstantiator$validate$3
instanceKlass org/gradle/internal/flow/services/FlowParametersInstantiator$validate$2
instanceKlass org/jetbrains/kotlin/gradle/plugin/StatisticsBuildFlowManager$subscribeForBuildResult$1$1
instanceKlass  @bci org/gradle/internal/flow/services/DefaultFlowActionSpec_Decorated $gradleInit ()V 1 <appendix> member <vmtarget> ; # org/gradle/internal/flow/services/DefaultFlowActionSpec_Decorated$$Lambda+0x000000010138dbf0
instanceKlass org/gradle/internal/flow/services/DefaultFlowActionSpec
instanceKlass org/gradle/api/flow/FlowActionSpec
instanceKlass  @bci org/jetbrains/kotlin/gradle/plugin/BuildFinishFlowAction$Parameters_Decorated $gradleInit ()V 1 <appendix> member <vmtarget> ; # org/jetbrains/kotlin/gradle/plugin/BuildFinishFlowAction$Parameters_Decorated$$Lambda+0x000000010149e448
instanceKlass org/jetbrains/kotlin/gradle/plugin/BuildFinishFlowAction$Parameters_Decorated
instanceKlass org/jetbrains/kotlin/gradle/plugin/BuildFinishFlowAction$Parameters
instanceKlass org/gradle/api/flow/FlowParameters$None
instanceKlass org/jetbrains/kotlin/gradle/plugin/StatisticsBuildFlowManager$subscribeForBuildResult$1
instanceKlass org/jetbrains/kotlin/gradle/plugin/BuildFinishFlowAction
instanceKlass org/gradle/api/flow/FlowAction
instanceKlass  @bci org/jetbrains/kotlin/gradle/plugin/StatisticsBuildFlowManager_Decorated $gradleInit ()V 1 <appendix> member <vmtarget> ; # org/jetbrains/kotlin/gradle/plugin/StatisticsBuildFlowManager_Decorated$$Lambda+0x000000010149b6b0
instanceKlass org/jetbrains/kotlin/gradle/plugin/StatisticsBuildFlowManager$Companion
instanceKlass org/jetbrains/kotlin/gradle/plugin/StatisticsBuildFlowManager
instanceKlass org/jetbrains/kotlin/gradle/plugin/statistics/BuildFlowService$Companion$registerIfAbsent$2$2
instanceKlass org/jetbrains/kotlin/statistics/fileloggers/FileRecordLogger
instanceKlass org/jetbrains/kotlin/statistics/fileloggers/IRecordLogger
instanceKlass org/jetbrains/kotlin/statistics/BuildSession
# instanceKlass java/lang/invoke/LambdaForm$MH+0x000000010149d400
# instanceKlass java/lang/invoke/LambdaForm$MH+0x000000010149d000
# instanceKlass java/lang/invoke/LambdaForm$MH+0x000000010149cc00
# instanceKlass java/lang/invoke/LambdaForm$MH+0x000000010149c800
instanceKlass sun/reflect/misc/Trampoline
instanceKlass sun/reflect/misc/MethodUtil$1
instanceKlass org/jetbrains/kotlin/gradle/plugin/statistics/DaemonReuseCounter$Companion
instanceKlass org/jetbrains/kotlin/gradle/plugin/statistics/DaemonReuseCounter
instanceKlass org/jetbrains/kotlin/gradle/plugin/statistics/IDaemonReuseCounterMXBean
instanceKlass  @bci org/jetbrains/kotlin/gradle/plugin/statistics/BuildFlowService$Parameters_Decorated $gradleInit ()V 1 <appendix> member <vmtarget> ; # org/jetbrains/kotlin/gradle/plugin/statistics/BuildFlowService$Parameters_Decorated$$Lambda+0x0000000101499390
instanceKlass org/jetbrains/kotlin/gradle/plugin/statistics/BuildFlowService$Parameters_Decorated
instanceKlass org/jetbrains/kotlin/gradle/plugin/statistics/MetricContainer
instanceKlass org/jetbrains/kotlin/gradle/plugin/statistics/BuildFlowService$Parameters
instanceKlass org/jetbrains/kotlin/gradle/plugin/statistics/BuildFlowService$Companion$registerIfAbsent$2
instanceKlass org/jetbrains/kotlin/gradle/plugin/internal/DefaultProjectIsolationStartParameterAccessor
instanceKlass org/jetbrains/kotlin/gradle/plugin/internal/ProjectIsolationStartParameterAccessorKt
instanceKlass org/jetbrains/kotlin/gradle/report/ReportingSettings$Companion
instanceKlass org/jetbrains/kotlin/gradle/report/ReportingSettings
instanceKlass org/jetbrains/kotlin/gradle/report/BuildReportType$Companion
instanceKlass org/jetbrains/kotlin/gradle/report/BuildReportMode$Companion
instanceKlass org/jetbrains/kotlin/gradle/plugin/PropertiesProvider$PropertyNames
instanceKlass org/jetbrains/kotlin/gradle/plugin/PropertiesProvider$kotlinExperimentalTryK2$1
instanceKlass org/jetbrains/kotlin/gradle/plugin/PropertiesProvider$Companion
instanceKlass org/jetbrains/kotlin/gradle/plugin/PropertiesProvider
instanceKlass org/jetbrains/kotlin/build/report/metrics/GradleBuildPerformanceMetric$Companion
instanceKlass org/jetbrains/kotlin/build/report/metrics/BuildPerformanceMetric
instanceKlass org/jetbrains/kotlin/build/report/metrics/GradleBuildTime$Companion
instanceKlass org/jetbrains/kotlin/build/report/metrics/BuildTime
instanceKlass org/jetbrains/kotlin/gradle/report/ConfigureReporingKt
instanceKlass org/jetbrains/kotlin/gradle/plugin/internal/ConfigurationCacheStartParameterAccessorKt
instanceKlass org/jetbrains/kotlin/gradle/plugin/statistics/BuildFlowService$Companion
instanceKlass org/jetbrains/kotlin/gradle/plugin/statistics/BuildFlowService
instanceKlass org/jetbrains/kotlin/statistics/AnonymizerUtilsKt
instanceKlass org/jetbrains/kotlin/statistics/metrics/OverrideMetricContainer
instanceKlass org/jetbrains/kotlin/statistics/metrics/IMetricContainer
instanceKlass org/jetbrains/kotlin/statistics/fileloggers/MetricsContainer$MetricDescriptor
instanceKlass org/jetbrains/kotlin/statistics/metrics/IStatisticsValuesConsumer$DefaultImpls
instanceKlass  @bci org/gradle/internal/build/event/DefaultBuildEventsListenerRegistry$AbstractListener <init> (Lorg/gradle/internal/concurrent/ExecutorFactory;)V 43 <appendix> member <vmtarget> ; # org/gradle/internal/build/event/DefaultBuildEventsListenerRegistry$AbstractListener$$Lambda+0x0000000101490860
instanceKlass org/gradle/tooling/events/FinishEvent
instanceKlass org/gradle/tooling/events/ProgressEvent
instanceKlass org/gradle/tooling/events/task/TaskOperationDescriptor
instanceKlass org/gradle/tooling/events/OperationDescriptor
instanceKlass  @bci org/gradle/internal/build/event/DefaultBuildEventsListenerRegistry onTaskCompletion (Lorg/gradle/api/provider/Provider;)V 3 <appendix> member <vmtarget> ; # org/gradle/internal/build/event/DefaultBuildEventsListenerRegistry$$Lambda+0x000000010142fcc8
instanceKlass org/gradle/internal/build/event/DefaultBuildEventsListenerRegistry$AbstractListener
instanceKlass org/jetbrains/kotlin/gradle/plugin/statistics/KotlinBuildStatsService$Companion$getOrCreateInstance$1$1
instanceKlass  @bci org/jetbrains/kotlin/gradle/plugin/BuildEventsListenerRegistryHolder_Decorated $gradleInit ()V 1 <appendix> member <vmtarget> ; # org/jetbrains/kotlin/gradle/plugin/BuildEventsListenerRegistryHolder_Decorated$$Lambda+0x000000010148e370
instanceKlass org/jetbrains/kotlin/gradle/plugin/BuildEventsListenerRegistryHolder$Companion
instanceKlass org/jetbrains/kotlin/gradle/plugin/BuildEventsListenerRegistryHolder
instanceKlass org/jetbrains/kotlin/gradle/plugin/statistics/old/Pre232IdeaKotlinBuildStatsMXBean
instanceKlass org/jetbrains/kotlin/statistics/metrics/NumericalMetrics$Companion
instanceKlass org/jetbrains/kotlin/statistics/metrics/BooleanMetrics$Companion
instanceKlass org/jetbrains/kotlin/statistics/metrics/StringMetrics$Companion
instanceKlass org/jetbrains/kotlin/statistics/metrics/StringAnonymizationPolicy$AllowedListAnonymizer$Companion
instanceKlass org/jetbrains/kotlin/statistics/metrics/StringAnonymizationPolicy
instanceKlass org/jetbrains/kotlin/statistics/ValueAnonymizer
instanceKlass org/jetbrains/kotlin/statistics/metrics/IMetricContainerFactory
instanceKlass org/jetbrains/kotlin/statistics/fileloggers/MetricsContainer$Companion
instanceKlass org/jetbrains/kotlin/statistics/fileloggers/MetricsContainer
instanceKlass org/jetbrains/kotlin/statistics/BuildSessionLogger$Companion
instanceKlass org/jetbrains/kotlin/statistics/BuildSessionLogger
instanceKlass org/jetbrains/kotlin/gradle/plugin/GradleUtilsKt
instanceKlass org/jetbrains/kotlin/gradle/plugin/PropertiesManager$property$1$1
instanceKlass org/jetbrains/kotlin/gradle/plugin/PropertiesManager$property$1$valueFromGradleAndLocalProperties$1
instanceKlass org/jetbrains/kotlin/gradle/plugin/MemoizedCallable
instanceKlass org/jetbrains/kotlin/gradle/plugin/PropertiesManager$property$1
instanceKlass org/jetbrains/kotlin/gradle/plugin/PropertiesManager
instanceKlass org/jetbrains/kotlin/gradle/plugin/PropertiesBuildService$property$1
instanceKlass  @bci org/jetbrains/kotlin/gradle/plugin/PropertiesBuildService$Inject $gradleInit ()V 1 <appendix> member <vmtarget> ; # org/jetbrains/kotlin/gradle/plugin/PropertiesBuildService$Inject$$Lambda+0x0000000101482000
instanceKlass  @bci org/jetbrains/kotlin/gradle/plugin/PropertiesBuildService$Params$Inject $gradleInit ()V 1 <appendix> member <vmtarget> ; # org/jetbrains/kotlin/gradle/plugin/PropertiesBuildService$Params$Inject$$Lambda+0x00000001014878b0
instanceKlass org/jetbrains/kotlin/gradle/plugin/PropertiesBuildService$Params$Inject
instanceKlass org/gradle/internal/classpath/declarations/FileInputStreamInterceptorsDeclaration
instanceKlass  @bci org/jetbrains/kotlin/gradle/plugin/internal/CustomPropertiesFileValueSource$Inject $gradleInit ()V 1 <appendix> member <vmtarget> ; # org/jetbrains/kotlin/gradle/plugin/internal/CustomPropertiesFileValueSource$Inject$$Lambda+0x0000000101487338
instanceKlass  @bci org/jetbrains/kotlin/gradle/plugin/internal/CustomPropertiesFileValueSource$Parameters$Inject $gradleInit ()V 1 <appendix> member <vmtarget> ; # org/jetbrains/kotlin/gradle/plugin/internal/CustomPropertiesFileValueSource$Parameters$Inject$$Lambda+0x0000000101486d88
instanceKlass org/jetbrains/kotlin/gradle/plugin/internal/CustomPropertiesFileValueSource$Parameters$Inject
instanceKlass org/gradle/api/internal/provider/MapCollectors$EntriesFromMapProvider
instanceKlass  @bci org/jetbrains/kotlin/gradle/plugin/internal/CustomPropertiesFileValueSource$Parameters_Decorated $gradleInit ()V 1 <appendix> member <vmtarget> ; # org/jetbrains/kotlin/gradle/plugin/internal/CustomPropertiesFileValueSource$Parameters_Decorated$$Lambda+0x0000000101486810
instanceKlass org/jetbrains/kotlin/gradle/plugin/internal/CustomPropertiesFileValueSource$Parameters_Decorated
instanceKlass org/jetbrains/kotlin/gradle/plugin/internal/CustomPropertiesFileValueSource$Parameters
instanceKlass org/jetbrains/kotlin/gradle/utils/FileUtilsKt$localProperties$1
instanceKlass org/jetbrains/kotlin/gradle/plugin/internal/CustomPropertiesFileValueSource
instanceKlass org/jetbrains/kotlin/gradle/utils/FileUtilsKt
instanceKlass  @bci org/jetbrains/kotlin/gradle/plugin/PropertiesBuildService$Params_Decorated $gradleInit ()V 1 <appendix> member <vmtarget> ; # org/jetbrains/kotlin/gradle/plugin/PropertiesBuildService$Params_Decorated$$Lambda+0x00000001014858c8
instanceKlass org/jetbrains/kotlin/gradle/plugin/PropertiesBuildService$Params_Decorated
instanceKlass org/jetbrains/kotlin/gradle/plugin/PropertiesBuildService$Params
instanceKlass org/jetbrains/kotlin/gradle/utils/GradleUtilsKt
instanceKlass org/jetbrains/kotlin/gradle/plugin/PropertiesBuildService$Companion$registerIfAbsent$1
instanceKlass org/jetbrains/kotlin/gradle/plugin/PropertiesBuildService$Companion
instanceKlass org/jetbrains/kotlin/gradle/plugin/PropertiesBuildService
instanceKlass org/jetbrains/kotlin/gradle/plugin/statistics/AbstractKotlinBuildStatsService$Companion
instanceKlass org/jetbrains/kotlin/gradle/plugin/statistics/KotlinBuildStatsMXBean
instanceKlass jdk/management/jfr/FlightRecorderMXBeanImpl$MXBeanListener
instanceKlass jdk/jfr/FlightRecorderListener
instanceKlass jdk/jfr/FlightRecorder
instanceKlass jdk/jfr/Recording
instanceKlass javax/management/NotificationFilter
instanceKlass javax/management/NotificationListener
instanceKlass javax/management/StandardMBean$MBeanInfoSafeAction
instanceKlass jdk/jfr/internal/management/StreamManager
instanceKlass jdk/management/jfr/EventTypeInfo
instanceKlass jdk/management/jfr/ConfigurationInfo
instanceKlass jdk/management/jfr/RecordingInfo
instanceKlass sun/reflect/generics/tree/LongSignature
instanceKlass jdk/management/jfr/SettingDescriptorInfo$1
instanceKlass jdk/management/jfr/SettingDescriptorInfo
instanceKlass  @bci java/lang/management/DefaultPlatformMBeanProvider$10 nameToMBeanMap ()Ljava/util/Map; 36 <appendix> member <vmtarget> ; # java/lang/management/DefaultPlatformMBeanProvider$10$$Lambda+0x00000001013fdf70
instanceKlass sun/management/ManagementFactoryHelper$1
instanceKlass  @bci sun/management/ManagementFactoryHelper getBufferPoolMXBeans ()Ljava/util/List; 25 <appendix> argL0 ; # sun/management/ManagementFactoryHelper$$Lambda+0x00000001013fda80
instanceKlass java/lang/management/BufferPoolMXBean
instanceKlass sun/nio/ch/FileChannelImpl$3
instanceKlass sun/nio/ch/FileChannelImpl$2
instanceKlass jdk/internal/misc/VM$BufferPoolsHolder
instanceKlass com/sun/management/VMOption
instanceKlass com/sun/management/internal/HotSpotDiagnostic
instanceKlass com/sun/management/HotSpotDiagnosticMXBean
instanceKlass com/sun/management/GcInfo
instanceKlass javax/management/openmbean/CompositeDataView
instanceKlass  @bci jdk/jfr/internal/dcmd/DCmdCheck printHelp ()[Ljava/lang/String; 6 <appendix> argL0 ; # jdk/jfr/internal/dcmd/DCmdCheck$$Lambda+0x00000001013fbe48
instanceKlass  @bci jdk/jfr/internal/dcmd/DCmdDump printHelp ()[Ljava/lang/String; 27 <appendix> argL0 ; # jdk/jfr/internal/dcmd/DCmdDump$$Lambda+0x00000001013fbc10
instanceKlass  @bci jdk/jfr/internal/dcmd/DCmdStart printHelp ()[Ljava/lang/String; 26 <appendix> argL0 ; # jdk/jfr/internal/dcmd/DCmdStart$$Lambda+0x00000001013fb9d8
instanceKlass  @bci jdk/jfr/internal/jfc/model/JFCModel add (Ljdk/jfr/internal/jfc/model/ControlElement;)V 10 <appendix> argL0 ; # jdk/jfr/internal/jfc/model/JFCModel$$Lambda+0x00000001013fb780
instanceKlass  @bci jdk/jfr/internal/jfc/model/JFCModel <init> (Ljdk/jfr/internal/jfc/model/XmlConfiguration;)V 25 <appendix> argL0 ; # jdk/jfr/internal/jfc/model/JFCModel$$Lambda+0x00000001013fb538
instanceKlass jdk/jfr/internal/jfc/model/ControlElement
# instanceKlass java/lang/invoke/LambdaForm$DMH+0x0000000101481000
# instanceKlass java/lang/invoke/LambdaForm$DMH+0x0000000101480c00
instanceKlass jdk/jfr/internal/jfc/model/SettingsLog
instanceKlass jdk/jfr/internal/jfc/model/Utilities
instanceKlass jdk/jfr/internal/jfc/model/XmlElement
instanceKlass jdk/internal/util/xml/impl/Input
instanceKlass jdk/internal/org/xml/sax/InputSource
instanceKlass jdk/internal/org/xml/sax/helpers/DefaultHandler
instanceKlass jdk/internal/org/xml/sax/ErrorHandler
instanceKlass jdk/internal/org/xml/sax/ContentHandler
instanceKlass jdk/internal/org/xml/sax/DTDHandler
instanceKlass jdk/internal/org/xml/sax/EntityResolver
instanceKlass jdk/internal/util/xml/impl/Pair
instanceKlass jdk/internal/util/xml/impl/Attrs
instanceKlass jdk/internal/org/xml/sax/Attributes
instanceKlass jdk/internal/util/xml/impl/Parser
instanceKlass jdk/internal/org/xml/sax/Locator
instanceKlass jdk/internal/org/xml/sax/XMLReader
instanceKlass jdk/internal/util/xml/SAXParser
instanceKlass jdk/jfr/internal/jfc/model/Parser
instanceKlass  @bci jdk/jfr/internal/SecuritySupport newFileInputStream (Ljdk/jfr/internal/SecuritySupport$SafePath;)Ljava/io/InputStream; 1 <appendix> member <vmtarget> ; # jdk/jfr/internal/SecuritySupport$$Lambda+0x00000001013f54e8
instanceKlass  @bci jdk/jfr/internal/SecuritySupport getFileSize (Ljdk/jfr/internal/SecuritySupport$SafePath;)J 1 <appendix> member <vmtarget> ; # jdk/jfr/internal/SecuritySupport$$Lambda+0x00000001013f52a8
instanceKlass jdk/jfr/internal/jfc/JFC$KnownConfiguration
instanceKlass jdk/jfr/internal/jfc/model/JFCModel
instanceKlass  @bci jdk/jfr/internal/dcmd/DCmdStart jfcOptions ()Ljava/lang/String; 45 <appendix> argL0 ; # jdk/jfr/internal/dcmd/DCmdStart$$Lambda+0x00000001013f4c10
instanceKlass jdk/jfr/internal/jfc/JFC
instanceKlass  @bci jdk/jfr/internal/SecuritySupport isDirectory (Ljdk/jfr/internal/SecuritySupport$SafePath;)Z 1 <appendix> member <vmtarget> ; # jdk/jfr/internal/SecuritySupport$$Lambda+0x00000001013f47b0
instanceKlass java/nio/file/Files$1
instanceKlass sun/nio/fs/WindowsFileSystem$2
instanceKlass sun/nio/fs/Globs
instanceKlass jdk/jfr/internal/SecuritySupport$1
instanceKlass  @bci jdk/jfr/internal/SecuritySupport getPredefinedJFCFiles ()Ljava/util/List; 8 <appendix> argL0 ; # jdk/jfr/internal/SecuritySupport$$Lambda+0x00000001013f3a38
instanceKlass jdk/jfr/internal/consumer/FileAccess
instanceKlass jdk/jfr/internal/SecuritySupport$4
instanceKlass  @bci jdk/jfr/internal/SecuritySupport getPathInProperty (Ljava/lang/String;Ljava/lang/String;)Ljdk/jfr/internal/SecuritySupport$SafePath; 2 <appendix> member <vmtarget> ; # jdk/jfr/internal/SecuritySupport$$Lambda+0x00000001013f2c20
instanceKlass jdk/jfr/internal/SecuritySupport$SafePath
instanceKlass jdk/jfr/internal/SecuritySupport$CallableWithoutCheckException
instanceKlass jdk/jfr/internal/SecuritySupport
instanceKlass  @bci jdk/jfr/internal/dcmd/DCmdStop printHelp ()[Ljava/lang/String; 19 <appendix> argL0 ; # jdk/jfr/internal/dcmd/DCmdStop$$Lambda+0x00000001013f1ed0
